experiment,method,role,model,task_id,n_candidates,best_true,acc_range,spearman,regret@1,nregret@1,hit@1,ndcg@1,regret@3,nregret@3,hit@3,ndcg@3,regret@5,nregret@5,hit@5,ndcg@5,regret@10,nregret@10,hit@10,ndcg@10
meta_only,model,model,extra_trees,3,166.0,0.9978097622027535,0.9928035043804757,,0.010325762202753497,0.010400610148124857,0.0,0.9895993898518751,0.0012517622027534703,0.0012608358020800789,0.0,0.9819528662812484,0.0012517622027534703,0.0012608358020800789,0.0,0.9745685601441885,0.0012517622027534703,0.0012608358020800789,0.0,0.9764507727972785
meta_only,model,model,extra_trees,6,166.0,0.9809,0.94075,,0.10034999999999994,0.10667020993887849,0.0,0.8933297900611215,0.013050000000000006,0.013871910709540268,0.0,0.940981923149445,0.013050000000000006,0.013871910709540268,0.0,0.9471110602234079,0.013050000000000006,0.013871910709540268,0.0,0.8204286678453295
meta_only,model,model,extra_trees,11,174.0,1.0,0.5424,,0.16959999999999997,0.3126843657817109,0.0,0.6873156342182891,0.11199999999999999,0.20648967551622416,0.0,0.6825375578040418,0.0048000000000000265,0.008849557522123942,0.0,0.7266948979873172,0.0048000000000000265,0.008849557522123942,0.0,0.7523686018893252
meta_only,model,model,extra_trees,12,150.0,0.9840000000000001,0.8840000000000001,,0.03850000000000009,0.04355203619909512,0.0,0.9564479638009049,0.03850000000000009,0.04355203619909512,0.0,0.7148256174036478,0.006000000000000116,0.006787330316742212,0.0,0.7905969451255733,0.0015000000000000568,0.0016968325791855844,0.0,0.765580443866378
meta_only,model,model,extra_trees,14,135.0,0.8805,0.7805,,0.0824999999999999,0.10570147341447779,0.0,0.8942985265855222,0.0824999999999999,0.10570147341447779,0.0,0.8702558942775293,0.0040000000000000036,0.005124919923126206,0.0,0.9046148196130032,0.0040000000000000036,0.005124919923126206,0.0,0.806476944714801
meta_only,model,model,extra_trees,15,143.0,0.9756795422031473,0.32045779685264664,,0.0028615422031473825,0.008929544642857234,0.0,0.9910704553571428,0.0028615422031473825,0.008929544642857234,0.0,0.9842374283441306,0.0014305422031473114,0.004464058035714155,0.0,0.8719500731106116,0.0014305422031473114,0.004464058035714155,0.0,0.9100124909212269
meta_only,model,model,extra_trees,16,125.0,0.9854999999999999,0.8855,,0.0774999999999999,0.08752117447769611,0.0,0.9124788255223039,0.015499999999999958,0.0175042348955392,0.0,0.900206669257569,0.0009999999999998899,0.0011293054771314398,0.0,0.9250368513188995,0.0009999999999998899,0.0011293054771314398,0.0,0.8649773346098842
meta_only,model,model,extra_trees,18,138.0,0.772,0.673,,0.07900000000000007,0.11738484398216949,0.0,0.8826151560178305,0.07900000000000007,0.11738484398216949,0.0,0.7500210357236998,0.05400000000000005,0.08023774145616648,0.0,0.7972934980841755,0.019500000000000073,0.028974739970282423,0.0,0.7935827453040356
meta_only,model,model,extra_trees,22,120.0,0.907,0.8460000000000001,,0.17300000000000004,0.20449172576832153,0.0,0.7955082742316785,0.17300000000000004,0.20449172576832153,0.0,0.6060824780231208,0.09450000000000003,0.11170212765957449,0.0,0.6858796228912888,0.03249999999999997,0.03841607565011817,0.0,0.6604646567711312
meta_only,model,model,extra_trees,23,166.0,0.5743380855397149,0.2016293279022403,,0.07060408553971487,0.3501677373737374,0.0,0.6498322626262626,0.02036708553971489,0.10101251515151527,0.0,0.6831376847547445,0.003394085539714875,0.01683329292929297,0.0,0.7695890494238237,0.003394085539714875,0.01683329292929297,0.0,0.7572717600423081
meta_only,model,model,extra_trees,28,118.0,0.9937722419928825,0.9017793594306049,,0.02775824199288246,0.030781633780583944,0.0,0.969218366219416,0.02775824199288246,0.030781633780583944,0.0,0.9166825766191734,0.00035624199288253333,0.0003950434096290129,0.0,0.9376288295315679,0.00035624199288253333,0.0003950434096290129,0.0,0.9157592116402306
meta_only,model,model,extra_trees,29,129.0,0.8884057971014492,0.33043478260869563,,0.057970797101449145,0.17543793859649084,0.0,0.8245620614035092,0.021738797101449214,0.06578846491228052,0.0,0.8731807380964751,0.021738797101449214,0.06578846491228052,0.0,0.7622405446758174,0.010144797101449221,0.030701359649122646,0.0,0.8252885422540672
meta_only,model,model,extra_trees,31,266.0,0.784,0.5070000000000001,,0.03300000000000003,0.06508875739644975,0.0,0.9349112426035502,0.03300000000000003,0.06508875739644975,0.0,0.8782006907095385,0.008000000000000007,0.015779092702169636,0.0,0.901339451321619,0.0,0.0,1.0,0.9160311877797875
meta_only,model,model,extra_trees,32,160.0,0.9969978165938865,0.8938318777292578,,0.034388816593886484,0.03847347297709926,0.0,0.9615265270229006,0.005549816593886536,0.006209016183206188,0.0,0.9786954063421123,0.0018198165938865252,0.002035971908397016,0.0,0.9831687632663267,0.0003639010189228076,0.00040712468193379136,0.0,0.7928054525810184
meta_only,model,model,extra_trees,37,188.0,0.7877604166666667,0.2539062500000001,,0.036458416666666715,0.14359007179487193,0.0,0.8564099282051281,0.036458416666666715,0.14359007179487193,0.0,0.7175572616988742,0.006510416666666741,0.02564102564102592,0.0,0.7908652546248203,0.006510416666666741,0.02564102564102592,0.0,0.8062947981439226
meta_only,model,model,extra_trees,43,122.0,0.9626168224299065,0.37774396870245597,,0.014127822429906511,0.03740052416570763,0.0,0.9625994758342924,0.014127822429906511,0.03740052416570763,0.0,0.8775126533924817,0.008693822429906573,0.023015119102416652,0.0,0.9052024233521505,0.008693822429906573,0.023015119102416652,0.0,0.8569199523000395
meta_only,model,model,extra_trees,45,110.0,0.9705329153605016,0.5467089153605016,,0.03855791536050157,0.07052732135358787,0.0,0.9294726786464121,0.03855791536050157,0.07052732135358787,0.0,0.9184607852999492,0.03855791536050157,0.07052732135358787,0.0,0.8997977864573247,0.00031391536050151547,0.0005741910396586796,0.0,0.8230796554497479
meta_only,model,model,extra_trees,49,133.0,1.0,0.3465553235908142,,0.06367400000000001,0.18373401204819279,0.0,0.8162659879518072,0.06367400000000001,0.18373401204819279,0.0,0.7325519429508452,0.0,0.0,1.0,0.6924965888973613,0.0,0.0,1.0,0.7477449452252153
meta_only,model,model,extra_trees,53,136.0,0.8699763593380615,0.6382978723404256,,0.11820335933806148,0.18518526296296298,0.0,0.814814737037037,0.11820335933806148,0.18518526296296298,0.0,0.6194473276523385,0.06382935933806155,0.09999932962962976,0.0,0.6728864606433858,0.007092359338061516,0.01111136296296304,0.0,0.708914636721526
meta_only,model,model,extra_trees,219,107.0,0.9501015183615819,0.5730045183615818,,0.058130518361581895,0.10144862125659525,0.0,0.8985513787434047,0.030565518361581834,0.05334254335197779,0.0,0.9071146231871993,0.030565518361581834,0.05334254335197779,0.0,0.8855471101853496,0.030565518361581834,0.05334254335197779,0.0,0.7922704445699372
meta_only,model,model,extra_trees,2074,118.0,0.9283048211508553,0.8311041990668739,,0.025816821150855374,0.031063278443113785,0.0,0.9689367215568863,0.025816821150855374,0.031063278443113785,0.0,0.9519550188379882,0.022394821150855337,0.026945864520958054,0.0,0.9575848721584638,0.0015548211508553678,0.0018707896706586856,0.0,0.8479137689877125
meta_only,model,model,extra_trees,2079,151.0,0.6997282608695652,0.4089672608695652,,0.06250026086956517,0.15282460688093763,0.0,0.8471753931190623,0.06250026086956517,0.15282460688093763,0.0,0.8287892145059446,0.013587260869565188,0.03322334614432295,0.0,0.7301914973684741,0.005434782608695676,0.013289040783215725,0.0,0.664526483769454
meta_only,model,model,extra_trees,3021,235.0,0.9928419936373277,0.5824499936373277,,0.024389993637327745,0.04187482857543747,0.0,0.9581251714245625,0.020943993637327685,0.03595844083804525,0.0,0.9570282627289491,0.020943993637327685,0.03595844083804525,0.0,0.9496560555307816,0.0,0.0,1.0,0.8993805783905876
meta_only,model,model,extra_trees,3022,112.0,0.997979797979798,0.997979797979798,,0.07272679797979797,0.07287401821862348,0.0,0.9271259817813765,0.07272679797979797,0.07287401821862348,0.0,0.88902344084439,0.001009797979797944,0.001011842105263122,0.0,0.9167273001236577,0.001009797979797944,0.001011842105263122,0.0,0.8289325612316208
meta_only,model,model,extra_trees,3481,83.0,0.9779402334231115,0.939463896370399,,0.07207923342311151,0.07672379290102395,0.0,0.9232762070989761,0.01795523342311156,0.019112212286689533,0.0,0.9074754627979725,0.0017952334231114975,0.0019109126279863952,0.0,0.9256670195770377,0.0010260356547390215,0.0010921501706484846,0.0,0.7954478509738152
meta_only,model,model,extra_trees,3549,116.0,0.998811,0.6623068382877526,,0.01902499999999996,0.028725356436277896,0.0,0.9712746435637223,0.01902499999999996,0.028725356436277896,0.0,0.7364356026460063,0.01902499999999996,0.028725356436277896,0.0,0.799430150888452,6.06420926807516e-08,9.156193047550027e-08,0.0,0.721480181449017
meta_only,model,model,extra_trees,3560,100.0,0.26348808030112925,0.0941028858218319,,0.07277308030112925,0.7733352666666665,0.0,0.22666473333333345,0.05897108030112924,0.6266660133333332,0.0,0.3085746543074776,0.01505608030112926,0.15999594666666686,0.0,0.44801174392239945,0.01505608030112926,0.15999594666666686,0.0,0.46192169382884773
meta_only,model,model,extra_trees,3573,57.0,0.9910428571428571,0.8885714285714286,,0.11572885714285708,0.1302414790996784,0.0,0.8697585209003216,0.008942857142857141,0.010064308681672024,0.0,0.9356457877181402,0.008942857142857141,0.010064308681672024,0.0,0.9500247749522389,0.008942857142857141,0.010064308681672024,0.0,0.9535877082084384
meta_only,model,model,extra_trees,3902,89.0,0.929355281207133,0.17558299039780512,,0.024005281207132967,0.13671757812499954,0.0,0.8632824218750005,0.024005281207132967,0.13671757812499954,0.0,0.8216153311000989,0.012345281207132963,0.07031023437499949,0.0,0.8590811822703586,0.012345281207132963,0.07031023437499949,0.0,0.858010659896465
meta_only,model,model,extra_trees,3903,86.0,0.909149072296865,0.6513115802943059,,0.004478072296865032,0.006875468565815368,0.0,0.9931245314341844,0.002559072296865028,0.003929106090373319,0.0,0.9767291067525563,0.0019190722968650542,0.0029464734774067576,0.0,0.9830144768778086,0.0019190722968650542,0.0029464734774067576,0.0,0.9858501611178265
meta_only,model,model,extra_trees,3904,81.0,0.824345429490124,0.26311437758383094,,9.142949012397317e-05,0.0003474895251394721,0.0,0.9996525104748605,9.142949012397317e-05,0.0003474895251394721,0.0,0.8368046621595402,9.142949012397317e-05,0.0003474895251394721,0.0,0.8637388076306138,9.142949012397317e-05,0.0003474895251394721,0.0,0.9024730766592929
meta_only,model,model,extra_trees,3913,143.0,0.8697318007662835,0.31417624521072796,,0.053639800766283496,0.17073156097560968,0.0,0.8292684390243903,0.053639800766283496,0.17073156097560968,0.0,0.8021157764577129,0.021072800766283484,0.06707318292682914,0.0,0.8442114844469022,0.021072796934865856,0.06707317073170718,0.0,0.8204706602252873
meta_only,model,model,extra_trees,3917,93.0,0.8734,0.2925559999999999,,0.023233999999999977,0.0794172739578063,0.0,0.9205827260421937,0.023233999999999977,0.0794172739578063,0.0,0.8857799135385792,0.0,0.0,1.0,0.9197315834963478,0.0,0.0,1.0,0.8570839228328624
meta_only,model,model,extra_trees,3918,100.0,0.9413886384129847,0.1956717763751128,,0.010820638412984751,0.055299944700461214,0.0,0.9447000552995388,0.006311638412984655,0.0322562534562211,0.0,0.9251840145539715,0.004508638412984656,0.023041843317972262,0.0,0.9377248150854055,0.0009017132551849549,0.004608294930876104,0.0,0.9425795760176594
meta_only,model,model,extra_trees,7592,84.0,0.8755988698251506,0.12069530322263633,,0.019777869825150507,0.1638661099236642,0.0,0.8361338900763358,0.0016988698251505507,0.014075691263783401,0.0,0.9067191271863279,0.0016988698251505507,0.014075691263783401,0.0,0.6710065778046764,0.0,0.0,1.0,0.6785275227754293
meta_only,model,model,extra_trees,9910,29.0,0.8160490535857104,0.23220474540122626,,0.08157824580111961,0.3513203214695749,0.0,0.6486796785304251,0.0021327645961076724,0.009184845005740393,0.0,0.7581487933958596,0.0021327645961076724,0.009184845005740393,0.0,0.7797340787087704,0.0021327645961076724,0.009184845005740393,0.0,0.8432690193390022
meta_only,model,model,extra_trees,9946,123.0,0.9841827768014059,0.5869947275922671,,0.026361776801405834,0.04490973353293389,0.0,0.955090266467066,0.026361776801405834,0.04490973353293389,0.0,0.8106246994894876,0.0035147768014058833,0.005987748502993855,0.0,0.8563148359200695,0.0035147768014058833,0.005987748502993855,0.0,0.8727287624466795
meta_only,model,model,extra_trees,9952,120.0,0.9224648408586232,0.21595114729829745,,0.021465840858623242,0.09940137446443878,0.0,0.9005986255355612,0.021465840858623242,0.09940137446443878,0.0,0.8098284051116404,0.010177840858623277,0.04713029305912615,0.0,0.8507838468981779,0.010177840858623277,0.04713029305912615,0.0,0.7598886516041103
meta_only,model,model,extra_trees,9957,125.0,0.8938388625592417,0.27203791469194316,,0.03696686255924175,0.13588864111498272,0.0,0.8641113588850172,0.03696686255924175,0.13588864111498272,0.0,0.8002971415260159,0.02274886255924169,0.08362386759581875,0.0,0.8328681617255896,0.005686862559241668,0.020904668989546894,0.0,0.8440768870982048
meta_only,model,model,extra_trees,9960,106.0,0.998533724340176,0.5943914956011731,,0.005131724340175947,0.008633576318223856,0.0,0.991366423681776,0.004215724340175919,0.007092504471168613,0.0,0.958244900794439,0.0005497243401759722,0.0009248522972556595,0.0,0.9487235678109265,0.0005497243401759722,0.0009248522972556595,0.0,0.8714572765975075
meta_only,model,model,extra_trees,9964,105.0,0.9667294413057125,0.8750784682988073,,0.07156344130571246,0.08177945624103296,0.0,0.918220543758967,0.02887644130571243,0.03299868794835,0.0,0.8814174713660546,0.02887644130571243,0.03299868794835,0.0,0.8918684942496408,0.0037664783427495685,0.004304160688665755,0.0,0.7945257270745697
meta_only,model,model,extra_trees,9971,100.0,0.7427101200686106,0.1783881200686106,,0.03945112006861062,0.2211532923461336,0.0,0.7788467076538664,0.02401412006861059,0.13461726071990904,0.0,0.770000827985359,0.018868120068610605,0.10577004825968041,0.0,0.8094236206541849,0.0034305317324184736,0.019230718565221957,0.0,0.8463949871532682
meta_only,model,model,extra_trees,9976,89.0,0.8746153846153847,0.3746153846153847,,0.2523073846153847,0.6735104722792609,0.0,0.3264895277207391,0.1123073846153847,0.2997938398357291,0.0,0.36061995159265037,3.84615384652065e-07,1.0266940452724525e-06,0.0,0.4528886672343625,3.84615384652065e-07,1.0266940452724525e-06,0.0,0.5189263319069357
meta_only,model,model,extra_trees,9977,95.0,0.9760916872189178,0.2161613230813869,,0.028811687218917803,0.13328789261744994,0.0,0.86671210738255,0.0068476872189178195,0.03167859597315472,0.0,0.9191650166695422,0.006121687218917815,0.02831999328859094,0.0,0.9329264625435505,0.0012766574786015061,0.005906040268456498,0.0,0.8712056531357584
meta_only,model,model,extra_trees,9978,98.0,0.9490923441199685,0.2711128650355169,,0.007498344119968414,0.027657647743813633,0.0,0.9723423522561864,0.007498344119968414,0.027657647743813633,0.0,0.9229957379030587,0.0011843441199684834,0.004368454148471816,0.0,0.9387384642527101,0.0011843441199684834,0.004368454148471816,0.0,0.9484003338232295
meta_only,model,model,extra_trees,9981,309.0,0.9657407407407408,0.8546296296296296,,0.06018474074074076,0.07042201516793069,0.0,0.9295779848320693,0.06018474074074076,0.07042201516793069,0.0,0.8546263514526375,0.03611074074074083,0.042253087757313214,0.0,0.8768893854082009,0.005555740740740833,0.006500758396533152,0.0,0.8461126866137477
meta_only,model,model,extra_trees,9985,111.0,0.6389342922523701,0.4658385093167702,,0.03661329225237009,0.07859653403508779,0.0,0.9214034659649122,0.03661329225237009,0.07859653403508779,0.0,0.8557775128442495,0.005394292252370092,0.011579747368421132,0.0,0.8923604893417274,0.005394292252370092,0.011579747368421132,0.0,0.8520272790434592
meta_only,model,model,extra_trees,10093,155.0,1.0,0.555393586005831,,0.00656000000000001,0.011811443569553822,0.0,0.988188556430446,0.0,0.0,1.0,0.9870747323580193,0.0,0.0,1.0,0.9903141305927948,0.0,0.0,1.0,0.9221678594959406
meta_only,model,model,extra_trees,10101,452.0,0.8074866310160428,0.5695187165775402,,0.06684463101604277,0.11737038497652579,0.0,0.882629615023474,0.03609663101604277,0.06338093896713612,0.0,0.8878562023881493,0.029411631016042827,0.05164295774647895,0.0,0.9011053640054554,0.006684631016042775,0.011737333333333322,0.0,0.9208339464269352
meta_only,model,model,extra_trees,14952,56.0,0.9758480325644504,0.3907734056987787,,0.010583446404341834,0.027083333333333105,0.0,0.9729166666666669,0.001266395296245948,0.0032407407407404995,0.0,0.9598226320570559,0.0009950248756217528,0.0025462962962959444,0.0,0.9705830301049986,0.0006331976481228629,0.0016203703703699657,0.0,0.9598990599709151
meta_only,model,model,extra_trees,14954,47.0,0.8592592592592593,0.24814814814814812,,0.10555555555555562,0.42537313432835855,0.0,0.5746268656716415,0.012962962962962954,0.052238805970149224,0.0,0.6646107118116124,0.012962962962962954,0.052238805970149224,0.0,0.7048963044622243,0.011111111111111183,0.04477611940298537,0.0,0.7268086180717933
meta_only,model,model,extra_trees,14965,81.0,0.9099776603039084,0.06881068766450638,,0.035898660303908314,0.5217018100289296,0.0,0.47829818997107043,0.006657660303908353,0.09675328833172638,0.0,0.7094127469557995,0.0025436603039084016,0.0369660642880112,0.0,0.7381471670382077,0.0019021919444383029,0.027643844423015162,0.0,0.8098460904169246
meta_only,model,model,extra_trees,14969,100.0,0.7347310847766636,0.5223336371923427,,0.13025408477666356,0.24936951308900512,0.0,0.7506304869109949,0.13025408477666356,0.24936951308900512,0.0,0.6488608135916125,0.022587084776663602,0.04324263874345545,0.0,0.7443328511689348,0.022587084776663602,0.04324263874345545,0.0,0.6968119883367213
meta_only,model,model,extra_trees,14970,77.0,0.9957277405573356,0.8458102728420234,,0.06282174055733558,0.07427403352083564,0.0,0.9257259664791645,0.0024277405573356337,0.0028703133968545165,0.0,0.9465888168674772,0.0024277405573356337,0.0028703133968545165,0.0,0.8623319558347319,0.0,0.0,1.0,0.8337494947764695
meta_only,model,model,extra_trees,125920,83.0,0.6579999999999999,0.15599999999999992,,0.05999999999999994,0.38461538461538447,0.0,0.6153846153846155,0.02399999999999991,0.15384615384615336,0.0,0.594358207921941,0.02399999999999991,0.15384615384615336,0.0,0.661367108459211,0.0,0.0,1.0,0.7658131992086638
meta_only,model,model,extra_trees,125922,99.0,0.9994545454545455,0.9256363636363637,,0.03181854545454543,0.03437477902180316,0.0,0.9656252209781968,0.03181854545454543,0.03437477902180316,0.0,0.9529421568984568,0.0005455454545454375,0.0005893734040463379,0.0,0.9650554245110496,0.0001818181818182829,0.00019642506383825496,0.0,0.8567790243628665
meta_only,model,model,extra_trees,146195,71.0,0.8688070814275354,0.26003226904687904,,0.00171706854952125,0.006603290260147267,0.0,0.9933967097398527,0.00171706854952125,0.006603290260147267,0.0,0.9371660883703187,0.00171706854952125,0.006603290260147267,0.0,0.9020415141028723,0.00171706854952125,0.006603290260147267,0.0,0.8192892832899306
meta_only,model,model,extra_trees,146800,51.0,1.0,0.8611111111111112,,0.1425925925925925,0.16559139784946225,0.0,0.8344086021505376,0.00462962962962965,0.005376344086021529,0.0,0.8769589598049363,0.0009259259259259967,0.001075268817204383,0.0,0.9111772004452089,0.0009259259259259967,0.001075268817204383,0.0,0.8882416798738413
meta_only,model,model,extra_trees,146817,74.0,0.8181349819680577,0.5574446161772282,,0.09788768675940229,0.1756007393715341,0.0,0.8243992606284659,0.0025759917568263235,0.0046210720887244865,0.0,0.7673218908045564,0.0025759917568263235,0.0046210720887244865,0.0,0.8102493595446277,0.0025759917568263235,0.0046210720887244865,0.0,0.8367977957333455
meta_only,model,model,extra_trees,146819,71.0,0.9666666666666667,0.20185185185185184,,0.062962962962963,0.31192660550458734,0.0,0.6880733944954126,0.0185185185185186,0.09174311926605545,0.0,0.7794438502230702,0.005555555555555536,0.027522935779816418,0.0,0.8359902649173778,0.0,0.0,1.0,0.8758187270752963
meta_only,model,model,extra_trees,146820,61.0,0.9894606323620583,0.32300061996280216,,0.009919404835709855,0.030710172744721688,0.0,0.9692898272552783,0.0035131225459805737,0.010876519513755598,0.0,0.9512054119881866,0.0008266170696423769,0.002559181062059797,0.0,0.9642102121438492,0.0008266170696423769,0.002559181062059797,0.0,0.9690078992800797
meta_only,model,model,extra_trees,146821,61.0,1.0,0.3032407407407408,,0.01620370370370372,0.053435114503816834,0.0,0.9465648854961831,0.0,0.0,1.0,0.9749240375407686,0.0,0.0,1.0,0.973235487418349,0.0,0.0,1.0,0.8402510272559285
meta_only,model,model,extra_trees,146822,77.0,0.9467532467532468,0.8038961038961039,,0.023809523809523836,0.029617662897145968,0.0,0.970382337102854,0.0060606060606061,0.007539041464728105,0.0,0.9524860770870753,0.0060606060606061,0.007539041464728105,0.0,0.9595543156515884,0.0034632034632035014,0.004308023694130365,0.0,0.9195335131212931
meta_only,model,model,extra_trees,146824,57.0,0.9834999999999999,0.8839999999999999,,0.118,0.1334841628959276,0.0,0.8665158371040724,0.0044999999999998375,0.005090497737556378,0.0,0.9248866920692206,0.0004999999999999449,0.0005656108597284446,0.0,0.94563122477428,0.0004999999999999449,0.0005656108597284446,0.0,0.9083634445023658
meta_only,model,model,extra_trees,146825,38.0,0.9148142857142857,0.8156857142857142,,0.03035714285714286,0.03721671512137028,0.0,0.9627832848786297,0.01967142857142845,0.024116431398647793,0.0,0.9415233931444953,0.01967142857142845,0.024116431398647793,0.0,0.9518194499615674,0.01967142857142845,0.024116431398647793,0.0,0.8484061351661446
meta_only,model,model,extra_trees,167119,55.0,0.8780204823847029,0.2892077020906312,,0.08779758584528874,0.3035796944915905,0.0,0.6964203055084095,0.045895713871349164,0.15869464588798013,0.0,0.6223081854861852,0.016287735112340718,0.05631846937201039,0.0,0.7171685421151799,0.0,0.0,1.0,0.7069927934846715
meta_only,model,model,extra_trees,167120,39.0,0.5226640365448505,0.02209302325581397,,0.020359219269103,0.9215225563909772,0.0,0.07847744360902274,0.0004983388704319358,0.0225563909774455,0.0,0.5312181617551585,0.0004983388704319358,0.0225563909774455,0.0,0.6311290548732762,1.0382059800750909e-05,0.00046992481203398816,0.0,0.6655672501578312
meta_only,model,model,extra_trees,167121,10.0,0.9450978260869566,0.9223260869565219,,0.3443260869565218,0.373323591109435,0.0,0.626676408890565,0.0,0.0,1.0,0.8264178817878932,0.0,0.0,1.0,0.7474536150566936,0.0,0.0,1.0,0.8838156333576629
meta_only,model,model,extra_trees,167124,10.0,0.58735,0.43163333333333337,,0.12495,0.2894818132674338,0.0,0.7105181867325663,0.12495,0.2894818132674338,0.0,0.6663462515867571,0.12495,0.2894818132674338,0.0,0.5983309406100381,0.0,0.0,1.0,0.8355555959716763
meta_only,model,model,extra_trees,167125,11.0,0.9789569990850869,0.20890515401036902,,0.07319304666056725,0.35036496350364965,0.0,0.6496350364963503,0.0,0.0,1.0,0.5472020127990734,0.0,0.0,1.0,0.6585886731675221,0.0,0.0,1.0,0.7785442533259538
meta_only,model,model,extra_trees,167140,46.0,0.9686126804770872,0.4494664155681104,,0.017263025737601856,0.03840782122904995,0.0,0.96159217877095,0.004394224733207719,0.009776536312849018,0.0,0.9797986984660625,0.0034526051475202157,0.007681564245809644,0.0,0.9837330092088038,0.0034526051475202157,0.007681564245809644,0.0,0.9302525064091207
meta_only,model,model,extra_trees,167141,69.0,0.9616,0.6604,,0.00660000000000005,0.009993943064809283,0.0,0.9900060569351907,0.00660000000000005,0.009993943064809283,0.0,0.973012612447934,0.006000000000000005,0.009085402786190196,0.0,0.9751843905110172,0.005199999999999982,0.00787401574803147,0.0,0.9636151120948583
meta_only,global_default,baseline,,3,166.0,0.9978097622027535,0.9928035043804757,0.5155216951444666,0.00031289111389243285,0.00031515915537353145,0.0,0.9996848408446265,0.00031289111389243285,0.00031515915537353145,0.0,0.9991090346260575,0.00031289111389243285,0.00031515915537353145,0.0,0.997848632172693,0.0,0.0,0.0,0.9948171900644573
meta_only,global_default,baseline,,6,166.0,0.9809,0.94075,0.6822652310564401,0.09945000000000004,0.10571352644166893,0.0,0.8942864735583311,0.04664999999999997,0.049588094605368026,0.0,0.9216329809838418,0.0059499999999999,0.0063247408982194,0.0,0.9388930378488888,0.0059499999999999,0.0063247408982194,0.0,0.9187238491866689
meta_only,global_default,baseline,,11,174.0,1.0,0.5424,0.5226695823238288,0.016000000000000014,0.02949852507374634,0.0,0.9705014749262537,0.0048000000000000265,0.008849557522123942,0.0,0.9163980790406228,0.0048000000000000265,0.008849557522123942,0.0,0.9104194647990357,0.0016000000000000458,0.002949852507374716,0.0,0.8561512810814319
meta_only,global_default,baseline,,12,150.0,0.9840000000000001,0.8840000000000001,0.7653290052034543,0.006000000000000116,0.006787330316742212,0.0,0.9932126696832578,0.006000000000000116,0.006787330316742212,0.0,0.9833900793568073,0.0015000000000000568,0.0016968325791855844,0.0,0.9824740397170068,0.0015000000000000568,0.0016968325791855844,0.0,0.980164628732919
meta_only,global_default,baseline,,14,135.0,0.8805,0.7805,0.81014214497256,0.0040000000000000036,0.005124919923126206,0.0,0.9948750800768738,0.0040000000000000036,0.005124919923126206,0.0,0.9609573156451614,0.0040000000000000036,0.005124919923126206,0.0,0.9625094736965533,0.0040000000000000036,0.005124919923126206,0.0,0.9677709816090156
meta_only,global_default,baseline,,15,143.0,0.9756795422031473,0.32045779685264664,0.6273791193172313,0.0014306151645206988,0.0044642857142855735,0.0,0.9955357142857144,0.0,0.0,0.0,0.9912960344604818,0.0,0.0,0.0,0.9852436798953549,0.0,0.0,0.0,0.9870109653139091
meta_only,global_default,baseline,,16,125.0,0.9854999999999999,0.8855,0.7013636298103848,0.0009999999999998899,0.0011293054771314398,0.0,0.9988706945228686,0.0009999999999998899,0.0011293054771314398,0.0,0.9950263420839521,0.0009999999999998899,0.0011293054771314398,0.0,0.9947222080742792,0.0009999999999998899,0.0011293054771314398,0.0,0.9871664635158505
meta_only,global_default,baseline,,18,138.0,0.772,0.673,0.8005045562739772,0.020500000000000074,0.030460624071322544,0.0,0.9695393759286774,0.013000000000000012,0.01931649331352156,0.0,0.9657762199617848,0.013000000000000012,0.01931649331352156,0.0,0.9665084988749129,0.0024999999999999467,0.0037147102526002176,0.0,0.9762331893356595
meta_only,global_default,baseline,,22,120.0,0.907,0.8460000000000001,0.6869805790725435,0.03249999999999997,0.03841607565011817,0.0,0.9615839243498818,0.03249999999999997,0.03841607565011817,0.0,0.8931618846788704,0.03249999999999997,0.03841607565011817,0.0,0.8723520542633301,0.007000000000000006,0.008274231678487004,0.0,0.9070066759984297
meta_only,global_default,baseline,,23,166.0,0.5743380855397149,0.2016293279022403,0.7451711389983757,0.0054310855397148305,0.026935989898989716,0.0,0.9730640101010103,0.0054310855397148305,0.026935989898989716,0.0,0.9534000036658556,0.00407308553971486,0.02020085858585855,0.0,0.9643577935633152,0.00407308553971486,0.02020085858585855,0.0,0.9258347918552383
meta_only,global_default,baseline,,28,118.0,0.9937722419928825,0.9017793594306049,0.9038410864447277,0.00035624199288253333,0.0003950434096290129,0.0,0.999604956590371,0.00035624199288253333,0.0003950434096290129,0.0,0.9897568884451231,0.00017793594306036997,0.00019731649565889487,0.0,0.9917213145642119,0.00017793594306036997,0.00019731649565889487,0.0,0.9938907161217486
meta_only,global_default,baseline,,29,129.0,0.8884057971014492,0.33043478260869563,0.4944568592470985,0.005796797101449203,0.01754293859649101,0.0,0.982457061403509,0.005796797101449203,0.01754293859649101,0.0,0.9495291133738749,0.0,0.0,1.0,0.9650900966972688,0.0,0.0,1.0,0.9711012118787421
meta_only,global_default,baseline,,31,266.0,0.784,0.5070000000000001,0.39851360479473696,0.016000000000000014,0.03155818540433927,0.0,0.9684418145956606,0.016000000000000014,0.03155818540433927,0.0,0.9257857576961885,0.014000000000000012,0.027613412228796864,0.0,0.9144890311646282,0.007000000000000006,0.013806706114398432,0.0,0.9364556901525313
meta_only,global_default,baseline,,32,160.0,0.9969978165938865,0.8938318777292578,0.7665276661165076,0.006004366812227047,0.006717557251908365,0.0,0.9932824427480915,0.0009098165938865588,0.001017883358778733,0.0,0.9943848671198063,0.00045487627365370376,0.0005089058524174566,0.0,0.9952888375692287,0.00018195050946157032,0.000203562340967082,0.0,0.9942274033199042
meta_only,global_default,baseline,,37,188.0,0.7877604166666667,0.2539062500000001,0.5533553693283235,0.010416416666666706,0.041024656410256544,0.0,0.9589753435897435,0.010416416666666706,0.041024656410256544,0.0,0.9435408908718722,0.010416416666666706,0.041024656410256544,0.0,0.9395535081281238,0.005208333333333481,0.020512820512821085,0.0,0.9472203409510257
meta_only,global_default,baseline,,43,122.0,0.9626168224299065,0.37774396870245597,0.7857435122456654,0.15692240817213654,0.4154200230149599,0.0,0.5845799769850402,0.030428167789610883,0.0805523590333715,0.0,0.7181531658015419,0.003912193001521347,0.010356731875719056,0.0,0.75422572918326,0.0028254727233210097,0.007479861910241638,0.0,0.8288232974609362
meta_only,global_default,baseline,,45,110.0,0.9705329153605016,0.5467089153605016,0.6106570904308573,0.0015673981191222097,0.002866970109841107,0.0,0.9971330298901588,0.0015673981191222097,0.002866970109841107,0.0,0.9974365622100677,0.0015673981191222097,0.002866970109841107,0.0,0.9922790369684978,0.00031391536050151547,0.0005741910396586796,0.0,0.9844683573125541
meta_only,global_default,baseline,,49,133.0,1.0,0.3465553235908142,0.5409104332731061,0.009395000000000042,0.027109668674698918,0.0,0.9728903313253011,0.0,0.0,1.0,0.9872780092214383,0.0,0.0,1.0,0.9908054792073894,0.0,0.0,1.0,0.9322689364871668
meta_only,global_default,baseline,,53,136.0,0.8699763593380615,0.6382978723404256,0.8648887355311506,0.08865248226950351,0.1388888888888888,0.0,0.8611111111111112,0.018912359338061457,0.02962936296296295,0.0,0.9112254764641972,0.014184359338061503,0.02222216296296302,0.0,0.9117567743226914,0.014184359338061503,0.02222216296296302,0.0,0.8970835872450009
meta_only,global_default,baseline,,219,107.0,0.9501015183615819,0.5730045183615818,0.6085979159411412,0.03950388418079087,0.06894166261331786,0.0,0.9310583373866821,0.004766949152542277,0.008319217387975638,0.0,0.924578922270174,0.0,0.0,1.0,0.9262201977462589,0.0,0.0,1.0,0.9237908504350063
meta_only,global_default,baseline,,2074,118.0,0.9283048211508553,0.8311041990668739,0.9443232227943079,0.0015548211508553678,0.0018707896706586856,0.0,0.9981292103293413,0.0015548211508553678,0.0018707896706586856,0.0,0.9960967398064093,0.0015548211508553678,0.0018707896706586856,0.0,0.9962633960655611,0.0,0.0,1.0,0.9974069022341433
meta_only,global_default,baseline,,2079,151.0,0.6997282608695652,0.4089672608695652,0.8078595712864146,0.013587260869565188,0.03322334614432295,0.0,0.966776653855677,0.0,0.0,1.0,0.9738818579149205,0.0,0.0,1.0,0.97912386183412,0.0,0.0,1.0,0.9814768261553938
meta_only,global_default,baseline,,3021,235.0,0.9928419936373277,0.5824499936373277,0.7454232458766479,0.022534464475079563,0.0386890972980438,0.0,0.9613109027019562,0.0010604453870626251,0.0018206634022609831,0.0,0.9813518878016328,0.0,0.0,1.0,0.9822309598839508,0.0,0.0,1.0,0.9885524936674304
meta_only,global_default,baseline,,3022,112.0,0.997979797979798,0.997979797979798,0.6701127225695431,0.001009797979797944,0.001011842105263122,0.0,0.9989881578947368,0.001009797979797944,0.001011842105263122,0.0,0.757100118342759,0.001009797979797944,0.001011842105263122,0.0,0.8191158215843626,0.001009797979797944,0.001011842105263122,0.0,0.8759664628896009
meta_only,global_default,baseline,,3481,83.0,0.9779402334231115,0.939463896370399,0.815687306948031,0.0017952334231114975,0.0019109126279863952,0.0,0.9980890873720136,0.0,0.0,1.0,0.9916847495327835,0.0,0.0,1.0,0.9916212424314201,0.0,0.0,1.0,0.9910651761039029
meta_only,global_default,baseline,,3549,116.0,0.998811,0.6623068382877526,0.7472364708548576,0.0023779999999999912,0.003590480820261169,0.0,0.9964095191797389,6.06420926807516e-08,9.156193047550027e-08,0.0,0.9972519329591075,6.06420926807516e-08,9.156193047550027e-08,0.0,0.9975427855328596,6.06420926807516e-08,9.156193047550027e-08,0.0,0.9926191819354289
meta_only,global_default,baseline,,3560,100.0,0.26348808030112925,0.0941028858218319,0.575902167304189,0.032622333751568394,0.3466666666666667,0.0,0.6533333333333333,0.032622333751568394,0.3466666666666667,0.0,0.7075401093820385,0.03136762860727729,0.33333333333333326,0.0,0.7163713503720135,0.0,0.0,1.0,0.8115355740165602
meta_only,global_default,baseline,,3573,57.0,0.9910428571428571,0.8885714285714286,0.8215365246059602,0.04222857142857139,0.04752411575562697,0.0,0.952475884244373,0.01728571428571435,0.019453376205787853,0.0,0.9635815007453415,0.010099999999999887,0.01136655948553042,0.0,0.9685783073710323,0.00728571428571434,0.008199356913183341,0.0,0.9784396330778834
meta_only,global_default,baseline,,3902,89.0,0.929355281207133,0.17558299039780512,0.8521735231271953,0.013717421124828433,0.07812499999999947,0.0,0.9218750000000006,0.013031550068587028,0.0742187499999996,0.0,0.9202617564370025,0.0,0.0,1.0,0.9511433919034614,0.0,0.0,1.0,0.9641315902405891
meta_only,global_default,baseline,,3903,86.0,0.909149072296865,0.6513115802943059,0.4063171792322555,0.002559181062060212,0.0039292730844794795,0.0,0.9960707269155206,0.0019193857965451588,0.00294695481335961,0.0,0.9963062323815375,0.0019193857965451588,0.00294695481335961,0.0,0.9951455239423697,0.0019193857965451588,0.00294695481335961,0.0,0.9943257461594381
meta_only,global_default,baseline,,3904,81.0,0.824345429490124,0.26311437758383094,0.8238718218910754,0.0003674781809829275,0.0013966480446924463,0.0,0.9986033519553076,0.0003674781809829275,0.0013966480446924463,0.0,0.98172405723473,0.0003674781809829275,0.0013966480446924463,0.0,0.9835038197435243,0.0,0.0,1.0,0.9884936748938399
meta_only,global_default,baseline,,3913,143.0,0.8697318007662835,0.31417624521072796,0.5011043728291743,0.06513409961685823,0.2073170731707317,0.0,0.7926829268292683,0.03256704980842917,0.10365853658536603,0.0,0.8613616501925276,0.021072800766283484,0.06707318292682914,0.0,0.8656860235287538,0.01724137931034475,0.05487804878048756,0.0,0.8844670686472963
meta_only,global_default,baseline,,3917,93.0,0.8734,0.2925559999999999,0.755843616425572,0.013750877192982403,0.04700254718065056,0.0,0.9529974528193494,0.00426770981507818,0.014587668053563013,0.0,0.9672522996851174,0.00426770981507818,0.014587668053563013,0.0,0.9650347394959468,0.00426770981507818,0.014587668053563013,0.0,0.9714302211187801
meta_only,global_default,baseline,,3918,100.0,0.9413886384129847,0.1956717763751128,0.6768103474719797,0.006311992786293907,0.03225806451612876,0.0,0.9677419354838712,0.0054102795311090635,0.027649769585253222,0.0,0.9698719331594958,0.0036068530207394867,0.018433179723502714,0.0,0.9731513656804056,0.0,0.0,0.0,0.9725220820101139
meta_only,global_default,baseline,,7592,84.0,0.8755988698251506,0.12069530322263633,0.6711833610024447,0.0,0.0,1.0,1.0,0.0,0.0,1.0,0.9821610904514162,0.0,0.0,1.0,0.954521256696669,0.0,0.0,1.0,0.9380043438041398
meta_only,global_default,baseline,,9910,29.0,0.8160490535857104,0.23220474540122626,0.8158187079319199,0.0,0.0,1.0,1.0,0.0,0.0,1.0,0.9452338031768345,0.0,0.0,1.0,0.9459301829496993,0.0,0.0,1.0,0.9635772410559345
meta_only,global_default,baseline,,9946,123.0,0.9841827768014059,0.5869947275922671,0.7636825265903682,0.08611599297012285,0.14670658682634702,0.0,0.8532934131736528,0.021089630931458547,0.03592814371257459,0.0,0.9109529003697681,0.0017574692442882123,0.0029940119760478827,0.0,0.9329748520457689,0.0017574692442882123,0.0029940119760478827,0.0,0.9544944294357295
meta_only,global_default,baseline,,9952,120.0,0.9224648408586232,0.21595114729829745,0.7428076367900418,0.007401924500370027,0.034275921165381015,0.0,0.965724078834619,0.007216876387860838,0.03341902313624678,0.0,0.9536529872197194,0.007216876387860838,0.03341902313624678,0.0,0.9263353438516687,0.0,0.0,1.0,0.9320510378062185
meta_only,global_default,baseline,,9957,125.0,0.8938388625592417,0.27203791469194316,0.7568574789273694,0.26066350710900477,0.9581881533101045,0.0,0.04181184668989549,0.027488151658767834,0.1010452961672476,0.0,0.23116803932766514,0.02274881516587679,0.08362369337979098,0.0,0.42217212153141953,0.013270142180094813,0.04878048780487814,0.0,0.6090605793374027
meta_only,global_default,baseline,,9960,106.0,0.998533724340176,0.5943914956011731,0.617543071927076,0.0010997067448679232,0.0018501387604068417,0.0,0.9981498612395932,0.0010997067448679232,0.0018501387604068417,0.0,0.9406049174361818,0.0003665689149560114,0.0006167129201356763,0.0,0.9570636452744126,0.0,0.0,0.0,0.9575618118468214
meta_only,global_default,baseline,,9964,105.0,0.9667294413057125,0.8750784682988073,0.7653868545236255,0.005649441305712433,0.0064559253945479945,0.0,0.993544074605452,0.005649441305712433,0.0064559253945479945,0.0,0.9569559934945033,0.004394224733207719,0.005021520803443254,0.0,0.9673944269373203,0.0,0.0,1.0,0.976428614943375
meta_only,global_default,baseline,,9971,100.0,0.7427101200686106,0.1783881200686106,0.42812240641991905,0.02229812006861054,0.12499778606352466,0.0,0.8750022139364754,0.02229812006861054,0.12499778606352466,0.0,0.8634009112890044,0.012006861063464824,0.06730751497827779,0.0,0.8795225181458755,0.012006861063464824,0.06730751497827779,0.0,0.8921190417539098
meta_only,global_default,baseline,,9976,89.0,0.8746153846153847,0.3746153846153847,0.5191337694857295,0.2765384615384616,0.7381930184804929,0.0,0.2618069815195071,0.0003846153846155387,0.0010266940451749492,0.0,0.557773847854483,0.0003846153846155387,0.0010266940451749492,0.0,0.482899166325112,0.0,0.0,1.0,0.5528077522559308
meta_only,global_default,baseline,,9977,95.0,0.9760916872189178,0.2161613230813869,0.8193711453155457,0.006121687218917815,0.02831999328859094,0.0,0.9716800067114091,0.0012766574786015061,0.005906040268456498,0.0,0.9834748805876239,0.0,0.0,1.0,0.9885076810096192,0.0,0.0,1.0,0.9822697532791842
meta_only,global_default,baseline,,9978,98.0,0.9490923441199685,0.2711128650355169,0.705306897394234,0.008287292817679592,0.030567685589519784,0.0,0.9694323144104802,0.0,0.0,1.0,0.9845972477079706,0.0,0.0,1.0,0.9870735762466933,0.0,0.0,1.0,0.9880389209039641
meta_only,global_default,baseline,,9981,309.0,0.9657407407407408,0.8546296296296296,0.3932193075885467,0.005555740740740833,0.006500758396533152,0.0,0.993499241603467,0.005555740740740833,0.006500758396533152,0.0,0.7017425534505174,0.005555740740740833,0.006500758396533152,0.0,0.7784813807217267,0.0,0.0,1.0,0.8505077510296278
meta_only,global_default,baseline,,9985,111.0,0.6389342922523701,0.4658385093167702,0.7257082828516108,0.04870872834259565,0.10456140350877201,0.0,0.895438596491228,0.0019614253023864103,0.004210526315789494,0.0,0.8968102519554265,0.0019614253023864103,0.004210526315789494,0.0,0.8962702515738488,0.0019614253023864103,0.004210526315789494,0.0,0.9157285388216378
meta_only,global_default,baseline,,10093,155.0,1.0,0.555393586005831,0.7231054901691935,0.0,0.0,0.0,1.0,0.0,0.0,0.0,0.9981524459605401,0.0,0.0,0.0,0.9986647236012848,0.0,0.0,0.0,0.997468644891468
meta_only,global_default,baseline,,10101,452.0,0.8074866310160428,0.5695187165775402,0.24293867357455484,0.06550802139037426,0.11502347417840363,0.0,0.8849765258215964,0.06016042780748665,0.10563380281690143,0.0,0.8831545150609393,0.05882352941176483,0.10328638497652604,0.0,0.8873446621476916,0.016042780748663166,0.02816901408450715,0.0,0.9051255569561567
meta_only,global_default,baseline,,14952,56.0,0.9758480325644504,0.3907734056987787,0.6436581331999084,0.0009950248756217528,0.0025462962962959444,0.0,0.997453703703704,0.0009950248756217528,0.0025462962962959444,0.0,0.9775424938121746,0.0006331976481228629,0.0016203703703699657,0.0,0.9658712329118618,0.0,0.0,1.0,0.9773010807740985
meta_only,global_default,baseline,,14954,47.0,0.8592592592592593,0.24814814814814812,0.6076469389858775,0.0,0.0,1.0,1.0,0.0,0.0,1.0,0.9494073002890087,0.0,0.0,1.0,0.9577455975622176,0.0,0.0,1.0,0.9342999963494801
meta_only,global_default,baseline,,14965,81.0,0.9099776603039084,0.06881068766450638,0.7092442272175301,0.010462055694410721,0.1520411443265842,0.0,0.8479588556734158,0.0,0.0,1.0,0.8300930887243169,0.0,0.0,1.0,0.8622421167514738,0.0,0.0,1.0,0.906770709459829
meta_only,global_default,baseline,,14969,100.0,0.7347310847766636,0.5223336371923427,0.7984201903569638,0.2312367061683379,0.4426992437463642,0.0,0.5573007562536357,0.023295857388838215,0.04459957339538486,0.0,0.724711613717143,0.023295857388838215,0.04459957339538486,0.0,0.7300359088046631,0.0,0.0,1.0,0.7785831786189663
meta_only,global_default,baseline,,14970,77.0,0.9957277405573356,0.8458102728420234,0.7957622954441016,0.0024277405573356337,0.0028703133968545165,0.0,0.9971296866031455,0.0,0.0,1.0,0.9936860955381585,0.0,0.0,1.0,0.9942745479359802,0.0,0.0,1.0,0.9942818657615214
meta_only,global_default,baseline,,125920,83.0,0.6579999999999999,0.15599999999999992,0.08523343835850067,0.04799999999999993,0.30769230769230743,0.0,0.6923076923076926,0.017999999999999905,0.11538461538461484,0.0,0.7605470482330255,0.017999999999999905,0.11538461538461484,0.0,0.7647884522368098,0.013999999999999901,0.08974358974358916,0.0,0.7965278991482874
meta_only,global_default,baseline,,125922,99.0,0.9994545454545455,0.9256363636363637,0.7265269528272562,0.0005455454545454375,0.0005893734040463379,0.0,0.9994106265959537,0.0005455454545454375,0.0005893734040463379,0.0,0.9917249841912795,0.0001818181818182829,0.00019642506383825496,0.0,0.9913793140154579,0.0,0.0,1.0,0.9915613168952934
meta_only,global_default,baseline,,146195,71.0,0.8688070814275354,0.26003226904687904,0.6702508135301174,0.0,0.0,1.0,1.0,0.0,0.0,1.0,0.7721684739004123,0.0,0.0,1.0,0.818070230051771,0.0,0.0,1.0,0.8721341152882761
meta_only,global_default,baseline,,146800,51.0,1.0,0.8611111111111112,0.7911026810926833,0.06296296296296289,0.07311827956989238,0.0,0.9268817204301076,0.0,0.0,1.0,0.9652829000731509,0.0,0.0,1.0,0.9687934338113046,0.0,0.0,1.0,0.9784651616472999
meta_only,global_default,baseline,,146817,74.0,0.8181349819680577,0.5574446161772282,0.7898853630248956,0.06955177743431218,0.12476894639556373,0.0,0.8752310536044363,0.06955177743431218,0.12476894639556373,0.0,0.814186738524093,0.0005151983513652647,0.0009242144177448973,0.0,0.8587052744270467,0.0,0.0,1.0,0.9001297343632917
meta_only,global_default,baseline,,146819,71.0,0.9666666666666667,0.20185185185185184,0.541093085806341,0.04999999999999993,0.2477064220183483,0.0,0.7522935779816516,0.014814814814814725,0.0733944954128436,0.0,0.7949051737692099,0.0,0.0,0.0,0.8426179754180255,0.0,0.0,1.0,0.8929526363146167
meta_only,global_default,baseline,,146820,61.0,0.9894606323620583,0.32300061996280216,0.8566782483243591,0.0035131225459805737,0.010876519513755598,0.0,0.9891234804862444,0.0,0.0,1.0,0.9950814273225475,0.0,0.0,1.0,0.9958721601727022,0.0,0.0,1.0,0.9970456250084506
meta_only,global_default,baseline,,146821,61.0,1.0,0.3032407407407408,0.68651276349597,0.0,0.0,0.0,1.0,0.0,0.0,0.0,0.7419636645643356,0.0,0.0,0.0,0.8062205689395353,0.0,0.0,0.0,0.8674389493156551
meta_only,global_default,baseline,,146822,77.0,0.9467532467532468,0.8038961038961039,0.8296582905219426,0.01601731601731604,0.01992460958535275,0.0,0.9800753904146472,0.0051948051948053076,0.006462035541195617,0.0,0.983549763437273,0.0051948051948053076,0.006462035541195617,0.0,0.9824894584597339,0.0012987012987013546,0.0016155088852989388,0.0,0.9863225034246553
meta_only,global_default,baseline,,146824,57.0,0.9834999999999999,0.8839999999999999,0.7180918635315899,0.15500000000000003,0.17533936651583715,0.0,0.8246606334841629,0.0,0.0,1.0,0.9174899777431544,0.0,0.0,1.0,0.935035110837144,0.0,0.0,1.0,0.9569528455206996
meta_only,global_default,baseline,,146825,38.0,0.9148142857142857,0.8156857142857142,0.7827591518821819,0.06068571428571423,0.07439840274615567,0.0,0.9256015972538443,0.03035714285714286,0.03721671512137028,0.0,0.9426281101768553,0.0,0.0,1.0,0.9646093407024793,0.0,0.0,1.0,0.9803035138736986
meta_only,global_default,baseline,,167119,55.0,0.8780204823847029,0.2892077020906312,0.6816918908204791,0.09080970124277654,0.3139947538960039,0.0,0.6860052461039962,0.01584149579419436,0.05477549760839354,0.0,0.7983934907321875,0.0,0.0,1.0,0.8543062108300091,0.0,0.0,1.0,0.8905372522256809
meta_only,global_default,baseline,,167120,39.0,0.5226640365448505,0.02209302325581397,0.5065586542693524,0.0018999169435216512,0.08599624060150625,0.0,0.9140037593984938,0.0,0.0,1.0,0.9627459823600998,0.0,0.0,1.0,0.9339736715409618,0.0,0.0,1.0,0.9346437098069276
meta_only,global_default,baseline,,167121,10.0,0.9450978260869566,0.9223260869565219,0.9179373709568976,0.0,0.0,1.0,1.0,0.0,0.0,1.0,0.9953463025667901,0.0,0.0,1.0,0.9959945057736526,0.0,0.0,1.0,0.9966724702222294
meta_only,global_default,baseline,,167124,10.0,0.58735,0.43163333333333337,0.7622092916488802,0.22955000000000003,0.5318171287358098,0.0,0.4681828712641903,0.0,0.0,1.0,0.8537648096365741,0.0,0.0,1.0,0.8422015847730837,0.0,0.0,1.0,0.8983279236949905
meta_only,global_default,baseline,,167125,11.0,0.9789569990850869,0.20890515401036902,0.7214687086640126,0.019823116803903695,0.09489051094890542,0.0,0.9051094890510946,0.0,0.0,1.0,0.9663322673828094,0.0,0.0,1.0,0.9752363385038381,0.0,0.0,1.0,0.9309351298981745
meta_only,global_default,baseline,,167140,46.0,0.9686126804770872,0.4494664155681104,0.6916597797946533,0.0034526051475202157,0.007681564245809644,0.0,0.9923184357541903,0.0,0.0,1.0,0.998664131509971,0.0,0.0,1.0,0.9971601811240383,0.0,0.0,1.0,0.9895926608809974
meta_only,global_default,baseline,,167141,69.0,0.9616,0.6604,0.7587714244253949,0.0011999999999999789,0.0018170805572380055,0.0,0.9981829194427619,0.0011999999999999789,0.0018170805572380055,0.0,0.929925123455899,0.0,0.0,1.0,0.9490789553569189,0.0,0.0,1.0,0.9556213638495353
meta_only,random,baseline,,3,166.0,0.9978097622027535,0.9928035043804757,-0.00778353962503049,0.0776752365456822,0.07823827797037512,0.0,0.9217617220296249,0.009136430413016344,0.00920265729593452,0.0,0.9270745442337887,0.0015488209011264797,0.0015600477781280268,0.0,0.9261706602166211,0.0010951188986233706,0.0011030570438072145,0.0,0.9231312078003668
meta_only,random,baseline,,6,166.0,0.9808999999999999,0.9407499999999999,0.04821317834502985,0.160125,0.17020993887855435,0.0,0.8297900611214457,0.02839249999999996,0.03018070688280623,0.0,0.7809197484326424,0.007424999999999954,0.007892638851979755,0.0,0.8029053869792847,0.004194999999999971,0.004459208078660613,0.05,0.8092587541894266
meta_only,random,baseline,,11,174.0,1.0,0.5424,-0.026708417733196647,0.18824000000000002,0.34705014749262536,0.0,0.6529498525073747,0.10303999999999998,0.18997050147492625,0.0,0.6339107621210733,0.06000000000000001,0.11061946902654869,0.0,0.6513999364079359,0.033999999999999996,0.06268436578171091,0.0,0.6508863706689658
meta_only,random,baseline,,12,150.0,0.9840000000000002,0.8840000000000001,0.03091930033334412,0.0910250000000001,0.10296945701357478,0.0,0.8970305429864253,0.01437500000000011,0.016261312217194693,0.0,0.8301634162038372,0.005075000000000102,0.005740950226244458,0.0,0.8093214821591908,0.0019250000000001154,0.0021776018099548813,0.0,0.8150145951195302
meta_only,random,baseline,,14,135.0,0.8805,0.7805,0.017277333089202995,0.15969999999999998,0.20461242793081355,0.05,0.7953875720691864,0.03947499999999996,0.05057655349135165,0.1,0.7731446711290648,0.030374999999999968,0.038917360666239555,0.1,0.7922863569509099,0.022249999999999975,0.02850736707238946,0.1,0.8129015631499705
meta_only,random,baseline,,15,143.0,0.9756795422031473,0.32045779685264664,-0.027364181301073303,0.060300433834048636,0.1881696573660714,0.0,0.8118303426339286,0.005722461659513567,0.01785714598214278,0.0,0.854357128002736,0.0037196004291845273,0.011607145982142788,0.05,0.8611357599133582,0.0021459122317596447,0.0066963957589285346,0.1,0.8714902417902556
meta_only,random,baseline,,16,125.0,0.9854999999999998,0.8855000000000001,-0.0027320558501213433,0.19547499999999993,0.22075098814229244,0.0,0.7792490118577076,0.020524999999999932,0.02317899491812528,0.0,0.8026632515649851,0.01707499999999993,0.019282891022021378,0.0,0.7784360406447762,0.007199999999999934,0.008130999435347187,0.1,0.7976138800217871
meta_only,random,baseline,,18,138.0,0.772,0.673,-0.009590967245904341,0.21952500000000005,0.32618870728083216,0.0,0.6738112927191678,0.041425000000000003,0.06155274888558693,0.0,0.7004197300972705,0.03332500000000001,0.049517087667161966,0.0,0.7184678353167239,0.021225000000000015,0.03153789004457654,0.05,0.7407612883815309
meta_only,random,baseline,,22,120.0,0.907,0.8460000000000001,0.033644197339052856,0.27855,0.32925531914893613,0.0,0.6707446808510638,0.0824,0.09739952718676123,0.0,0.6805204390450388,0.05510000000000002,0.06513002364066195,0.0,0.7001690283466561,0.03967500000000002,0.046897163120567395,0.05,0.7103113793803022
meta_only,random,baseline,,23,166.0,0.5743380855397149,0.2016293279022403,0.004648628942299173,0.055532880515953856,0.27542064983164993,0.0,0.7245793501683501,0.01934825675492194,0.09595953602693609,0.05,0.7303070114192921,0.013475900067888662,0.06683501952861953,0.05,0.7287291110988905,0.0060420454175152795,0.029966104040404062,0.05,0.7100124879839023
meta_only,random,baseline,,28,118.0,0.9937722419928825,0.9017793594306049,0.00650437562652226,0.13683273505338073,0.1517363794396211,0.0,0.848263620560379,0.01486656654804266,0.016485813733228046,0.1,0.8390842838243049,0.012357669750889633,0.013703651144435622,0.1,0.8329928593165781,0.0031940030249109743,0.0035418897000788624,0.15,0.8323837068795712
meta_only,random,baseline,,29,129.0,0.8884057971014492,0.33043478260869563,-0.019057560449212203,0.045579682608695556,0.13793851315789446,0.0,0.8620614868421056,0.019565180434782524,0.059210414473683956,0.0,0.8745964614396954,0.014637628985507162,0.04429808771929799,0.0,0.8742326950521028,0.008188344927536145,0.02478051754385939,0.0,0.8809385256511357
meta_only,random,baseline,,31,266.0,0.784,0.5070000000000001,-0.020942061225027283,0.06270000000000005,0.1236686390532545,0.0,0.8763313609467455,0.021500000000000036,0.04240631163708093,0.05,0.8538277903364438,0.017650000000000027,0.03481262327416178,0.05,0.8614847729348245,0.009400000000000042,0.018540433925049386,0.1,0.8614154058071073
meta_only,random,baseline,,32,160.0,0.9969978165938865,0.8938318777292578,0.0014804971578698649,0.16080786877729264,0.1799084064732825,0.0,0.8200915935267175,0.011649400145560467,0.013033099888040777,0.0,0.8676813035382009,0.004689789956331935,0.005246836763358843,0.05,0.8731808160096918,0.0013009493449782417,0.0014554743206107714,0.1,0.8714995830863085
meta_only,random,baseline,,37,188.0,0.7877604166666667,0.2539062500000001,0.010370751861709809,0.06087239583333339,0.23974358974358992,0.0,0.7602564102564101,0.015559787500000071,0.06128162461538487,0.0,0.7952975107417299,0.011848870833333408,0.04666632205128233,0.0,0.8068694741720417,0.008593683333333418,0.0338458912820516,0.0,0.8183920711113271
meta_only,random,baseline,,43,122.0,0.9626168224299064,0.37774396870245597,0.018685258345211734,0.0683655671267116,0.18098387476985045,0.05,0.8190161252301495,0.023407978928493795,0.06196784295166856,0.05,0.7951841062169275,0.011334474885894364,0.030005707105868796,0.15,0.7925640391850459,0.0063681602043033966,0.01685840339470652,0.15,0.7994952322675164
meta_only,random,baseline,,45,110.0,0.9705329153605016,0.5467089153605016,0.001002104527780364,0.077790018338558,0.14228781743437094,0.0,0.857712182565629,0.014216318808777417,0.026003451579718857,0.0,0.8470920828083879,0.0069122474921629986,0.01264337803528417,0.0,0.8587985681462127,0.001363658150470215,0.0024943038464463572,0.05,0.8683550767872023
meta_only,random,baseline,,49,133.0,1.0,0.3465553235908142,0.021285703830585694,0.0999477993736952,0.2884035897590361,0.05,0.7115964102409638,0.01905013810020877,0.05496997680722891,0.05,0.7382020245787596,0.0032881509394572074,0.009488098192771098,0.1,0.7567371174695839,0.0007828810020876764,0.0022590361445782954,0.15,0.7647401448221838
meta_only,random,baseline,,53,136.0,0.8699763593380615,0.6382978723404256,0.0061334676790035314,0.21761229255319153,0.340925925,0.0,0.6590740749999999,0.08741132813238772,0.1369444140740741,0.05,0.6360269215715995,0.07121747931442082,0.11157405092592594,0.05,0.6480078117254459,0.022340420094562673,0.034999991481481516,0.05,0.6571111742963016
meta_only,random,baseline,,219,107.0,0.9501015183615819,0.5730045183615818,-0.011346323650007322,0.07048463778248583,0.12300886908191544,0.0,0.8769911309180844,0.044085444209039475,0.07693734132340704,0.0,0.8506893695528028,0.0284681593926553,0.04968225987825649,0.1,0.8519481560439577,0.02061705508474569,0.035980615202995225,0.15,0.8377018209231111
meta_only,random,baseline,,2074,118.0,0.9283048211508553,0.8311041990668739,0.0024309470539600367,0.06917574284603417,0.08323353789296403,0.0,0.9167664621070359,0.010178849144634466,0.012247380239520888,0.0,0.8127355545804779,0.007698289269051262,0.009262724550898133,0.0,0.8126808571014097,0.0020839230171072697,0.002507414857784384,0.0,0.818082073752622
meta_only,random,baseline,,2079,151.0,0.6997282608695652,0.40896726086956525,-0.004459167309724736,0.1575407760869565,0.38521610691277824,0.0,0.6147838930872218,0.052377732608695625,0.12807316775755512,0.0,0.6189243026925462,0.01922555652173911,0.04701001366432325,0.05,0.6476648700903057,0.015489130434782589,0.037873766232164596,0.1,0.6426620141741443
meta_only,random,baseline,,3021,235.0,0.9928419936373277,0.5824499936373277,0.0038890100773408347,0.07156682629904562,0.12287205267549181,0.0,0.8771279473245082,0.022189819724284205,0.03809738169230896,0.05,0.9045547678133466,0.011505832449628873,0.01975419791453062,0.05,0.9136413347554868,0.0036187698833510416,0.006213013860215319,0.05,0.9099407220879853
meta_only,random,baseline,,3022,112.0,0.997979797979798,0.997979797979798,-0.004277777966938537,0.2827777863636364,0.28335021103238867,0.0,0.7166497889676113,0.05196969242424239,0.0520748942307692,0.0,0.6957012305476602,0.02328279898989895,0.02332993016194328,0.0,0.6771435560373872,0.008888858585858528,0.00890685222672059,0.0,0.6767674910294186
meta_only,random,baseline,,3481,83.0,0.9779402334231115,0.939463896370399,0.015773944756655157,0.2356547332627935,0.25083958433447107,0.0,0.7491604156655289,0.02343847744645384,0.024948779337884038,0.0,0.7264894268401816,0.013428225182762692,0.014293497849829449,0.05,0.750939898895264,0.004379840355264919,0.004662063515358439,0.1,0.7483058646532925
meta_only,random,baseline,,3549,116.0,0.9988110000000001,0.6623068382877526,0.003828970697986498,0.11563618989298455,0.1745960983762998,0.0,0.8254039016237004,0.0037455834720570456,0.005655359805344032,0.0,0.8923531855957079,0.0018430864447086582,0.002782828650046177,0.0,0.8819809634847855,0.0009512970273483634,0.0014363388271933458,0.05,0.8630901711592804
meta_only,random,baseline,,3560,100.0,0.26348808030112925,0.0941028858218319,-0.05153491344836782,0.051380221580928497,0.5460004879999999,0.0,0.4539995120000001,0.03663741229611043,0.38933356799999996,0.0,0.5054882847290019,0.03274781210790466,0.3480000833333333,0.0,0.514472317487433,0.02415307063989964,0.25666663066666673,0.05,0.5643222587009267
meta_only,random,baseline,,3573,57.0,0.9910428571428571,0.8885714285714286,0.003024995257282796,0.23990642857142858,0.26999115755627007,0.0,0.7300088424437299,0.029374285714285697,0.033057877813504805,0.05,0.6911202435856769,0.018807142857142838,0.021165594855305447,0.05,0.7033723582045512,0.009476428571428535,0.010664790996784527,0.1,0.7047826655627355
meta_only,random,baseline,,3902,89.0,0.929355281207133,0.17558299039780512,0.004429769999421644,0.026817558299039673,0.15273437499999948,0.0,0.8472656250000006,0.014094650685870957,0.08027344023437448,0.0,0.8630828792648424,0.01083673580246904,0.061718596874999476,0.1,0.8742163885113371,0.00874483607681748,0.049804574218749585,0.2,0.8680746932643097
meta_only,random,baseline,,3903,86.0,0.909149072296865,0.6513115802943059,-0.0008542921390449987,0.024152276551503527,0.03708252283889981,0.0,0.9629174771611002,0.006877793666026888,0.010559913064833028,0.0,0.959231069089096,0.004062689059500973,0.006237704322200413,0.05,0.9583503941383537,0.002623128598848401,0.004027455795677848,0.1,0.9639724595169014
meta_only,random,baseline,,3904,81.0,0.8243454294901241,0.26311437758383094,0.011351454042031275,0.021791443017914552,0.0828211792074022,0.0,0.9171788207925978,0.007078548461185085,0.026902932960893737,0.0,0.9146424643423693,0.004065227377124464,0.015450418994413337,0.1,0.9096088333044202,0.0019108425355994275,0.007262402583798802,0.25,0.9151263481123969
meta_only,random,baseline,,3913,143.0,0.8697318007662835,0.31417624521072796,0.039180975726632365,0.04386973199233717,0.13963414695121956,0.0,0.8603658530487804,0.02701149425287356,0.08597560975609755,0.0,0.8578051719393207,0.020019157088122574,0.06371951219512186,0.0,0.8637936899770094,0.015900383141762436,0.05060975609756093,0.05,0.8713711171127025
meta_only,random,baseline,,3917,93.0,0.8734,0.2925559999999999,-0.0008138977798925334,0.028615752844950177,0.09781290708428533,0.0,0.9021870929157145,0.012280986249407256,0.041978240915952016,0.0,0.8829541979097323,0.007823869132290134,0.026743150481583478,0.1,0.8833055026055799,0.005216018041725884,0.017829126873917765,0.1,0.8927330334097154
meta_only,random,baseline,,3918,100.0,0.9413886384129848,0.1956717763751128,0.0009689593609559157,0.010144277727682649,0.0518433364055302,0.0,0.9481566635944698,0.00410279531109114,0.020967741935484206,0.0,0.9259690180650191,0.0022993688007214297,0.011751152073733017,0.05,0.9189434389739655,0.0012623985572588702,0.006451612903226206,0.05,0.9238748585300524
meta_only,random,baseline,,7592,84.0,0.8755988698251504,0.12069530322263633,0.016687764304070693,0.035514501525326626,0.29424924232400373,0.0,0.7057507576759963,0.014437364309405908,0.11961827779474181,0.0,0.6874229823860654,0.00929629202735358,0.0770228151314679,0.05,0.6940445094843646,0.0034518393022399396,0.028599615810008992,0.1,0.6999974006457076
meta_only,random,baseline,,9910,29.0,0.8160490535857103,0.2322047454012263,-0.0018110140450919986,0.06470274593441747,0.2786452353616533,0.0,0.7213547646383467,0.015875766462276703,0.06836969001148098,0.05,0.7226606666446089,0.010330578512396693,0.04448909299655569,0.1,0.7236805357611664,0.0026926153025859656,0.011595866819747372,0.4,0.7536386670818656
meta_only,random,baseline,,9946,123.0,0.9841827768014058,0.5869947275922671,0.00047250080040545843,0.10808435043936719,0.18413172275449083,0.0,0.815868277245509,0.021089622847100097,0.03592812994011963,0.0,0.8491528746471511,0.011950782776801339,0.020359267664670545,0.0,0.8374182939289818,0.004305791564147593,0.007335315568862218,0.05,0.8422884358378775
meta_only,random,baseline,,9952,120.0,0.9224648408586231,0.21595114729829748,-0.0051573478992890335,0.08368803071798667,0.38753223479006016,0.0,0.6124677652099398,0.037564779829755736,0.1739503600685519,0.0,0.6175140638851487,0.0159419208734271,0.07382188551842339,0.0,0.6250827524631904,0.010834579977794235,0.05017143976006862,0.0,0.6366623164166583
meta_only,random,baseline,,9957,125.0,0.8938388625592417,0.27203791469194316,0.028716425826529994,0.0830805632701422,0.3054006768292683,0.05,0.6945993231707317,0.0275355450236967,0.101219512195122,0.05,0.7241372938010036,0.012701421800947882,0.046689895470383325,0.05,0.7534550352657866,0.00791467488151661,0.029094013937282302,0.1,0.7481265965201531
meta_only,random,baseline,,9960,106.0,0.9985337243401758,0.5943914956011731,0.016323879001954044,0.11637647639296189,0.1957909513413506,0.0,0.8042090486586494,0.0235337130498534,0.039592950477952554,0.0,0.7488754916808338,0.0017870234604105751,0.0030064754856614544,0.05,0.7459494213572475,0.0009164093841642406,0.001541760592044433,0.1,0.7236890979998586
meta_only,random,baseline,,9964,105.0,0.9667294413057125,0.8750784682988073,0.009831047192896247,0.2019773873195229,0.23081060114777613,0.0,0.7691893988522238,0.03697423477715001,0.04225247919655665,0.0,0.7691205509063883,0.01610165348399244,0.018400239598278304,0.05,0.7698270708430549,0.007783999999999974,0.008895202295552337,0.1,0.7748602763699697
meta_only,random,baseline,,9971,100.0,0.7427101200686106,0.1783881200686106,0.012138798894440226,0.04271009751286446,0.23942231969504224,0.0,0.7605776803049578,0.018010311492281265,0.10096138400558426,0.0,0.7980920152163931,0.013207540137221219,0.0740382270531323,0.0,0.7807982634894977,0.009519725557461356,0.053365244018491444,0.05,0.7921600637029004
meta_only,random,baseline,,9976,89.0,0.8746153846153847,0.3746153846153847,0.009247651124794243,0.22417307692307697,0.5984086242299795,0.05,0.4015913757700205,0.10498073461538468,0.2802360472279263,0.05,0.39887584864848735,0.03878846153846159,0.1035420944558523,0.1,0.44254997633311416,0.006346192307692344,0.016940554414784488,0.2,0.4517183427228977
meta_only,random,baseline,,9977,95.0,0.9760916872189178,0.21616132308138694,0.004774120872139988,0.02590309009139715,0.11983221476510104,0.0,0.8801677852348989,0.011365161090961922,0.052577218389262104,0.0,0.8880427202577937,0.0063600834759901855,0.0294228559731546,0.05,0.862792766798214,0.004371109154214447,0.02022151369127529,0.1,0.8420348983452474
meta_only,random,baseline,,9978,98.0,0.9490923441199686,0.2711128650355169,-0.003992330009648201,0.03518155540647201,0.12976719272197976,0.0,0.8702328072780203,0.00481454475138125,0.01775845181950523,0.0,0.9123119971542824,0.00408448958168906,0.015065642794759943,0.0,0.9115477347259249,0.002288915864246277,0.008442667831150025,0.1,0.9025185469121203
meta_only,random,baseline,,9981,309.0,0.9657407407407408,0.8546296296296296,-0.01418201172658182,0.15231481481481485,0.17822318526543884,0.0,0.8217768147345612,0.066435162962963,0.07773561863488629,0.0,0.6609101430941643,0.0239814592592593,0.028060645720476757,0.05,0.6750479798924464,0.01245370370370375,0.014572047670639274,0.05,0.6650331333451275
meta_only,random,baseline,,9985,111.0,0.6389342922523701,0.4658385093167702,0.011554497580542913,0.1265282772147761,0.27161403508771936,0.0,0.7283859649122807,0.03903238314808764,0.08378951582456148,0.0,0.7325098760426993,0.02335732593984966,0.05014039301754394,0.05,0.7526911665230189,0.007706793314808791,0.016543916315789536,0.15,0.774697095320089
meta_only,random,baseline,,10093,155.0,1.0,0.555393586005831,-0.01247129906185837,0.0875728862973761,0.15767716535433068,0.0,0.8423228346456693,0.023906705539358614,0.04304461942257219,0.0,0.8459033314296261,0.0043731778425656065,0.00787401574803151,0.0,0.83721978938614,0.0007288629737609408,0.0013123359580052634,0.0,0.840190144658916
meta_only,random,baseline,,10101,452.0,0.8074866310160427,0.5695187165775402,-0.007055400768628697,0.14318181818181822,0.2514084507042254,0.0,0.7485915492957745,0.06617647754010696,0.1161971953051643,0.05,0.7793019933594273,0.045454557486631034,0.07981222769953054,0.05,0.7821566846630189,0.025267398930481282,0.04436623098591549,0.05,0.7831049056396494
meta_only,random,baseline,,14952,56.0,0.9758480325644504,0.3907734056987787,0.0007674689197171749,0.016214382632292985,0.04149305555555532,0.0,0.9585069444444446,0.002890094979647112,0.007395833333333063,0.05,0.9650891461118558,0.0012483039348710145,0.003194444444444229,0.1,0.9487479867779613,0.0007914970601537008,0.00202546296296277,0.25,0.9373985265455879
meta_only,random,baseline,,14954,47.0,0.8592592592592594,0.2481481481481481,0.01985830079084827,0.08472222222222225,0.3414179104477614,0.0,0.6585820895522386,0.02620370370370374,0.1055970149253733,0.1,0.6647535381298252,0.017500000000000033,0.07052238805970164,0.1,0.6615044662500732,0.011296296296296327,0.045522388059701616,0.2,0.6758726131076065
meta_only,random,baseline,,14965,81.0,0.9099776603039084,0.06881068766450638,0.052142289920369664,0.01722921570635468,0.25038575098039273,0.0,0.7496142490196072,0.0067527829798058325,0.09813567062037984,0.05,0.7690367064135856,0.0031441473380372396,0.045692717872067426,0.1,0.7796108026800016,0.002215170451881199,0.03219224406943136,0.1,0.7912044898932653
meta_only,random,baseline,,14969,100.0,0.7347310847766636,0.5223336371923427,-0.018639444747107416,0.16263042152334645,0.3113535295132829,0.0,0.6886464704867171,0.09340119517877035,0.1788152026371921,0.0,0.6697194974078435,0.07281981160741414,0.13941244909831296,0.0,0.6634897315218866,0.04353795490732297,0.0833527688190808,0.0,0.6752982911126721
meta_only,random,baseline,,14970,77.0,0.9957277405573356,0.8458102728420233,-0.017361141830241514,0.10750073359549465,0.12709792851566978,0.0,0.8729020714843303,0.011695326245266474,0.013827363678108074,0.0,0.8043433657403124,0.004519872317700702,0.005343837102514009,0.0,0.7792899403304678,0.0031507913389648865,0.003725175066008423,0.0,0.7852694626666195
meta_only,random,baseline,,125920,83.0,0.6579999999999999,0.15599999999999992,0.01375745340376865,0.05049999999999992,0.3237179487179484,0.0,0.6762820512820515,0.026399999999999913,0.16923076923076877,0.0,0.6723297326437967,0.018499999999999905,0.11858974358974303,0.0,0.6808021264544737,0.014499999999999907,0.0929487179487174,0.05,0.6846214226602468
meta_only,random,baseline,,125922,99.0,0.9994545454545454,0.9256363636363638,0.024362253187071893,0.06250000000000004,0.06752111569436264,0.0,0.9324788843056373,0.04286363636363642,0.04630720879984292,0.0,0.828581866232558,0.004845454545454592,0.0052347279512866335,0.0,0.8395060871051176,0.0011090909090909651,0.0011981928894127494,0.05,0.8255748064679758
meta_only,random,baseline,,146195,71.0,0.8688070814275355,0.26003226904687904,-0.04614836576403785,0.12123318086948812,0.4662236010701887,0.0,0.5337763989298112,0.048511627218497104,0.18656002732396013,0.0,0.6007943364641198,0.02716816910164761,0.10447999089201383,0.1,0.6105336432167764,0.013014195420163837,0.050048386178630846,0.1,0.6292933074080105
meta_only,random,baseline,,146800,51.0,1.0,0.861111111111111,-0.001624010101470346,0.14444444444444446,0.16774193548387098,0.0,0.832258064516129,0.00912037037037039,0.010591397849462388,0.0,0.8635632599395665,0.005185185185185204,0.006021505376344107,0.05,0.845344026507942,0.001898148148148171,0.0022043010752688438,0.05,0.8498446165627271
meta_only,random,baseline,,146817,74.0,0.8181349819680577,0.5574446161772282,-0.014130177612215777,0.18400309119010816,0.330083179297597,0.0,0.669916820702403,0.05551262235960841,0.09958410351201473,0.0,0.7281540386923678,0.03173621844410093,0.0569316081330868,0.15,0.7246999917247474,0.01682122617207622,0.030175600739371485,0.25,0.7523938897489504
meta_only,random,baseline,,146819,71.0,0.9666666666666666,0.2018518518518518,0.002466950632018691,0.03814814814814814,0.18899082568807338,0.05,0.8110091743119267,0.022129629629629638,0.10963302752293583,0.1,0.7961915700666996,0.0125925925925926,0.06238532110091747,0.1,0.805073260168721,0.007037037037037036,0.03486238532110091,0.25,0.8132031467807316
meta_only,random,baseline,,146820,61.0,0.9894606323620583,0.32300061996280216,0.014253389491311603,0.01798925397809465,0.05569417786308384,0.0,0.9443058221369162,0.005269683818970872,0.01631477927063343,0.1,0.9534025897855578,0.0036267823930564214,0.011228406909788885,0.1,0.9432735716320888,0.001560239718950196,0.004830454254638516,0.2,0.9252827324121805
meta_only,random,baseline,,146821,61.0,1.0,0.3032407407407408,-0.029530802514295962,0.17297453703703702,0.570419847328244,0.0,0.4295801526717559,0.025202546296296303,0.08311068702290077,0.0,0.5590438101188735,0.006336805555555552,0.02089694656488548,0.1,0.6102847504593398,0.00078125,0.002576335877862595,0.2,0.6257437884062262
meta_only,random,baseline,,146822,77.0,0.9467532467532468,0.8038961038961039,0.018806785280717442,0.21069264069264074,0.2620893914916532,0.0,0.7379106085083468,0.03616883116883122,0.04499192245557357,0.0,0.7880551878003205,0.012207792207792246,0.015185783521809418,0.0,0.7988922646065961,0.004870129870129919,0.00605815831987082,0.05,0.812433108369083
meta_only,random,baseline,,146824,57.0,0.9834999999999999,0.884,0.00911582236000729,0.08549999999999992,0.09671945701357458,0.0,0.9032805429864255,0.005424999999999946,0.0061368778280542395,0.05,0.8644289443201684,0.00432499999999994,0.004892533936651516,0.1,0.8768459777455513,0.0018999999999999406,0.0021493212669682587,0.25,0.8771721221158015
meta_only,random,baseline,,146825,38.0,0.9148142857142856,0.8156857142857141,-0.06093476685790737,0.20920357142857143,0.2564757084311184,0.0,0.7435242915688816,0.06945785714285713,0.0851527198851098,0.05,0.741123499655346,0.030296428571428575,0.03714228169112754,0.15,0.7721353608814838,0.019773571428571435,0.024241654698938676,0.15,0.7879214684528415
meta_only,random,baseline,,167119,55.0,0.8780204823847029,0.2892077020906312,0.036389883193833,0.07559740288716836,0.26139484647430944,0.0,0.7386051535256906,0.03724648028737808,0.12878799567967894,0.0,0.6581152085505753,0.02461009839576961,0.08509489276346228,0.0,0.6626637265639412,0.01315290390236279,0.045479092732602824,0.05,0.6826606095353547
meta_only,random,baseline,,167120,39.0,0.5226640365448505,0.02209302325581397,0.020532688384262098,0.007508305647840552,0.33984962406015107,0.0,0.660150375939849,0.0030279277408637893,0.1370535714285714,0.1,0.6097512359478647,0.0017633928571428592,0.0798167293233083,0.1,0.592719106453256,0.0006473214285714401,0.02929981203007569,0.2,0.6229800956171686
meta_only,random,baseline,,167121,10.0,0.9450978260869565,0.9223260869565217,0.01762926076672188,0.4403673913043479,0.4774530369811677,0.1,0.5225469630188323,0.10585380434782617,0.1147683079171283,0.3,0.5752518329902906,0.03336956521739136,0.03617979117071682,0.5,0.6281328685754817,0.0,0.0,1.0,0.8157188422010522
meta_only,random,baseline,,167124,10.0,0.58735,0.43163333333333337,-0.04085441803237998,0.2507958333333334,0.5810390763765543,0.1,0.4189609236234458,0.1420925,0.3291972353077458,0.25,0.49031077298025616,0.08657333333333335,0.20057147270059464,0.45,0.5647135722966252,0.0,0.0,1.0,0.7627750142771041
meta_only,random,baseline,,167125,11.0,0.978956999085087,0.20890515401036902,0.02853911031107645,0.055138761817627314,0.263941605839416,0.05,0.736058394160584,0.0077005184507471566,0.036861313868613035,0.3,0.7422613467936536,0.004117108874656878,0.019708029197080146,0.3,0.7528718516273945,0.0004879536444037713,0.002335766423357615,0.8,0.8497080924519848
meta_only,random,baseline,,167140,46.0,0.9686126804770872,0.4494664155681104,0.01856662705617065,0.08488700564971742,0.18886173184357524,0.1,0.8111382681564248,0.005257376020087768,0.011696927374301417,0.2,0.879663877709269,0.003342749529190098,0.007437150837988585,0.25,0.8687940032518984,0.0024325172630256407,0.005412011173184144,0.4,0.8607136312830758
meta_only,random,baseline,,167141,69.0,0.9616,0.6604,-0.017640341740083238,0.06231,0.0943519079345851,0.0,0.9056480920654149,0.028840000000000005,0.04367050272562085,0.05,0.9074218015848048,0.014639999999999997,0.022168382798304055,0.05,0.9118580601937513,0.0065999999999999896,0.009993943064809191,0.1,0.9076919072363587
tfidf_only,model,model,extra_trees,3,166.0,0.9978097622027535,0.9928035043804757,0.40442804612674105,0.00031289111389243285,0.00031515915537353145,0.0,0.9996848408446265,0.00031289111389243285,0.00031515915537353145,0.0,0.7034743965733503,0.00031289111389243285,0.00031515915537353145,0.0,0.7853299197756931,0.00031289111389243285,0.00031515915537353145,0.0,0.8547052512064723
tfidf_only,model,model,extra_trees,6,166.0,0.9809,0.94075,0.6773358843231868,0.09945000000000004,0.10571352644166893,0.0,0.8942864735583311,0.04664999999999997,0.049588094605368026,0.0,0.9216329809838418,0.0059499999999999,0.0063247408982194,0.0,0.9388930378488888,0.0059499999999999,0.0063247408982194,0.0,0.9237499164879642
tfidf_only,model,model,extra_trees,11,174.0,1.0,0.5424,0.49476888774265043,0.016000000000000014,0.02949852507374634,0.0,0.9705014749262537,0.0048000000000000265,0.008849557522123942,0.0,0.9163980790406228,0.0048000000000000265,0.008849557522123942,0.0,0.9104194647990357,0.0016000000000000458,0.002949852507374716,0.0,0.8561512810814319
tfidf_only,model,model,extra_trees,12,150.0,0.9840000000000001,0.8840000000000001,0.754914468476024,0.006000000000000116,0.006787330316742212,0.0,0.9932126696832578,0.006000000000000116,0.006787330316742212,0.0,0.9833900793568073,0.0015000000000000568,0.0016968325791855844,0.0,0.9824740397170068,0.000500000000000167,0.0005656108597286956,0.0,0.982621425917457
tfidf_only,model,model,extra_trees,14,135.0,0.8805,0.7805,0.8038128199536816,0.0040000000000000036,0.005124919923126206,0.0,0.9948750800768738,0.0040000000000000036,0.005124919923126206,0.0,0.9609573156451614,0.0040000000000000036,0.005124919923126206,0.0,0.9625094736965533,0.0040000000000000036,0.005124919923126206,0.0,0.974599897426987
tfidf_only,model,model,extra_trees,15,143.0,0.9756795422031473,0.32045779685264664,0.6370729509696165,0.0014306151645206988,0.0044642857142855735,0.0,0.9955357142857144,0.0,0.0,0.0,0.9912960344604818,0.0,0.0,0.0,0.9852436798953549,0.0,0.0,0.0,0.9836901486607076
tfidf_only,model,model,extra_trees,16,125.0,0.9854999999999999,0.8855,0.7078968280905364,0.0009999999999998899,0.0011293054771314398,0.0,0.9988706945228686,0.0009999999999998899,0.0011293054771314398,0.0,0.9950263420839521,0.0009999999999998899,0.0011293054771314398,0.0,0.9947222080742792,0.0009999999999998899,0.0011293054771314398,0.0,0.9871664635158505
tfidf_only,model,model,extra_trees,18,138.0,0.772,0.673,0.7930618185308459,0.020500000000000074,0.030460624071322544,0.0,0.9695393759286774,0.013000000000000012,0.01931649331352156,0.0,0.9657762199617848,0.013000000000000012,0.01931649331352156,0.0,0.9665084988749129,0.0024999999999999467,0.0037147102526002176,0.0,0.9762331893356595
tfidf_only,model,model,extra_trees,22,120.0,0.907,0.8460000000000001,0.6795914982298208,0.03249999999999997,0.03841607565011817,0.0,0.9615839243498818,0.03249999999999997,0.03841607565011817,0.0,0.8931618846788704,0.03249999999999997,0.03841607565011817,0.0,0.8723520542633301,0.007000000000000006,0.008274231678487004,0.0,0.9070066759984297
tfidf_only,model,model,extra_trees,23,166.0,0.5743380855397149,0.2016293279022403,0.731605408028279,0.0054310855397148305,0.026935989898989716,0.0,0.9730640101010103,0.00407308553971486,0.02020085858585855,0.0,0.9491768820021848,0.00407308553971486,0.02020085858585855,0.0,0.9269528490284508,0.00407308553971486,0.02020085858585855,0.0,0.9142026763216847
tfidf_only,model,model,extra_trees,28,118.0,0.9937722419928825,0.9017793594306049,0.8898170173301477,0.00035624199288253333,0.0003950434096290129,0.0,0.999604956590371,0.00035624199288253333,0.0003950434096290129,0.0,0.9897568884451231,0.00017793594306036997,0.00019731649565889487,0.0,0.9917213145642119,0.00017793594306036997,0.00019731649565889487,0.0,0.99369604276526
tfidf_only,model,model,extra_trees,29,129.0,0.8884057971014492,0.33043478260869563,0.45000952315913184,0.028985797101449218,0.08772017543859632,0.0,0.9122798245614037,0.007246376811594124,0.02192982456140327,0.0,0.9313726261740162,0.0,0.0,1.0,0.940635170647254,0.0,0.0,1.0,0.9577325539872292
tfidf_only,model,model,extra_trees,31,266.0,0.784,0.5070000000000001,0.48016874072647203,0.03300000000000014,0.06508875739644997,0.0,0.93491124260355,0.030000000000000027,0.05917159763313613,0.0,0.9066516546800112,0.014000000000000012,0.027613412228796864,0.0,0.9093253033005821,0.007000000000000006,0.013806706114398432,0.0,0.9228194929065031
tfidf_only,model,model,extra_trees,32,160.0,0.9969978165938865,0.8938318777292578,0.7478068741436199,0.0009098165938865588,0.001017883358778733,0.0,0.9989821166412213,0.0009098165938865588,0.001017883358778733,0.0,0.9956923358473507,0.00018195050946157032,0.000203562340967082,0.0,0.9968686755166697,0.0,0.0,1.0,0.9951343720214187
tfidf_only,model,model,extra_trees,37,188.0,0.7877604166666667,0.2539062500000001,0.5328594946130729,0.010416416666666706,0.041024656410256544,0.0,0.9589753435897435,0.010416416666666706,0.041024656410256544,0.0,0.9435408908718722,0.010416416666666706,0.041024656410256544,0.0,0.9481415936867378,0.009114416666666791,0.03589677948717996,0.0,0.9105898759059047
tfidf_only,model,model,extra_trees,43,122.0,0.9626168224299065,0.37774396870245597,0.8149641372053084,0.10671593131927848,0.2825086306098966,0.0,0.7174913693901034,0.003912193001521347,0.010356731875719056,0.0,0.7811237127619888,0.003912193001521347,0.010356731875719056,0.0,0.823857531755488,0.0028254727233210097,0.007479861910241638,0.0,0.8800208272313725
tfidf_only,model,model,extra_trees,45,110.0,0.9705329153605016,0.5467089153605016,0.5991375521502114,0.0015673981191222097,0.002866970109841107,0.0,0.9971330298901588,0.0015673981191222097,0.002866970109841107,0.0,0.9932645275580216,0.00031391536050151547,0.0005741910396586796,0.0,0.9918549316982455,0.00031391536050151547,0.0005741910396586796,0.0,0.9832669597238953
tfidf_only,model,model,extra_trees,49,133.0,1.0,0.3465553235908142,0.5099690516809698,0.009395000000000042,0.027109668674698918,0.0,0.9728903313253011,0.0,0.0,1.0,0.9872780092214383,0.0,0.0,1.0,0.9908054792073894,0.0,0.0,1.0,0.9287546115543829
tfidf_only,model,model,extra_trees,53,136.0,0.8699763593380615,0.6382978723404256,0.8560167308825174,0.08865248226950351,0.1388888888888888,0.0,0.8611111111111112,0.018912359338061457,0.02962936296296295,0.0,0.9112254764641972,0.014184359338061503,0.02222216296296302,0.0,0.9117567743226914,0.014184359338061503,0.02222216296296302,0.0,0.8970835872450009
tfidf_only,model,model,extra_trees,219,107.0,0.9501015183615819,0.5730045183615818,0.6534951413966822,0.054775776836158196,0.09559397017109236,0.0,0.9044060298289076,0.03950388418079087,0.06894166261331786,0.0,0.9183393750634791,0.004766949152542277,0.008319217387975638,0.0,0.9219252783447841,0.0,0.0,1.0,0.9322024435507476
tfidf_only,model,model,extra_trees,2074,118.0,0.9283048211508553,0.8311041990668739,0.9415876460733004,0.0015548211508553678,0.0018707896706586856,0.0,0.9981292103293413,0.0015548211508553678,0.0018707896706586856,0.0,0.9960967398064093,0.0015548211508553678,0.0018707896706586856,0.0,0.9962633960655611,0.0,0.0,1.0,0.997893541492456
tfidf_only,model,model,extra_trees,2079,151.0,0.6997282608695652,0.4089672608695652,0.7844826164182331,0.1970108695652174,0.4817277283915679,0.0,0.518272271608432,0.1970108695652174,0.4817277283915679,0.0,0.5231857051275713,0.10597826086956519,0.25913629527270543,0.0,0.5584202865236291,0.0,0.0,1.0,0.6880302835872322
tfidf_only,model,model,extra_trees,3021,235.0,0.9928419936373277,0.5824499936373277,0.21552940614712945,0.054082714740190885,0.09285383351530499,0.0,0.907146166484695,0.054082714740190885,0.09285383351530499,0.0,0.9075846500350202,0.054082714740190885,0.09285383351530499,0.0,0.9077464623839587,0.054082714740190885,0.09285383351530499,0.0,0.908083884715458
tfidf_only,model,model,extra_trees,3022,112.0,0.997979797979798,0.997979797979798,0.6663163688538056,0.001009797979797944,0.001011842105263122,0.0,0.9989881578947368,0.001009797979797944,0.001011842105263122,0.0,0.757100118342759,0.001009797979797944,0.001011842105263122,0.0,0.8191158215843626,0.001009797979797944,0.001011842105263122,0.0,0.8759664628896009
tfidf_only,model,model,extra_trees,3481,83.0,0.9779402334231115,0.939463896370399,0.8140863870862668,0.0017952334231114975,0.0019109126279863952,0.0,0.9980890873720136,0.0,0.0,1.0,0.9916847495327835,0.0,0.0,1.0,0.9916212424314201,0.0,0.0,1.0,0.9910651761039029
tfidf_only,model,model,extra_trees,3549,116.0,0.998811,0.6623068382877526,0.743728944651967,0.0023779999999999912,0.003590480820261169,0.0,0.9964095191797389,6.06420926807516e-08,9.156193047550027e-08,0.0,0.9972519329591075,6.06420926807516e-08,9.156193047550027e-08,0.0,0.9975427855328596,6.06420926807516e-08,9.156193047550027e-08,0.0,0.9926191819354289
tfidf_only,model,model,extra_trees,3560,100.0,0.26348808030112925,0.0941028858218319,0.5722468467182023,0.032622333751568394,0.3466666666666667,0.0,0.6533333333333333,0.032622333751568394,0.3466666666666667,0.0,0.7075401093820385,0.03136762860727729,0.33333333333333326,0.0,0.7163713503720135,0.0,0.0,1.0,0.8136051292407367
tfidf_only,model,model,extra_trees,3573,57.0,0.9910428571428571,0.8885714285714286,0.8285048270201167,0.04222857142857139,0.04752411575562697,0.0,0.952475884244373,0.01728571428571435,0.019453376205787853,0.0,0.9635815007453415,0.010099999999999887,0.01136655948553042,0.0,0.9680318366830359,0.00728571428571434,0.008199356913183341,0.0,0.9753848751903235
tfidf_only,model,model,extra_trees,3902,89.0,0.929355281207133,0.17558299039780512,0.859000212327859,0.013717421124828433,0.07812499999999947,0.0,0.9218750000000006,0.013031550068587028,0.0742187499999996,0.0,0.9202617564370025,0.0,0.0,1.0,0.9511433919034614,0.0,0.0,1.0,0.9641315902405891
tfidf_only,model,model,extra_trees,3903,86.0,0.909149072296865,0.6513115802943059,0.4122366367726098,0.002559181062060212,0.0039292730844794795,0.0,0.9960707269155206,0.0019193857965451588,0.00294695481335961,0.0,0.9963062323815375,0.0019193857965451588,0.00294695481335961,0.0,0.9951455239423697,0.0019193857965451588,0.00294695481335961,0.0,0.9951883186190511
tfidf_only,model,model,extra_trees,3904,81.0,0.824345429490124,0.26311437758383094,0.819655941589474,0.0003674781809829275,0.0013966480446924463,0.0,0.9986033519553076,0.0003674781809829275,0.0013966480446924463,0.0,0.98172405723473,0.0003674781809829275,0.0013966480446924463,0.0,0.9835038197435243,0.0,0.0,1.0,0.9884936748938399
tfidf_only,model,model,extra_trees,3913,143.0,0.8697318007662835,0.31417624521072796,0.5080608411821421,0.06513409961685823,0.2073170731707317,0.0,0.7926829268292683,0.03831417624521072,0.12195121951219509,0.0,0.8266064061322649,0.01724137931034475,0.05487804878048756,0.0,0.8685987181555106,0.0,0.0,1.0,0.8886738492420664
tfidf_only,model,model,extra_trees,3917,93.0,0.8734,0.2925559999999999,0.7778785671555325,0.013750877192982403,0.04700254718065056,0.0,0.9529974528193494,0.00426770981507818,0.014587668053563013,0.0,0.9672522996851174,0.00426770981507818,0.014587668053563013,0.0,0.9650347394959468,0.003319393077287791,0.011346180140854372,0.0,0.9735468196432301
tfidf_only,model,model,extra_trees,3918,100.0,0.9413886384129847,0.1956717763751128,0.7354477590766926,0.006311992786293907,0.03225806451612876,0.0,0.9677419354838712,0.0054102795311090635,0.027649769585253222,0.0,0.9698719331594958,0.0036068530207394867,0.018433179723502714,0.0,0.9731513656804056,0.0,0.0,0.0,0.9798689531752535
tfidf_only,model,model,extra_trees,7592,84.0,0.8755988698251506,0.12069530322263633,0.7264275712702623,0.0016988698251505507,0.014075691263783401,0.0,0.9859243087362166,0.0,0.0,1.0,0.9821870064350195,0.0,0.0,1.0,0.9643699411275332,0.0,0.0,1.0,0.9444635718262469
tfidf_only,model,model,extra_trees,9910,29.0,0.8160490535857104,0.23220474540122626,0.8171513308733367,0.0,0.0,1.0,1.0,0.0,0.0,1.0,0.9452338031768345,0.0,0.0,1.0,0.9459301829496993,0.0,0.0,1.0,0.9635772410559345
tfidf_only,model,model,extra_trees,9946,123.0,0.9841827768014059,0.5869947275922671,0.7254972698506443,0.08611599297012285,0.14670658682634702,0.0,0.8532934131736528,0.024604569420034972,0.04191616766467036,0.0,0.8997888306786056,0.012302284710017486,0.02095808383233518,0.0,0.920351432431229,0.0017574692442882123,0.0029940119760478827,0.0,0.94619272228933
tfidf_only,model,model,extra_trees,9952,120.0,0.9224648408586232,0.21595114729829745,0.7351553542624542,0.007401924500370027,0.034275921165381015,0.0,0.965724078834619,0.007216876387860838,0.03341902313624678,0.0,0.9536529872197194,0.007216876387860838,0.03341902313624678,0.0,0.9263353438516687,0.0,0.0,1.0,0.9320510378062185
tfidf_only,model,model,extra_trees,9957,125.0,0.8938388625592417,0.27203791469194316,0.7478286984663368,0.26066350710900477,0.9581881533101045,0.0,0.04181184668989549,0.027488151658767834,0.1010452961672476,0.0,0.23116803932766514,0.02274881516587679,0.08362369337979098,0.0,0.42217212153141953,0.0,0.0,1.0,0.6137923646599851
tfidf_only,model,model,extra_trees,9960,106.0,0.998533724340176,0.5943914956011731,0.6076204194594973,0.0010997067448679232,0.0018501387604068417,0.0,0.9981498612395932,0.0010997067448679232,0.0018501387604068417,0.0,0.9406049174361818,0.0003665689149560114,0.0006167129201356763,0.0,0.9570636452744126,0.0,0.0,0.0,0.9575618118468214
tfidf_only,model,model,extra_trees,9964,105.0,0.9667294413057125,0.8750784682988073,0.7437217492593817,0.005649441305712433,0.0064559253945479945,0.0,0.993544074605452,0.005649441305712433,0.0064559253945479945,0.0,0.9569559934945033,0.004394224733207719,0.005021520803443254,0.0,0.9673944269373203,0.0,0.0,1.0,0.976428614943375
tfidf_only,model,model,extra_trees,9971,100.0,0.7427101200686106,0.1783881200686106,0.40446171265297126,0.02229812006861054,0.12499778606352466,0.0,0.8750022139364754,0.02229812006861054,0.12499778606352466,0.0,0.8634009112890044,0.012006861063464824,0.06730751497827779,0.0,0.8795225181458755,0.012006861063464824,0.06730751497827779,0.0,0.8921190417539098
tfidf_only,model,model,extra_trees,9976,89.0,0.8746153846153847,0.3746153846153847,0.5197887297287338,0.2765384615384616,0.7381930184804929,0.0,0.2618069815195071,0.0003846153846155387,0.0010266940451749492,0.0,0.557773847854483,0.0003846153846155387,0.0010266940451749492,0.0,0.482899166325112,0.0,0.0,1.0,0.5528077522559308
tfidf_only,model,model,extra_trees,9977,95.0,0.9760916872189178,0.2161613230813869,0.8177182338855162,0.006121687218917815,0.02831999328859094,0.0,0.9716800067114091,0.0012766574786015061,0.005906040268456498,0.0,0.9834748805876239,0.0,0.0,1.0,0.980890946555305,0.0,0.0,1.0,0.9801651957053981
tfidf_only,model,model,extra_trees,9978,98.0,0.9490923441199685,0.2711128650355169,0.7096190372542555,0.008287292817679592,0.030567685589519784,0.0,0.9694323144104802,0.0,0.0,1.0,0.9845972477079706,0.0,0.0,1.0,0.9870735762466933,0.0,0.0,1.0,0.9902692976911743
tfidf_only,model,model,extra_trees,9981,309.0,0.9657407407407408,0.8546296296296296,2.2646216788914704e-05,0.005555740740740833,0.006500758396533152,0.0,0.993499241603467,0.005555740740740833,0.006500758396533152,0.0,0.9344023461761934,0.005555740740740833,0.006500758396533152,0.0,0.9256750654368434,0.005555740740740833,0.006500758396533152,0.0,0.8762834244003868
tfidf_only,model,model,extra_trees,9985,111.0,0.6389342922523701,0.4658385093167702,0.7258389612910072,0.04870872834259565,0.10456140350877201,0.0,0.895438596491228,0.0019614253023864103,0.004210526315789494,0.0,0.8968102519554265,0.0019614253023864103,0.004210526315789494,0.0,0.8962702515738488,0.0019614253023864103,0.004210526315789494,0.0,0.9182549532401915
tfidf_only,model,model,extra_trees,10093,155.0,1.0,0.555393586005831,0.7645340925670736,0.0,0.0,0.0,1.0,0.0,0.0,0.0,0.9981524459605401,0.0,0.0,0.0,0.9986647236012848,0.0,0.0,0.0,0.9984250706893661
tfidf_only,model,model,extra_trees,10101,452.0,0.8074866310160428,0.5695187165775402,0.11224989297968645,0.06550802139037426,0.11502347417840363,0.0,0.8849765258215964,0.06550802139037426,0.11502347417840363,0.0,0.8123476263155794,0.06016042780748665,0.10563380281690143,0.0,0.8235810983112251,0.02941176470588236,0.05164319248826292,0.0,0.8523151153575019
tfidf_only,model,model,extra_trees,14952,56.0,0.9758480325644504,0.3907734056987787,0.6331840497316397,0.0009950248756217528,0.0025462962962959444,0.0,0.997453703703704,0.0009950248756217528,0.0025462962962959444,0.0,0.9775424938121746,0.0006331976481228629,0.0016203703703699657,0.0,0.9658712329118618,0.0,0.0,1.0,0.9773010807740985
tfidf_only,model,model,extra_trees,14954,47.0,0.8592592592592593,0.24814814814814812,0.613495699641338,0.0,0.0,1.0,1.0,0.0,0.0,1.0,0.9494073002890087,0.0,0.0,1.0,0.9577455975622176,0.0,0.0,1.0,0.9342999963494801
tfidf_only,model,model,extra_trees,14965,81.0,0.9099776603039084,0.06881068766450638,0.716495555735162,0.010462055694410721,0.1520411443265842,0.0,0.8479588556734158,0.0,0.0,1.0,0.8300930887243169,0.0,0.0,1.0,0.8782138647876763,0.0,0.0,1.0,0.9088365179232234
tfidf_only,model,model,extra_trees,14969,100.0,0.7347310847766636,0.5223336371923427,0.8083166030532796,0.2312367061683379,0.4426992437463642,0.0,0.5573007562536357,0.023295857388838215,0.04459957339538486,0.0,0.7277341174158751,0.023295857388838215,0.04459957339538486,0.0,0.7373254481036033,0.0,0.0,1.0,0.7844491788091303
tfidf_only,model,model,extra_trees,14970,77.0,0.9957277405573356,0.8458102728420234,0.7872308160814246,0.0024277405573356337,0.0028703133968545165,0.0,0.9971296866031455,0.0,0.0,1.0,0.9936860955381585,0.0,0.0,1.0,0.9942745479359802,0.0,0.0,1.0,0.9950261551735989
tfidf_only,model,model,extra_trees,125920,83.0,0.6579999999999999,0.15599999999999992,0.09699985678726214,0.04399999999999993,0.2820512820512817,0.0,0.7179487179487183,0.015999999999999903,0.10256410256410199,0.0,0.8262767156183023,0.015999999999999903,0.10256410256410199,0.0,0.81297162841186,0.013999999999999901,0.08974358974358916,0.0,0.8284619630520716
tfidf_only,model,model,extra_trees,125922,99.0,0.9994545454545455,0.9256363636363637,0.7042638520907856,0.0005455454545454375,0.0005893734040463379,0.0,0.9994106265959537,0.0005455454545454375,0.0005893734040463379,0.0,0.9917249841912795,0.0001818181818182829,0.00019642506383825496,0.0,0.9913793140154579,0.0,0.0,1.0,0.9915613168952934
tfidf_only,model,model,extra_trees,146195,71.0,0.8688070814275354,0.26003226904687904,0.6341592554721787,0.0,0.0,1.0,1.0,0.0,0.0,1.0,0.7721684739004123,0.0,0.0,1.0,0.8142215952727481,0.0,0.0,1.0,0.8685804026586506
tfidf_only,model,model,extra_trees,146800,51.0,1.0,0.8611111111111112,0.792452368998867,0.06296296296296289,0.07311827956989238,0.0,0.9268817204301076,0.0,0.0,1.0,0.9652829000731509,0.0,0.0,1.0,0.9687934338113046,0.0,0.0,1.0,0.9784651616472999
tfidf_only,model,model,extra_trees,146817,74.0,0.8181349819680577,0.5574446161772282,0.7872395764190008,0.06955177743431218,0.12476894639556373,0.0,0.8752310536044363,0.06955177743431218,0.12476894639556373,0.0,0.814186738524093,0.0005151983513652647,0.0009242144177448973,0.0,0.8587052744270467,0.0,0.0,1.0,0.9001297343632917
tfidf_only,model,model,extra_trees,146819,71.0,0.9666666666666667,0.20185185185185184,0.5685702907401919,0.04999999999999993,0.2477064220183483,0.0,0.7522935779816516,0.014814814814814725,0.0733944954128436,0.0,0.7949051737692099,0.0,0.0,0.0,0.8426179754180255,0.0,0.0,1.0,0.8929526363146167
tfidf_only,model,model,extra_trees,146820,61.0,0.9894606323620583,0.32300061996280216,0.8518313476172118,0.0035131225459805737,0.010876519513755598,0.0,0.9891234804862444,0.0,0.0,1.0,0.9950814273225475,0.0,0.0,1.0,0.9958721601727022,0.0,0.0,1.0,0.9970456250084506
tfidf_only,model,model,extra_trees,146821,61.0,1.0,0.3032407407407408,0.1076759154381319,0.01620370370370372,0.053435114503816834,0.0,0.9465648854961831,0.01620370370370372,0.053435114503816834,0.0,0.704657304898727,0.01620370370370372,0.053435114503816834,0.0,0.6379748209610215,0.01620370370370372,0.053435114503816834,0.0,0.5469415864491989
tfidf_only,model,model,extra_trees,146822,77.0,0.9467532467532468,0.8038961038961039,0.821511480207424,0.01601731601731604,0.01992460958535275,0.0,0.9800753904146472,0.0051948051948053076,0.006462035541195617,0.0,0.983549763437273,0.0051948051948053076,0.006462035541195617,0.0,0.9824894584597339,0.0012987012987013546,0.0016155088852989388,0.0,0.9863225034246553
tfidf_only,model,model,extra_trees,146824,57.0,0.9834999999999999,0.8839999999999999,0.7192386122666345,0.15500000000000003,0.17533936651583715,0.0,0.8246606334841629,0.0,0.0,1.0,0.9174899777431544,0.0,0.0,1.0,0.935035110837144,0.0,0.0,1.0,0.9569528455206996
tfidf_only,model,model,extra_trees,146825,38.0,0.9148142857142857,0.8156857142857142,0.7987521507559366,0.11535714285714282,0.14142351746120702,0.0,0.8585764825387929,0.03035714285714286,0.03721671512137028,0.0,0.909319674134491,0.03035714285714286,0.03721671512137028,0.0,0.9201481856498103,0.0,0.0,1.0,0.9555452018939018
tfidf_only,model,model,extra_trees,167119,55.0,0.8780204823847029,0.2892077020906312,0.6985582233820594,0.09080970124277654,0.3139947538960039,0.0,0.6860052461039962,0.01584149579419436,0.05477549760839354,0.0,0.7983934907321875,0.0,0.0,1.0,0.8543062108300091,0.0,0.0,1.0,0.8905372522256809
tfidf_only,model,model,extra_trees,167120,39.0,0.5226640365448505,0.02209302325581397,0.51792952148402,0.0018999169435216512,0.08599624060150625,0.0,0.9140037593984938,0.0,0.0,1.0,0.9627459823600998,0.0,0.0,1.0,0.9339736715409618,0.0,0.0,1.0,0.9346437098069276
tfidf_only,model,model,extra_trees,167121,10.0,0.9450978260869566,0.9223260869565219,0.9268292682926831,0.0,0.0,1.0,1.0,0.0,0.0,1.0,0.9953463025667901,0.0,0.0,1.0,0.9960153179490596,0.0,0.0,1.0,0.9966903913991467
tfidf_only,model,model,extra_trees,167124,10.0,0.58735,0.43163333333333337,0.7622092916488802,0.22955000000000003,0.5318171287358098,0.0,0.4681828712641903,0.0,0.0,1.0,0.8537648096365741,0.0,0.0,1.0,0.8422015847730837,0.0,0.0,1.0,0.8983279236949905
tfidf_only,model,model,extra_trees,167125,11.0,0.9789569990850869,0.20890515401036902,0.7214687086640126,0.019823116803903695,0.09489051094890542,0.0,0.9051094890510946,0.0,0.0,1.0,0.9663322673828094,0.0,0.0,1.0,0.9752363385038381,0.0,0.0,1.0,0.9309351298981745
tfidf_only,model,model,extra_trees,167140,46.0,0.9686126804770872,0.4494664155681104,0.6951156102433061,0.0034526051475202157,0.007681564245809644,0.0,0.9923184357541903,0.0,0.0,1.0,0.998664131509971,0.0,0.0,1.0,0.9971601811240383,0.0,0.0,1.0,0.9895926608809974
tfidf_only,model,model,extra_trees,167141,69.0,0.9616,0.6604,0.6328490185287265,0.0011999999999999789,0.0018170805572380055,0.0,0.9981829194427619,0.0011999999999999789,0.0018170805572380055,0.0,0.929925123455899,0.0011999999999999789,0.0018170805572380055,0.0,0.9096145957715659,0.0,0.0,1.0,0.9333163085516482
tfidf_only,global_default,baseline,,3,166.0,0.9978097622027535,0.9928035043804757,0.5155216951444666,0.00031289111389243285,0.00031515915537353145,0.0,0.9996848408446265,0.00031289111389243285,0.00031515915537353145,0.0,0.9991090346260575,0.00031289111389243285,0.00031515915537353145,0.0,0.997848632172693,0.0,0.0,0.0,0.9948171900644573
tfidf_only,global_default,baseline,,6,166.0,0.9809,0.94075,0.6822652310564401,0.09945000000000004,0.10571352644166893,0.0,0.8942864735583311,0.04664999999999997,0.049588094605368026,0.0,0.9216329809838418,0.0059499999999999,0.0063247408982194,0.0,0.9388930378488888,0.0059499999999999,0.0063247408982194,0.0,0.9187238491866689
tfidf_only,global_default,baseline,,11,174.0,1.0,0.5424,0.5226695823238288,0.016000000000000014,0.02949852507374634,0.0,0.9705014749262537,0.0048000000000000265,0.008849557522123942,0.0,0.9163980790406228,0.0048000000000000265,0.008849557522123942,0.0,0.9104194647990357,0.0016000000000000458,0.002949852507374716,0.0,0.8561512810814319
tfidf_only,global_default,baseline,,12,150.0,0.9840000000000001,0.8840000000000001,0.7653290052034543,0.006000000000000116,0.006787330316742212,0.0,0.9932126696832578,0.006000000000000116,0.006787330316742212,0.0,0.9833900793568073,0.0015000000000000568,0.0016968325791855844,0.0,0.9824740397170068,0.0015000000000000568,0.0016968325791855844,0.0,0.980164628732919
tfidf_only,global_default,baseline,,14,135.0,0.8805,0.7805,0.81014214497256,0.0040000000000000036,0.005124919923126206,0.0,0.9948750800768738,0.0040000000000000036,0.005124919923126206,0.0,0.9609573156451614,0.0040000000000000036,0.005124919923126206,0.0,0.9625094736965533,0.0040000000000000036,0.005124919923126206,0.0,0.9677709816090156
tfidf_only,global_default,baseline,,15,143.0,0.9756795422031473,0.32045779685264664,0.6273791193172313,0.0014306151645206988,0.0044642857142855735,0.0,0.9955357142857144,0.0,0.0,0.0,0.9912960344604818,0.0,0.0,0.0,0.9852436798953549,0.0,0.0,0.0,0.9870109653139091
tfidf_only,global_default,baseline,,16,125.0,0.9854999999999999,0.8855,0.7013636298103848,0.0009999999999998899,0.0011293054771314398,0.0,0.9988706945228686,0.0009999999999998899,0.0011293054771314398,0.0,0.9950263420839521,0.0009999999999998899,0.0011293054771314398,0.0,0.9947222080742792,0.0009999999999998899,0.0011293054771314398,0.0,0.9871664635158505
tfidf_only,global_default,baseline,,18,138.0,0.772,0.673,0.8005045562739772,0.020500000000000074,0.030460624071322544,0.0,0.9695393759286774,0.013000000000000012,0.01931649331352156,0.0,0.9657762199617848,0.013000000000000012,0.01931649331352156,0.0,0.9665084988749129,0.0024999999999999467,0.0037147102526002176,0.0,0.9762331893356595
tfidf_only,global_default,baseline,,22,120.0,0.907,0.8460000000000001,0.6869805790725435,0.03249999999999997,0.03841607565011817,0.0,0.9615839243498818,0.03249999999999997,0.03841607565011817,0.0,0.8931618846788704,0.03249999999999997,0.03841607565011817,0.0,0.8723520542633301,0.007000000000000006,0.008274231678487004,0.0,0.9070066759984297
tfidf_only,global_default,baseline,,23,166.0,0.5743380855397149,0.2016293279022403,0.7451711389983757,0.0054310855397148305,0.026935989898989716,0.0,0.9730640101010103,0.0054310855397148305,0.026935989898989716,0.0,0.9534000036658556,0.00407308553971486,0.02020085858585855,0.0,0.9643577935633152,0.00407308553971486,0.02020085858585855,0.0,0.9258347918552383
tfidf_only,global_default,baseline,,28,118.0,0.9937722419928825,0.9017793594306049,0.9038410864447277,0.00035624199288253333,0.0003950434096290129,0.0,0.999604956590371,0.00035624199288253333,0.0003950434096290129,0.0,0.9897568884451231,0.00017793594306036997,0.00019731649565889487,0.0,0.9917213145642119,0.00017793594306036997,0.00019731649565889487,0.0,0.9938907161217486
tfidf_only,global_default,baseline,,29,129.0,0.8884057971014492,0.33043478260869563,0.4944568592470985,0.005796797101449203,0.01754293859649101,0.0,0.982457061403509,0.005796797101449203,0.01754293859649101,0.0,0.9495291133738749,0.0,0.0,1.0,0.9650900966972688,0.0,0.0,1.0,0.9711012118787421
tfidf_only,global_default,baseline,,31,266.0,0.784,0.5070000000000001,0.39851360479473696,0.016000000000000014,0.03155818540433927,0.0,0.9684418145956606,0.016000000000000014,0.03155818540433927,0.0,0.9257857576961885,0.014000000000000012,0.027613412228796864,0.0,0.9144890311646282,0.007000000000000006,0.013806706114398432,0.0,0.9364556901525313
tfidf_only,global_default,baseline,,32,160.0,0.9969978165938865,0.8938318777292578,0.7665276661165076,0.006004366812227047,0.006717557251908365,0.0,0.9932824427480915,0.0009098165938865588,0.001017883358778733,0.0,0.9943848671198063,0.00045487627365370376,0.0005089058524174566,0.0,0.9952888375692287,0.00018195050946157032,0.000203562340967082,0.0,0.9942274033199042
tfidf_only,global_default,baseline,,37,188.0,0.7877604166666667,0.2539062500000001,0.5533553693283235,0.010416416666666706,0.041024656410256544,0.0,0.9589753435897435,0.010416416666666706,0.041024656410256544,0.0,0.9435408908718722,0.010416416666666706,0.041024656410256544,0.0,0.9395535081281238,0.005208333333333481,0.020512820512821085,0.0,0.9472203409510257
tfidf_only,global_default,baseline,,43,122.0,0.9626168224299065,0.37774396870245597,0.7857435122456654,0.15692240817213654,0.4154200230149599,0.0,0.5845799769850402,0.030428167789610883,0.0805523590333715,0.0,0.7181531658015419,0.003912193001521347,0.010356731875719056,0.0,0.75422572918326,0.0028254727233210097,0.007479861910241638,0.0,0.8288232974609362
tfidf_only,global_default,baseline,,45,110.0,0.9705329153605016,0.5467089153605016,0.6106570904308573,0.0015673981191222097,0.002866970109841107,0.0,0.9971330298901588,0.0015673981191222097,0.002866970109841107,0.0,0.9974365622100677,0.0015673981191222097,0.002866970109841107,0.0,0.9922790369684978,0.00031391536050151547,0.0005741910396586796,0.0,0.9844683573125541
tfidf_only,global_default,baseline,,49,133.0,1.0,0.3465553235908142,0.5409104332731061,0.009395000000000042,0.027109668674698918,0.0,0.9728903313253011,0.0,0.0,1.0,0.9872780092214383,0.0,0.0,1.0,0.9908054792073894,0.0,0.0,1.0,0.9322689364871668
tfidf_only,global_default,baseline,,53,136.0,0.8699763593380615,0.6382978723404256,0.8648887355311506,0.08865248226950351,0.1388888888888888,0.0,0.8611111111111112,0.018912359338061457,0.02962936296296295,0.0,0.9112254764641972,0.014184359338061503,0.02222216296296302,0.0,0.9117567743226914,0.014184359338061503,0.02222216296296302,0.0,0.8970835872450009
tfidf_only,global_default,baseline,,219,107.0,0.9501015183615819,0.5730045183615818,0.6085979159411412,0.03950388418079087,0.06894166261331786,0.0,0.9310583373866821,0.004766949152542277,0.008319217387975638,0.0,0.924578922270174,0.0,0.0,1.0,0.9262201977462589,0.0,0.0,1.0,0.9237908504350063
tfidf_only,global_default,baseline,,2074,118.0,0.9283048211508553,0.8311041990668739,0.9443232227943079,0.0015548211508553678,0.0018707896706586856,0.0,0.9981292103293413,0.0015548211508553678,0.0018707896706586856,0.0,0.9960967398064093,0.0015548211508553678,0.0018707896706586856,0.0,0.9962633960655611,0.0,0.0,1.0,0.9974069022341433
tfidf_only,global_default,baseline,,2079,151.0,0.6997282608695652,0.4089672608695652,0.8078595712864146,0.013587260869565188,0.03322334614432295,0.0,0.966776653855677,0.0,0.0,1.0,0.9738818579149205,0.0,0.0,1.0,0.97912386183412,0.0,0.0,1.0,0.9814768261553938
tfidf_only,global_default,baseline,,3021,235.0,0.9928419936373277,0.5824499936373277,0.7454232458766479,0.022534464475079563,0.0386890972980438,0.0,0.9613109027019562,0.0010604453870626251,0.0018206634022609831,0.0,0.9813518878016328,0.0,0.0,1.0,0.9822309598839508,0.0,0.0,1.0,0.9885524936674304
tfidf_only,global_default,baseline,,3022,112.0,0.997979797979798,0.997979797979798,0.6701127225695431,0.001009797979797944,0.001011842105263122,0.0,0.9989881578947368,0.001009797979797944,0.001011842105263122,0.0,0.757100118342759,0.001009797979797944,0.001011842105263122,0.0,0.8191158215843626,0.001009797979797944,0.001011842105263122,0.0,0.8759664628896009
tfidf_only,global_default,baseline,,3481,83.0,0.9779402334231115,0.939463896370399,0.815687306948031,0.0017952334231114975,0.0019109126279863952,0.0,0.9980890873720136,0.0,0.0,1.0,0.9916847495327835,0.0,0.0,1.0,0.9916212424314201,0.0,0.0,1.0,0.9910651761039029
tfidf_only,global_default,baseline,,3549,116.0,0.998811,0.6623068382877526,0.7472364708548576,0.0023779999999999912,0.003590480820261169,0.0,0.9964095191797389,6.06420926807516e-08,9.156193047550027e-08,0.0,0.9972519329591075,6.06420926807516e-08,9.156193047550027e-08,0.0,0.9975427855328596,6.06420926807516e-08,9.156193047550027e-08,0.0,0.9926191819354289
tfidf_only,global_default,baseline,,3560,100.0,0.26348808030112925,0.0941028858218319,0.575902167304189,0.032622333751568394,0.3466666666666667,0.0,0.6533333333333333,0.032622333751568394,0.3466666666666667,0.0,0.7075401093820385,0.03136762860727729,0.33333333333333326,0.0,0.7163713503720135,0.0,0.0,1.0,0.8115355740165602
tfidf_only,global_default,baseline,,3573,57.0,0.9910428571428571,0.8885714285714286,0.8215365246059602,0.04222857142857139,0.04752411575562697,0.0,0.952475884244373,0.01728571428571435,0.019453376205787853,0.0,0.9635815007453415,0.010099999999999887,0.01136655948553042,0.0,0.9685783073710323,0.00728571428571434,0.008199356913183341,0.0,0.9784396330778834
tfidf_only,global_default,baseline,,3902,89.0,0.929355281207133,0.17558299039780512,0.8521735231271953,0.013717421124828433,0.07812499999999947,0.0,0.9218750000000006,0.013031550068587028,0.0742187499999996,0.0,0.9202617564370025,0.0,0.0,1.0,0.9511433919034614,0.0,0.0,1.0,0.9641315902405891
tfidf_only,global_default,baseline,,3903,86.0,0.909149072296865,0.6513115802943059,0.4063171792322555,0.002559181062060212,0.0039292730844794795,0.0,0.9960707269155206,0.0019193857965451588,0.00294695481335961,0.0,0.9963062323815375,0.0019193857965451588,0.00294695481335961,0.0,0.9951455239423697,0.0019193857965451588,0.00294695481335961,0.0,0.9943257461594381
tfidf_only,global_default,baseline,,3904,81.0,0.824345429490124,0.26311437758383094,0.8238718218910754,0.0003674781809829275,0.0013966480446924463,0.0,0.9986033519553076,0.0003674781809829275,0.0013966480446924463,0.0,0.98172405723473,0.0003674781809829275,0.0013966480446924463,0.0,0.9835038197435243,0.0,0.0,1.0,0.9884936748938399
tfidf_only,global_default,baseline,,3913,143.0,0.8697318007662835,0.31417624521072796,0.5011043728291743,0.06513409961685823,0.2073170731707317,0.0,0.7926829268292683,0.03256704980842917,0.10365853658536603,0.0,0.8613616501925276,0.021072800766283484,0.06707318292682914,0.0,0.8656860235287538,0.01724137931034475,0.05487804878048756,0.0,0.8844670686472963
tfidf_only,global_default,baseline,,3917,93.0,0.8734,0.2925559999999999,0.755843616425572,0.013750877192982403,0.04700254718065056,0.0,0.9529974528193494,0.00426770981507818,0.014587668053563013,0.0,0.9672522996851174,0.00426770981507818,0.014587668053563013,0.0,0.9650347394959468,0.00426770981507818,0.014587668053563013,0.0,0.9714302211187801
tfidf_only,global_default,baseline,,3918,100.0,0.9413886384129847,0.1956717763751128,0.6768103474719797,0.006311992786293907,0.03225806451612876,0.0,0.9677419354838712,0.0054102795311090635,0.027649769585253222,0.0,0.9698719331594958,0.0036068530207394867,0.018433179723502714,0.0,0.9731513656804056,0.0,0.0,0.0,0.9725220820101139
tfidf_only,global_default,baseline,,7592,84.0,0.8755988698251506,0.12069530322263633,0.6711833610024447,0.0,0.0,1.0,1.0,0.0,0.0,1.0,0.9821610904514162,0.0,0.0,1.0,0.954521256696669,0.0,0.0,1.0,0.9380043438041398
tfidf_only,global_default,baseline,,9910,29.0,0.8160490535857104,0.23220474540122626,0.8158187079319199,0.0,0.0,1.0,1.0,0.0,0.0,1.0,0.9452338031768345,0.0,0.0,1.0,0.9459301829496993,0.0,0.0,1.0,0.9635772410559345
tfidf_only,global_default,baseline,,9946,123.0,0.9841827768014059,0.5869947275922671,0.7636825265903682,0.08611599297012285,0.14670658682634702,0.0,0.8532934131736528,0.021089630931458547,0.03592814371257459,0.0,0.9109529003697681,0.0017574692442882123,0.0029940119760478827,0.0,0.9329748520457689,0.0017574692442882123,0.0029940119760478827,0.0,0.9544944294357295
tfidf_only,global_default,baseline,,9952,120.0,0.9224648408586232,0.21595114729829745,0.7428076367900418,0.007401924500370027,0.034275921165381015,0.0,0.965724078834619,0.007216876387860838,0.03341902313624678,0.0,0.9536529872197194,0.007216876387860838,0.03341902313624678,0.0,0.9263353438516687,0.0,0.0,1.0,0.9320510378062185
tfidf_only,global_default,baseline,,9957,125.0,0.8938388625592417,0.27203791469194316,0.7568574789273694,0.26066350710900477,0.9581881533101045,0.0,0.04181184668989549,0.027488151658767834,0.1010452961672476,0.0,0.23116803932766514,0.02274881516587679,0.08362369337979098,0.0,0.42217212153141953,0.013270142180094813,0.04878048780487814,0.0,0.6090605793374027
tfidf_only,global_default,baseline,,9960,106.0,0.998533724340176,0.5943914956011731,0.617543071927076,0.0010997067448679232,0.0018501387604068417,0.0,0.9981498612395932,0.0010997067448679232,0.0018501387604068417,0.0,0.9406049174361818,0.0003665689149560114,0.0006167129201356763,0.0,0.9570636452744126,0.0,0.0,0.0,0.9575618118468214
tfidf_only,global_default,baseline,,9964,105.0,0.9667294413057125,0.8750784682988073,0.7653868545236255,0.005649441305712433,0.0064559253945479945,0.0,0.993544074605452,0.005649441305712433,0.0064559253945479945,0.0,0.9569559934945033,0.004394224733207719,0.005021520803443254,0.0,0.9673944269373203,0.0,0.0,1.0,0.976428614943375
tfidf_only,global_default,baseline,,9971,100.0,0.7427101200686106,0.1783881200686106,0.42812240641991905,0.02229812006861054,0.12499778606352466,0.0,0.8750022139364754,0.02229812006861054,0.12499778606352466,0.0,0.8634009112890044,0.012006861063464824,0.06730751497827779,0.0,0.8795225181458755,0.012006861063464824,0.06730751497827779,0.0,0.8921190417539098
tfidf_only,global_default,baseline,,9976,89.0,0.8746153846153847,0.3746153846153847,0.5191337694857295,0.2765384615384616,0.7381930184804929,0.0,0.2618069815195071,0.0003846153846155387,0.0010266940451749492,0.0,0.557773847854483,0.0003846153846155387,0.0010266940451749492,0.0,0.482899166325112,0.0,0.0,1.0,0.5528077522559308
tfidf_only,global_default,baseline,,9977,95.0,0.9760916872189178,0.2161613230813869,0.8193711453155457,0.006121687218917815,0.02831999328859094,0.0,0.9716800067114091,0.0012766574786015061,0.005906040268456498,0.0,0.9834748805876239,0.0,0.0,1.0,0.9885076810096192,0.0,0.0,1.0,0.9822697532791842
tfidf_only,global_default,baseline,,9978,98.0,0.9490923441199685,0.2711128650355169,0.705306897394234,0.008287292817679592,0.030567685589519784,0.0,0.9694323144104802,0.0,0.0,1.0,0.9845972477079706,0.0,0.0,1.0,0.9870735762466933,0.0,0.0,1.0,0.9880389209039641
tfidf_only,global_default,baseline,,9981,309.0,0.9657407407407408,0.8546296296296296,0.3932193075885467,0.005555740740740833,0.006500758396533152,0.0,0.993499241603467,0.005555740740740833,0.006500758396533152,0.0,0.7017425534505174,0.005555740740740833,0.006500758396533152,0.0,0.7784813807217267,0.0,0.0,1.0,0.8505077510296278
tfidf_only,global_default,baseline,,9985,111.0,0.6389342922523701,0.4658385093167702,0.7257082828516108,0.04870872834259565,0.10456140350877201,0.0,0.895438596491228,0.0019614253023864103,0.004210526315789494,0.0,0.8968102519554265,0.0019614253023864103,0.004210526315789494,0.0,0.8962702515738488,0.0019614253023864103,0.004210526315789494,0.0,0.9157285388216378
tfidf_only,global_default,baseline,,10093,155.0,1.0,0.555393586005831,0.7231054901691935,0.0,0.0,0.0,1.0,0.0,0.0,0.0,0.9981524459605401,0.0,0.0,0.0,0.9986647236012848,0.0,0.0,0.0,0.997468644891468
tfidf_only,global_default,baseline,,10101,452.0,0.8074866310160428,0.5695187165775402,0.24293867357455484,0.06550802139037426,0.11502347417840363,0.0,0.8849765258215964,0.06016042780748665,0.10563380281690143,0.0,0.8831545150609393,0.05882352941176483,0.10328638497652604,0.0,0.8873446621476916,0.016042780748663166,0.02816901408450715,0.0,0.9051255569561567
tfidf_only,global_default,baseline,,14952,56.0,0.9758480325644504,0.3907734056987787,0.6436581331999084,0.0009950248756217528,0.0025462962962959444,0.0,0.997453703703704,0.0009950248756217528,0.0025462962962959444,0.0,0.9775424938121746,0.0006331976481228629,0.0016203703703699657,0.0,0.9658712329118618,0.0,0.0,1.0,0.9773010807740985
tfidf_only,global_default,baseline,,14954,47.0,0.8592592592592593,0.24814814814814812,0.6076469389858775,0.0,0.0,1.0,1.0,0.0,0.0,1.0,0.9494073002890087,0.0,0.0,1.0,0.9577455975622176,0.0,0.0,1.0,0.9342999963494801
tfidf_only,global_default,baseline,,14965,81.0,0.9099776603039084,0.06881068766450638,0.7092442272175301,0.010462055694410721,0.1520411443265842,0.0,0.8479588556734158,0.0,0.0,1.0,0.8300930887243169,0.0,0.0,1.0,0.8622421167514738,0.0,0.0,1.0,0.906770709459829
tfidf_only,global_default,baseline,,14969,100.0,0.7347310847766636,0.5223336371923427,0.7984201903569638,0.2312367061683379,0.4426992437463642,0.0,0.5573007562536357,0.023295857388838215,0.04459957339538486,0.0,0.724711613717143,0.023295857388838215,0.04459957339538486,0.0,0.7300359088046631,0.0,0.0,1.0,0.7785831786189663
tfidf_only,global_default,baseline,,14970,77.0,0.9957277405573356,0.8458102728420234,0.7957622954441016,0.0024277405573356337,0.0028703133968545165,0.0,0.9971296866031455,0.0,0.0,1.0,0.9936860955381585,0.0,0.0,1.0,0.9942745479359802,0.0,0.0,1.0,0.9942818657615214
tfidf_only,global_default,baseline,,125920,83.0,0.6579999999999999,0.15599999999999992,0.08523343835850067,0.04799999999999993,0.30769230769230743,0.0,0.6923076923076926,0.017999999999999905,0.11538461538461484,0.0,0.7605470482330255,0.017999999999999905,0.11538461538461484,0.0,0.7647884522368098,0.013999999999999901,0.08974358974358916,0.0,0.7965278991482874
tfidf_only,global_default,baseline,,125922,99.0,0.9994545454545455,0.9256363636363637,0.7265269528272562,0.0005455454545454375,0.0005893734040463379,0.0,0.9994106265959537,0.0005455454545454375,0.0005893734040463379,0.0,0.9917249841912795,0.0001818181818182829,0.00019642506383825496,0.0,0.9913793140154579,0.0,0.0,1.0,0.9915613168952934
tfidf_only,global_default,baseline,,146195,71.0,0.8688070814275354,0.26003226904687904,0.6702508135301174,0.0,0.0,1.0,1.0,0.0,0.0,1.0,0.7721684739004123,0.0,0.0,1.0,0.818070230051771,0.0,0.0,1.0,0.8721341152882761
tfidf_only,global_default,baseline,,146800,51.0,1.0,0.8611111111111112,0.7911026810926833,0.06296296296296289,0.07311827956989238,0.0,0.9268817204301076,0.0,0.0,1.0,0.9652829000731509,0.0,0.0,1.0,0.9687934338113046,0.0,0.0,1.0,0.9784651616472999
tfidf_only,global_default,baseline,,146817,74.0,0.8181349819680577,0.5574446161772282,0.7898853630248956,0.06955177743431218,0.12476894639556373,0.0,0.8752310536044363,0.06955177743431218,0.12476894639556373,0.0,0.814186738524093,0.0005151983513652647,0.0009242144177448973,0.0,0.8587052744270467,0.0,0.0,1.0,0.9001297343632917
tfidf_only,global_default,baseline,,146819,71.0,0.9666666666666667,0.20185185185185184,0.541093085806341,0.04999999999999993,0.2477064220183483,0.0,0.7522935779816516,0.014814814814814725,0.0733944954128436,0.0,0.7949051737692099,0.0,0.0,0.0,0.8426179754180255,0.0,0.0,1.0,0.8929526363146167
tfidf_only,global_default,baseline,,146820,61.0,0.9894606323620583,0.32300061996280216,0.8566782483243591,0.0035131225459805737,0.010876519513755598,0.0,0.9891234804862444,0.0,0.0,1.0,0.9950814273225475,0.0,0.0,1.0,0.9958721601727022,0.0,0.0,1.0,0.9970456250084506
tfidf_only,global_default,baseline,,146821,61.0,1.0,0.3032407407407408,0.68651276349597,0.0,0.0,0.0,1.0,0.0,0.0,0.0,0.7419636645643356,0.0,0.0,0.0,0.8062205689395353,0.0,0.0,0.0,0.8674389493156551
tfidf_only,global_default,baseline,,146822,77.0,0.9467532467532468,0.8038961038961039,0.8296582905219426,0.01601731601731604,0.01992460958535275,0.0,0.9800753904146472,0.0051948051948053076,0.006462035541195617,0.0,0.983549763437273,0.0051948051948053076,0.006462035541195617,0.0,0.9824894584597339,0.0012987012987013546,0.0016155088852989388,0.0,0.9863225034246553
tfidf_only,global_default,baseline,,146824,57.0,0.9834999999999999,0.8839999999999999,0.7180918635315899,0.15500000000000003,0.17533936651583715,0.0,0.8246606334841629,0.0,0.0,1.0,0.9174899777431544,0.0,0.0,1.0,0.935035110837144,0.0,0.0,1.0,0.9569528455206996
tfidf_only,global_default,baseline,,146825,38.0,0.9148142857142857,0.8156857142857142,0.7827591518821819,0.06068571428571423,0.07439840274615567,0.0,0.9256015972538443,0.03035714285714286,0.03721671512137028,0.0,0.9426281101768553,0.0,0.0,1.0,0.9646093407024793,0.0,0.0,1.0,0.9803035138736986
tfidf_only,global_default,baseline,,167119,55.0,0.8780204823847029,0.2892077020906312,0.6816918908204791,0.09080970124277654,0.3139947538960039,0.0,0.6860052461039962,0.01584149579419436,0.05477549760839354,0.0,0.7983934907321875,0.0,0.0,1.0,0.8543062108300091,0.0,0.0,1.0,0.8905372522256809
tfidf_only,global_default,baseline,,167120,39.0,0.5226640365448505,0.02209302325581397,0.5065586542693524,0.0018999169435216512,0.08599624060150625,0.0,0.9140037593984938,0.0,0.0,1.0,0.9627459823600998,0.0,0.0,1.0,0.9339736715409618,0.0,0.0,1.0,0.9346437098069276
tfidf_only,global_default,baseline,,167121,10.0,0.9450978260869566,0.9223260869565219,0.9179373709568976,0.0,0.0,1.0,1.0,0.0,0.0,1.0,0.9953463025667901,0.0,0.0,1.0,0.9959945057736526,0.0,0.0,1.0,0.9966724702222294
tfidf_only,global_default,baseline,,167124,10.0,0.58735,0.43163333333333337,0.7622092916488802,0.22955000000000003,0.5318171287358098,0.0,0.4681828712641903,0.0,0.0,1.0,0.8537648096365741,0.0,0.0,1.0,0.8422015847730837,0.0,0.0,1.0,0.8983279236949905
tfidf_only,global_default,baseline,,167125,11.0,0.9789569990850869,0.20890515401036902,0.7214687086640126,0.019823116803903695,0.09489051094890542,0.0,0.9051094890510946,0.0,0.0,1.0,0.9663322673828094,0.0,0.0,1.0,0.9752363385038381,0.0,0.0,1.0,0.9309351298981745
tfidf_only,global_default,baseline,,167140,46.0,0.9686126804770872,0.4494664155681104,0.6916597797946533,0.0034526051475202157,0.007681564245809644,0.0,0.9923184357541903,0.0,0.0,1.0,0.998664131509971,0.0,0.0,1.0,0.9971601811240383,0.0,0.0,1.0,0.9895926608809974
tfidf_only,global_default,baseline,,167141,69.0,0.9616,0.6604,0.7587714244253949,0.0011999999999999789,0.0018170805572380055,0.0,0.9981829194427619,0.0011999999999999789,0.0018170805572380055,0.0,0.929925123455899,0.0,0.0,1.0,0.9490789553569189,0.0,0.0,1.0,0.9556213638495353
tfidf_only,random,baseline,,3,166.0,0.9978097622027535,0.9928035043804757,-0.00778353962503049,0.0776752365456822,0.07823827797037512,0.0,0.9217617220296249,0.009136430413016344,0.00920265729593452,0.0,0.9270745442337887,0.0015488209011264797,0.0015600477781280268,0.0,0.9261706602166211,0.0010951188986233706,0.0011030570438072145,0.0,0.9231312078003668
tfidf_only,random,baseline,,6,166.0,0.9808999999999999,0.9407499999999999,0.04821317834502985,0.160125,0.17020993887855435,0.0,0.8297900611214457,0.02839249999999996,0.03018070688280623,0.0,0.7809197484326424,0.007424999999999954,0.007892638851979755,0.0,0.8029053869792847,0.004194999999999971,0.004459208078660613,0.05,0.8092587541894266
tfidf_only,random,baseline,,11,174.0,1.0,0.5424,-0.026708417733196647,0.18824000000000002,0.34705014749262536,0.0,0.6529498525073747,0.10303999999999998,0.18997050147492625,0.0,0.6339107621210733,0.06000000000000001,0.11061946902654869,0.0,0.6513999364079359,0.033999999999999996,0.06268436578171091,0.0,0.6508863706689658
tfidf_only,random,baseline,,12,150.0,0.9840000000000002,0.8840000000000001,0.03091930033334412,0.0910250000000001,0.10296945701357478,0.0,0.8970305429864253,0.01437500000000011,0.016261312217194693,0.0,0.8301634162038372,0.005075000000000102,0.005740950226244458,0.0,0.8093214821591908,0.0019250000000001154,0.0021776018099548813,0.0,0.8150145951195302
tfidf_only,random,baseline,,14,135.0,0.8805,0.7805,0.017277333089202995,0.15969999999999998,0.20461242793081355,0.05,0.7953875720691864,0.03947499999999996,0.05057655349135165,0.1,0.7731446711290648,0.030374999999999968,0.038917360666239555,0.1,0.7922863569509099,0.022249999999999975,0.02850736707238946,0.1,0.8129015631499705
tfidf_only,random,baseline,,15,143.0,0.9756795422031473,0.32045779685264664,-0.027364181301073303,0.060300433834048636,0.1881696573660714,0.0,0.8118303426339286,0.005722461659513567,0.01785714598214278,0.0,0.854357128002736,0.0037196004291845273,0.011607145982142788,0.05,0.8611357599133582,0.0021459122317596447,0.0066963957589285346,0.1,0.8714902417902556
tfidf_only,random,baseline,,16,125.0,0.9854999999999998,0.8855000000000001,-0.0027320558501213433,0.19547499999999993,0.22075098814229244,0.0,0.7792490118577076,0.020524999999999932,0.02317899491812528,0.0,0.8026632515649851,0.01707499999999993,0.019282891022021378,0.0,0.7784360406447762,0.007199999999999934,0.008130999435347187,0.1,0.7976138800217871
tfidf_only,random,baseline,,18,138.0,0.772,0.673,-0.009590967245904341,0.21952500000000005,0.32618870728083216,0.0,0.6738112927191678,0.041425000000000003,0.06155274888558693,0.0,0.7004197300972705,0.03332500000000001,0.049517087667161966,0.0,0.7184678353167239,0.021225000000000015,0.03153789004457654,0.05,0.7407612883815309
tfidf_only,random,baseline,,22,120.0,0.907,0.8460000000000001,0.033644197339052856,0.27855,0.32925531914893613,0.0,0.6707446808510638,0.0824,0.09739952718676123,0.0,0.6805204390450388,0.05510000000000002,0.06513002364066195,0.0,0.7001690283466561,0.03967500000000002,0.046897163120567395,0.05,0.7103113793803022
tfidf_only,random,baseline,,23,166.0,0.5743380855397149,0.2016293279022403,0.004648628942299173,0.055532880515953856,0.27542064983164993,0.0,0.7245793501683501,0.01934825675492194,0.09595953602693609,0.05,0.7303070114192921,0.013475900067888662,0.06683501952861953,0.05,0.7287291110988905,0.0060420454175152795,0.029966104040404062,0.05,0.7100124879839023
tfidf_only,random,baseline,,28,118.0,0.9937722419928825,0.9017793594306049,0.00650437562652226,0.13683273505338073,0.1517363794396211,0.0,0.848263620560379,0.01486656654804266,0.016485813733228046,0.1,0.8390842838243049,0.012357669750889633,0.013703651144435622,0.1,0.8329928593165781,0.0031940030249109743,0.0035418897000788624,0.15,0.8323837068795712
tfidf_only,random,baseline,,29,129.0,0.8884057971014492,0.33043478260869563,-0.019057560449212203,0.045579682608695556,0.13793851315789446,0.0,0.8620614868421056,0.019565180434782524,0.059210414473683956,0.0,0.8745964614396954,0.014637628985507162,0.04429808771929799,0.0,0.8742326950521028,0.008188344927536145,0.02478051754385939,0.0,0.8809385256511357
tfidf_only,random,baseline,,31,266.0,0.784,0.5070000000000001,-0.020942061225027283,0.06270000000000005,0.1236686390532545,0.0,0.8763313609467455,0.021500000000000036,0.04240631163708093,0.05,0.8538277903364438,0.017650000000000027,0.03481262327416178,0.05,0.8614847729348245,0.009400000000000042,0.018540433925049386,0.1,0.8614154058071073
tfidf_only,random,baseline,,32,160.0,0.9969978165938865,0.8938318777292578,0.0014804971578698649,0.16080786877729264,0.1799084064732825,0.0,0.8200915935267175,0.011649400145560467,0.013033099888040777,0.0,0.8676813035382009,0.004689789956331935,0.005246836763358843,0.05,0.8731808160096918,0.0013009493449782417,0.0014554743206107714,0.1,0.8714995830863085
tfidf_only,random,baseline,,37,188.0,0.7877604166666667,0.2539062500000001,0.010370751861709809,0.06087239583333339,0.23974358974358992,0.0,0.7602564102564101,0.015559787500000071,0.06128162461538487,0.0,0.7952975107417299,0.011848870833333408,0.04666632205128233,0.0,0.8068694741720417,0.008593683333333418,0.0338458912820516,0.0,0.8183920711113271
tfidf_only,random,baseline,,43,122.0,0.9626168224299064,0.37774396870245597,0.018685258345211734,0.0683655671267116,0.18098387476985045,0.05,0.8190161252301495,0.023407978928493795,0.06196784295166856,0.05,0.7951841062169275,0.011334474885894364,0.030005707105868796,0.15,0.7925640391850459,0.0063681602043033966,0.01685840339470652,0.15,0.7994952322675164
tfidf_only,random,baseline,,45,110.0,0.9705329153605016,0.5467089153605016,0.001002104527780364,0.077790018338558,0.14228781743437094,0.0,0.857712182565629,0.014216318808777417,0.026003451579718857,0.0,0.8470920828083879,0.0069122474921629986,0.01264337803528417,0.0,0.8587985681462127,0.001363658150470215,0.0024943038464463572,0.05,0.8683550767872023
tfidf_only,random,baseline,,49,133.0,1.0,0.3465553235908142,0.021285703830585694,0.0999477993736952,0.2884035897590361,0.05,0.7115964102409638,0.01905013810020877,0.05496997680722891,0.05,0.7382020245787596,0.0032881509394572074,0.009488098192771098,0.1,0.7567371174695839,0.0007828810020876764,0.0022590361445782954,0.15,0.7647401448221838
tfidf_only,random,baseline,,53,136.0,0.8699763593380615,0.6382978723404256,0.0061334676790035314,0.21761229255319153,0.340925925,0.0,0.6590740749999999,0.08741132813238772,0.1369444140740741,0.05,0.6360269215715995,0.07121747931442082,0.11157405092592594,0.05,0.6480078117254459,0.022340420094562673,0.034999991481481516,0.05,0.6571111742963016
tfidf_only,random,baseline,,219,107.0,0.9501015183615819,0.5730045183615818,-0.011346323650007322,0.07048463778248583,0.12300886908191544,0.0,0.8769911309180844,0.044085444209039475,0.07693734132340704,0.0,0.8506893695528028,0.0284681593926553,0.04968225987825649,0.1,0.8519481560439577,0.02061705508474569,0.035980615202995225,0.15,0.8377018209231111
tfidf_only,random,baseline,,2074,118.0,0.9283048211508553,0.8311041990668739,0.0024309470539600367,0.06917574284603417,0.08323353789296403,0.0,0.9167664621070359,0.010178849144634466,0.012247380239520888,0.0,0.8127355545804779,0.007698289269051262,0.009262724550898133,0.0,0.8126808571014097,0.0020839230171072697,0.002507414857784384,0.0,0.818082073752622
tfidf_only,random,baseline,,2079,151.0,0.6997282608695652,0.40896726086956525,-0.004459167309724736,0.1575407760869565,0.38521610691277824,0.0,0.6147838930872218,0.052377732608695625,0.12807316775755512,0.0,0.6189243026925462,0.01922555652173911,0.04701001366432325,0.05,0.6476648700903057,0.015489130434782589,0.037873766232164596,0.1,0.6426620141741443
tfidf_only,random,baseline,,3021,235.0,0.9928419936373277,0.5824499936373277,0.0038890100773408347,0.07156682629904562,0.12287205267549181,0.0,0.8771279473245082,0.022189819724284205,0.03809738169230896,0.05,0.9045547678133466,0.011505832449628873,0.01975419791453062,0.05,0.9136413347554868,0.0036187698833510416,0.006213013860215319,0.05,0.9099407220879853
tfidf_only,random,baseline,,3022,112.0,0.997979797979798,0.997979797979798,-0.004277777966938537,0.2827777863636364,0.28335021103238867,0.0,0.7166497889676113,0.05196969242424239,0.0520748942307692,0.0,0.6957012305476602,0.02328279898989895,0.02332993016194328,0.0,0.6771435560373872,0.008888858585858528,0.00890685222672059,0.0,0.6767674910294186
tfidf_only,random,baseline,,3481,83.0,0.9779402334231115,0.939463896370399,0.015773944756655157,0.2356547332627935,0.25083958433447107,0.0,0.7491604156655289,0.02343847744645384,0.024948779337884038,0.0,0.7264894268401816,0.013428225182762692,0.014293497849829449,0.05,0.750939898895264,0.004379840355264919,0.004662063515358439,0.1,0.7483058646532925
tfidf_only,random,baseline,,3549,116.0,0.9988110000000001,0.6623068382877526,0.003828970697986498,0.11563618989298455,0.1745960983762998,0.0,0.8254039016237004,0.0037455834720570456,0.005655359805344032,0.0,0.8923531855957079,0.0018430864447086582,0.002782828650046177,0.0,0.8819809634847855,0.0009512970273483634,0.0014363388271933458,0.05,0.8630901711592804
tfidf_only,random,baseline,,3560,100.0,0.26348808030112925,0.0941028858218319,-0.05153491344836782,0.051380221580928497,0.5460004879999999,0.0,0.4539995120000001,0.03663741229611043,0.38933356799999996,0.0,0.5054882847290019,0.03274781210790466,0.3480000833333333,0.0,0.514472317487433,0.02415307063989964,0.25666663066666673,0.05,0.5643222587009267
tfidf_only,random,baseline,,3573,57.0,0.9910428571428571,0.8885714285714286,0.003024995257282796,0.23990642857142858,0.26999115755627007,0.0,0.7300088424437299,0.029374285714285697,0.033057877813504805,0.05,0.6911202435856769,0.018807142857142838,0.021165594855305447,0.05,0.7033723582045512,0.009476428571428535,0.010664790996784527,0.1,0.7047826655627355
tfidf_only,random,baseline,,3902,89.0,0.929355281207133,0.17558299039780512,0.004429769999421644,0.026817558299039673,0.15273437499999948,0.0,0.8472656250000006,0.014094650685870957,0.08027344023437448,0.0,0.8630828792648424,0.01083673580246904,0.061718596874999476,0.1,0.8742163885113371,0.00874483607681748,0.049804574218749585,0.2,0.8680746932643097
tfidf_only,random,baseline,,3903,86.0,0.909149072296865,0.6513115802943059,-0.0008542921390449987,0.024152276551503527,0.03708252283889981,0.0,0.9629174771611002,0.006877793666026888,0.010559913064833028,0.0,0.959231069089096,0.004062689059500973,0.006237704322200413,0.05,0.9583503941383537,0.002623128598848401,0.004027455795677848,0.1,0.9639724595169014
tfidf_only,random,baseline,,3904,81.0,0.8243454294901241,0.26311437758383094,0.011351454042031275,0.021791443017914552,0.0828211792074022,0.0,0.9171788207925978,0.007078548461185085,0.026902932960893737,0.0,0.9146424643423693,0.004065227377124464,0.015450418994413337,0.1,0.9096088333044202,0.0019108425355994275,0.007262402583798802,0.25,0.9151263481123969
tfidf_only,random,baseline,,3913,143.0,0.8697318007662835,0.31417624521072796,0.039180975726632365,0.04386973199233717,0.13963414695121956,0.0,0.8603658530487804,0.02701149425287356,0.08597560975609755,0.0,0.8578051719393207,0.020019157088122574,0.06371951219512186,0.0,0.8637936899770094,0.015900383141762436,0.05060975609756093,0.05,0.8713711171127025
tfidf_only,random,baseline,,3917,93.0,0.8734,0.2925559999999999,-0.0008138977798925334,0.028615752844950177,0.09781290708428533,0.0,0.9021870929157145,0.012280986249407256,0.041978240915952016,0.0,0.8829541979097323,0.007823869132290134,0.026743150481583478,0.1,0.8833055026055799,0.005216018041725884,0.017829126873917765,0.1,0.8927330334097154
tfidf_only,random,baseline,,3918,100.0,0.9413886384129848,0.1956717763751128,0.0009689593609559157,0.010144277727682649,0.0518433364055302,0.0,0.9481566635944698,0.00410279531109114,0.020967741935484206,0.0,0.9259690180650191,0.0022993688007214297,0.011751152073733017,0.05,0.9189434389739655,0.0012623985572588702,0.006451612903226206,0.05,0.9238748585300524
tfidf_only,random,baseline,,7592,84.0,0.8755988698251504,0.12069530322263633,0.016687764304070693,0.035514501525326626,0.29424924232400373,0.0,0.7057507576759963,0.014437364309405908,0.11961827779474181,0.0,0.6874229823860654,0.00929629202735358,0.0770228151314679,0.05,0.6940445094843646,0.0034518393022399396,0.028599615810008992,0.1,0.6999974006457076
tfidf_only,random,baseline,,9910,29.0,0.8160490535857103,0.2322047454012263,-0.0018110140450919986,0.06470274593441747,0.2786452353616533,0.0,0.7213547646383467,0.015875766462276703,0.06836969001148098,0.05,0.7226606666446089,0.010330578512396693,0.04448909299655569,0.1,0.7236805357611664,0.0026926153025859656,0.011595866819747372,0.4,0.7536386670818656
tfidf_only,random,baseline,,9946,123.0,0.9841827768014058,0.5869947275922671,0.00047250080040545843,0.10808435043936719,0.18413172275449083,0.0,0.815868277245509,0.021089622847100097,0.03592812994011963,0.0,0.8491528746471511,0.011950782776801339,0.020359267664670545,0.0,0.8374182939289818,0.004305791564147593,0.007335315568862218,0.05,0.8422884358378775
tfidf_only,random,baseline,,9952,120.0,0.9224648408586231,0.21595114729829748,-0.0051573478992890335,0.08368803071798667,0.38753223479006016,0.0,0.6124677652099398,0.037564779829755736,0.1739503600685519,0.0,0.6175140638851487,0.0159419208734271,0.07382188551842339,0.0,0.6250827524631904,0.010834579977794235,0.05017143976006862,0.0,0.6366623164166583
tfidf_only,random,baseline,,9957,125.0,0.8938388625592417,0.27203791469194316,0.028716425826529994,0.0830805632701422,0.3054006768292683,0.05,0.6945993231707317,0.0275355450236967,0.101219512195122,0.05,0.7241372938010036,0.012701421800947882,0.046689895470383325,0.05,0.7534550352657866,0.00791467488151661,0.029094013937282302,0.1,0.7481265965201531
tfidf_only,random,baseline,,9960,106.0,0.9985337243401758,0.5943914956011731,0.016323879001954044,0.11637647639296189,0.1957909513413506,0.0,0.8042090486586494,0.0235337130498534,0.039592950477952554,0.0,0.7488754916808338,0.0017870234604105751,0.0030064754856614544,0.05,0.7459494213572475,0.0009164093841642406,0.001541760592044433,0.1,0.7236890979998586
tfidf_only,random,baseline,,9964,105.0,0.9667294413057125,0.8750784682988073,0.009831047192896247,0.2019773873195229,0.23081060114777613,0.0,0.7691893988522238,0.03697423477715001,0.04225247919655665,0.0,0.7691205509063883,0.01610165348399244,0.018400239598278304,0.05,0.7698270708430549,0.007783999999999974,0.008895202295552337,0.1,0.7748602763699697
tfidf_only,random,baseline,,9971,100.0,0.7427101200686106,0.1783881200686106,0.012138798894440226,0.04271009751286446,0.23942231969504224,0.0,0.7605776803049578,0.018010311492281265,0.10096138400558426,0.0,0.7980920152163931,0.013207540137221219,0.0740382270531323,0.0,0.7807982634894977,0.009519725557461356,0.053365244018491444,0.05,0.7921600637029004
tfidf_only,random,baseline,,9976,89.0,0.8746153846153847,0.3746153846153847,0.009247651124794243,0.22417307692307697,0.5984086242299795,0.05,0.4015913757700205,0.10498073461538468,0.2802360472279263,0.05,0.39887584864848735,0.03878846153846159,0.1035420944558523,0.1,0.44254997633311416,0.006346192307692344,0.016940554414784488,0.2,0.4517183427228977
tfidf_only,random,baseline,,9977,95.0,0.9760916872189178,0.21616132308138694,0.004774120872139988,0.02590309009139715,0.11983221476510104,0.0,0.8801677852348989,0.011365161090961922,0.052577218389262104,0.0,0.8880427202577937,0.0063600834759901855,0.0294228559731546,0.05,0.862792766798214,0.004371109154214447,0.02022151369127529,0.1,0.8420348983452474
tfidf_only,random,baseline,,9978,98.0,0.9490923441199686,0.2711128650355169,-0.003992330009648201,0.03518155540647201,0.12976719272197976,0.0,0.8702328072780203,0.00481454475138125,0.01775845181950523,0.0,0.9123119971542824,0.00408448958168906,0.015065642794759943,0.0,0.9115477347259249,0.002288915864246277,0.008442667831150025,0.1,0.9025185469121203
tfidf_only,random,baseline,,9981,309.0,0.9657407407407408,0.8546296296296296,-0.01418201172658182,0.15231481481481485,0.17822318526543884,0.0,0.8217768147345612,0.066435162962963,0.07773561863488629,0.0,0.6609101430941643,0.0239814592592593,0.028060645720476757,0.05,0.6750479798924464,0.01245370370370375,0.014572047670639274,0.05,0.6650331333451275
tfidf_only,random,baseline,,9985,111.0,0.6389342922523701,0.4658385093167702,0.011554497580542913,0.1265282772147761,0.27161403508771936,0.0,0.7283859649122807,0.03903238314808764,0.08378951582456148,0.0,0.7325098760426993,0.02335732593984966,0.05014039301754394,0.05,0.7526911665230189,0.007706793314808791,0.016543916315789536,0.15,0.774697095320089
tfidf_only,random,baseline,,10093,155.0,1.0,0.555393586005831,-0.01247129906185837,0.0875728862973761,0.15767716535433068,0.0,0.8423228346456693,0.023906705539358614,0.04304461942257219,0.0,0.8459033314296261,0.0043731778425656065,0.00787401574803151,0.0,0.83721978938614,0.0007288629737609408,0.0013123359580052634,0.0,0.840190144658916
tfidf_only,random,baseline,,10101,452.0,0.8074866310160427,0.5695187165775402,-0.007055400768628697,0.14318181818181822,0.2514084507042254,0.0,0.7485915492957745,0.06617647754010696,0.1161971953051643,0.05,0.7793019933594273,0.045454557486631034,0.07981222769953054,0.05,0.7821566846630189,0.025267398930481282,0.04436623098591549,0.05,0.7831049056396494
tfidf_only,random,baseline,,14952,56.0,0.9758480325644504,0.3907734056987787,0.0007674689197171749,0.016214382632292985,0.04149305555555532,0.0,0.9585069444444446,0.002890094979647112,0.007395833333333063,0.05,0.9650891461118558,0.0012483039348710145,0.003194444444444229,0.1,0.9487479867779613,0.0007914970601537008,0.00202546296296277,0.25,0.9373985265455879
tfidf_only,random,baseline,,14954,47.0,0.8592592592592594,0.2481481481481481,0.01985830079084827,0.08472222222222225,0.3414179104477614,0.0,0.6585820895522386,0.02620370370370374,0.1055970149253733,0.1,0.6647535381298252,0.017500000000000033,0.07052238805970164,0.1,0.6615044662500732,0.011296296296296327,0.045522388059701616,0.2,0.6758726131076065
tfidf_only,random,baseline,,14965,81.0,0.9099776603039084,0.06881068766450638,0.052142289920369664,0.01722921570635468,0.25038575098039273,0.0,0.7496142490196072,0.0067527829798058325,0.09813567062037984,0.05,0.7690367064135856,0.0031441473380372396,0.045692717872067426,0.1,0.7796108026800016,0.002215170451881199,0.03219224406943136,0.1,0.7912044898932653
tfidf_only,random,baseline,,14969,100.0,0.7347310847766636,0.5223336371923427,-0.018639444747107416,0.16263042152334645,0.3113535295132829,0.0,0.6886464704867171,0.09340119517877035,0.1788152026371921,0.0,0.6697194974078435,0.07281981160741414,0.13941244909831296,0.0,0.6634897315218866,0.04353795490732297,0.0833527688190808,0.0,0.6752982911126721
tfidf_only,random,baseline,,14970,77.0,0.9957277405573356,0.8458102728420233,-0.017361141830241514,0.10750073359549465,0.12709792851566978,0.0,0.8729020714843303,0.011695326245266474,0.013827363678108074,0.0,0.8043433657403124,0.004519872317700702,0.005343837102514009,0.0,0.7792899403304678,0.0031507913389648865,0.003725175066008423,0.0,0.7852694626666195
tfidf_only,random,baseline,,125920,83.0,0.6579999999999999,0.15599999999999992,0.01375745340376865,0.05049999999999992,0.3237179487179484,0.0,0.6762820512820515,0.026399999999999913,0.16923076923076877,0.0,0.6723297326437967,0.018499999999999905,0.11858974358974303,0.0,0.6808021264544737,0.014499999999999907,0.0929487179487174,0.05,0.6846214226602468
tfidf_only,random,baseline,,125922,99.0,0.9994545454545454,0.9256363636363638,0.024362253187071893,0.06250000000000004,0.06752111569436264,0.0,0.9324788843056373,0.04286363636363642,0.04630720879984292,0.0,0.828581866232558,0.004845454545454592,0.0052347279512866335,0.0,0.8395060871051176,0.0011090909090909651,0.0011981928894127494,0.05,0.8255748064679758
tfidf_only,random,baseline,,146195,71.0,0.8688070814275355,0.26003226904687904,-0.04614836576403785,0.12123318086948812,0.4662236010701887,0.0,0.5337763989298112,0.048511627218497104,0.18656002732396013,0.0,0.6007943364641198,0.02716816910164761,0.10447999089201383,0.1,0.6105336432167764,0.013014195420163837,0.050048386178630846,0.1,0.6292933074080105
tfidf_only,random,baseline,,146800,51.0,1.0,0.861111111111111,-0.001624010101470346,0.14444444444444446,0.16774193548387098,0.0,0.832258064516129,0.00912037037037039,0.010591397849462388,0.0,0.8635632599395665,0.005185185185185204,0.006021505376344107,0.05,0.845344026507942,0.001898148148148171,0.0022043010752688438,0.05,0.8498446165627271
tfidf_only,random,baseline,,146817,74.0,0.8181349819680577,0.5574446161772282,-0.014130177612215777,0.18400309119010816,0.330083179297597,0.0,0.669916820702403,0.05551262235960841,0.09958410351201473,0.0,0.7281540386923678,0.03173621844410093,0.0569316081330868,0.15,0.7246999917247474,0.01682122617207622,0.030175600739371485,0.25,0.7523938897489504
tfidf_only,random,baseline,,146819,71.0,0.9666666666666666,0.2018518518518518,0.002466950632018691,0.03814814814814814,0.18899082568807338,0.05,0.8110091743119267,0.022129629629629638,0.10963302752293583,0.1,0.7961915700666996,0.0125925925925926,0.06238532110091747,0.1,0.805073260168721,0.007037037037037036,0.03486238532110091,0.25,0.8132031467807316
tfidf_only,random,baseline,,146820,61.0,0.9894606323620583,0.32300061996280216,0.014253389491311603,0.01798925397809465,0.05569417786308384,0.0,0.9443058221369162,0.005269683818970872,0.01631477927063343,0.1,0.9534025897855578,0.0036267823930564214,0.011228406909788885,0.1,0.9432735716320888,0.001560239718950196,0.004830454254638516,0.2,0.9252827324121805
tfidf_only,random,baseline,,146821,61.0,1.0,0.3032407407407408,-0.029530802514295962,0.17297453703703702,0.570419847328244,0.0,0.4295801526717559,0.025202546296296303,0.08311068702290077,0.0,0.5590438101188735,0.006336805555555552,0.02089694656488548,0.1,0.6102847504593398,0.00078125,0.002576335877862595,0.2,0.6257437884062262
tfidf_only,random,baseline,,146822,77.0,0.9467532467532468,0.8038961038961039,0.018806785280717442,0.21069264069264074,0.2620893914916532,0.0,0.7379106085083468,0.03616883116883122,0.04499192245557357,0.0,0.7880551878003205,0.012207792207792246,0.015185783521809418,0.0,0.7988922646065961,0.004870129870129919,0.00605815831987082,0.05,0.812433108369083
tfidf_only,random,baseline,,146824,57.0,0.9834999999999999,0.884,0.00911582236000729,0.08549999999999992,0.09671945701357458,0.0,0.9032805429864255,0.005424999999999946,0.0061368778280542395,0.05,0.8644289443201684,0.00432499999999994,0.004892533936651516,0.1,0.8768459777455513,0.0018999999999999406,0.0021493212669682587,0.25,0.8771721221158015
tfidf_only,random,baseline,,146825,38.0,0.9148142857142856,0.8156857142857141,-0.06093476685790737,0.20920357142857143,0.2564757084311184,0.0,0.7435242915688816,0.06945785714285713,0.0851527198851098,0.05,0.741123499655346,0.030296428571428575,0.03714228169112754,0.15,0.7721353608814838,0.019773571428571435,0.024241654698938676,0.15,0.7879214684528415
tfidf_only,random,baseline,,167119,55.0,0.8780204823847029,0.2892077020906312,0.036389883193833,0.07559740288716836,0.26139484647430944,0.0,0.7386051535256906,0.03724648028737808,0.12878799567967894,0.0,0.6581152085505753,0.02461009839576961,0.08509489276346228,0.0,0.6626637265639412,0.01315290390236279,0.045479092732602824,0.05,0.6826606095353547
tfidf_only,random,baseline,,167120,39.0,0.5226640365448505,0.02209302325581397,0.020532688384262098,0.007508305647840552,0.33984962406015107,0.0,0.660150375939849,0.0030279277408637893,0.1370535714285714,0.1,0.6097512359478647,0.0017633928571428592,0.0798167293233083,0.1,0.592719106453256,0.0006473214285714401,0.02929981203007569,0.2,0.6229800956171686
tfidf_only,random,baseline,,167121,10.0,0.9450978260869565,0.9223260869565217,0.01762926076672188,0.4403673913043479,0.4774530369811677,0.1,0.5225469630188323,0.10585380434782617,0.1147683079171283,0.3,0.5752518329902906,0.03336956521739136,0.03617979117071682,0.5,0.6281328685754817,0.0,0.0,1.0,0.8157188422010522
tfidf_only,random,baseline,,167124,10.0,0.58735,0.43163333333333337,-0.04085441803237998,0.2507958333333334,0.5810390763765543,0.1,0.4189609236234458,0.1420925,0.3291972353077458,0.25,0.49031077298025616,0.08657333333333335,0.20057147270059464,0.45,0.5647135722966252,0.0,0.0,1.0,0.7627750142771041
tfidf_only,random,baseline,,167125,11.0,0.978956999085087,0.20890515401036902,0.02853911031107645,0.055138761817627314,0.263941605839416,0.05,0.736058394160584,0.0077005184507471566,0.036861313868613035,0.3,0.7422613467936536,0.004117108874656878,0.019708029197080146,0.3,0.7528718516273945,0.0004879536444037713,0.002335766423357615,0.8,0.8497080924519848
tfidf_only,random,baseline,,167140,46.0,0.9686126804770872,0.4494664155681104,0.01856662705617065,0.08488700564971742,0.18886173184357524,0.1,0.8111382681564248,0.005257376020087768,0.011696927374301417,0.2,0.879663877709269,0.003342749529190098,0.007437150837988585,0.25,0.8687940032518984,0.0024325172630256407,0.005412011173184144,0.4,0.8607136312830758
tfidf_only,random,baseline,,167141,69.0,0.9616,0.6604,-0.017640341740083238,0.06231,0.0943519079345851,0.0,0.9056480920654149,0.028840000000000005,0.04367050272562085,0.05,0.9074218015848048,0.014639999999999997,0.022168382798304055,0.05,0.9118580601937513,0.0065999999999999896,0.009993943064809191,0.1,0.9076919072363587
tfidf_meta,model,model,extra_trees,3,166.0,0.9978097622027535,0.9928035043804757,0.6249934060235771,0.0,0.0,0.0,1.0,0.0,0.0,0.0,0.9993309533262185,0.0,0.0,1.0,0.9993736476609042,0.0,0.0,1.0,0.9987823958715247
tfidf_meta,model,model,extra_trees,6,166.0,0.9809,0.94075,0.8323893793141355,0.0018000000000000238,0.0019133669944193716,0.0,0.9980866330055806,0.0018000000000000238,0.0019133669944193716,0.0,0.9986747052922282,0.0017499999999999183,0.0018602179112409442,0.0,0.9989237028850056,0.0010499999999999954,0.0011161307467446137,0.0,0.9986168755193642
tfidf_meta,model,model,extra_trees,11,174.0,1.0,0.5424,0.6543647937483766,0.0,0.0,0.0,1.0,0.0,0.0,0.0,0.9788900366302988,0.0,0.0,0.0,0.9847432685251555,0.0,0.0,0.0,0.9855848250419943
tfidf_meta,model,model,extra_trees,12,150.0,0.9840000000000001,0.8840000000000001,0.8721082538032333,0.000500000000000167,0.0005656108597286956,0.0,0.9994343891402713,0.000500000000000167,0.0005656108597286956,0.0,0.9990644214358971,0.0,0.0,1.0,0.9984413275142335,0.0,0.0,1.0,0.9976806903906013
tfidf_meta,model,model,extra_trees,14,135.0,0.8805,0.7805,0.8992992389470817,0.0,0.0,1.0,1.0,0.0,0.0,1.0,0.9913679941312141,0.0,0.0,1.0,0.9885649857915331,0.0,0.0,1.0,0.9890414388000242
tfidf_meta,model,model,extra_trees,15,143.0,0.9756795422031473,0.32045779685264664,0.7651527922957646,0.0014306151645206988,0.0044642857142855735,0.0,0.9955357142857144,0.0014306151645206988,0.0044642857142855735,0.0,0.9918446286386469,0.0,0.0,0.0,0.9914975330173141,0.0,0.0,1.0,0.9896025780818671
tfidf_meta,model,model,extra_trees,16,125.0,0.9854999999999999,0.8855,0.862851910720281,0.0,0.0,1.0,1.0,0.0,0.0,1.0,0.9974690306837282,0.0,0.0,1.0,0.996158158852878,0.0,0.0,1.0,0.9972105076138489
tfidf_meta,model,model,extra_trees,18,138.0,0.772,0.673,0.8127130129421728,0.0015000000000000568,0.0022288261515602628,0.0,0.9977711738484397,0.0,0.0,1.0,0.9887887501490827,0.0,0.0,1.0,0.8845886892757355,0.0,0.0,1.0,0.9278174031712637
tfidf_meta,model,model,extra_trees,22,120.0,0.907,0.8460000000000001,0.8452940943774576,0.007000000000000006,0.008274231678487004,0.0,0.9917257683215128,0.007000000000000006,0.008274231678487004,0.0,0.9778932674816444,0.007000000000000006,0.008274231678487004,0.0,0.9626769411011914,0.007000000000000006,0.008274231678487004,0.0,0.9638873754227396
tfidf_meta,model,model,extra_trees,23,166.0,0.5743380855397149,0.2016293279022403,0.759642102430063,0.004073319755600879,0.020202020202020523,0.0,0.9797979797979794,0.004073319755600879,0.020202020202020523,0.0,0.9150423175856395,0.004073319755600879,0.020202020202020523,0.0,0.9127890872238222,0.004073319755600879,0.020202020202020523,0.0,0.9168291294022171
tfidf_meta,model,model,extra_trees,28,118.0,0.9937722419928825,0.9017793594306049,0.9622466344555554,0.000711743772241924,0.000789265982636072,0.0,0.9992107340173639,0.000533807829181443,0.000591949486977054,0.0,0.9986792993947955,0.000533807829181443,0.000591949486977054,0.0,0.9982244481946229,0.00017793594306036997,0.00019731649565889487,0.0,0.9986803459313822
tfidf_meta,model,model,extra_trees,29,129.0,0.8884057971014492,0.33043478260869563,0.5466750899035879,0.030434782608695587,0.09210526315789455,0.0,0.9078947368421054,0.030434782608695587,0.09210526315789455,0.0,0.9119589089508569,0.030434782608695587,0.09210526315789455,0.0,0.91284445548572,0.030434782608695587,0.09210526315789455,0.0,0.9152960716246511
tfidf_meta,model,model,extra_trees,31,266.0,0.784,0.5070000000000001,0.6485531053064019,0.007000000000000006,0.013806706114398432,0.0,0.9861932938856014,0.007000000000000006,0.013806706114398432,0.0,0.9866140567029019,0.007000000000000006,0.013806706114398432,0.0,0.9852552540996335,0.0030000000000001137,0.005917159763313832,0.0,0.9899509042709121
tfidf_meta,model,model,extra_trees,32,160.0,0.9969978165938865,0.8938318777292578,0.8929952134552304,0.0016375545851529116,0.0018320610687023718,0.0,0.9981679389312975,0.0016375545851529116,0.0018320610687023718,0.0,0.9969218067060325,0.0016375545851529116,0.0018320610687023718,0.0,0.99691532128987,0.0016375545851529116,0.0018320610687023718,0.0,0.9964439048632556
tfidf_meta,model,model,extra_trees,37,188.0,0.7877604166666667,0.2539062500000001,0.688541617738526,0.005208333333333481,0.020512820512821085,0.0,0.9794871794871789,0.005208333333333481,0.020512820512821085,0.0,0.9717415163501744,0.0026041666666667407,0.010256410256410543,0.0,0.9786127599157123,0.0,0.0,1.0,0.9709120623947839
tfidf_meta,model,model,extra_trees,43,122.0,0.9626168224299065,0.37774396870245597,0.5741947563647662,0.0,0.0,1.0,1.0,0.0,0.0,1.0,0.9998643830149647,0.0,0.0,1.0,0.9998759931945952,0.0,0.0,1.0,0.8777848286338882
tfidf_meta,model,model,extra_trees,45,110.0,0.9705329153605016,0.5467089153605016,0.6789775327405269,0.005015673981191293,0.009174304351491948,0.0,0.9908256956485081,0.005015673981191293,0.009174304351491948,0.0,0.9889323739689384,0.005015673981191293,0.009174304351491948,0.0,0.9868022543231906,0.00031347962382444194,0.0005733940219682214,0.0,0.9905283359570671
tfidf_meta,model,model,extra_trees,49,133.0,1.0,0.3465553235908142,0.5941838896202006,0.050104384133611735,0.14457831325301218,0.0,0.8554216867469878,0.0,0.0,0.0,0.9272052578609277,0.0,0.0,0.0,0.941587947919439,0.0,0.0,0.0,0.8781265322841765
tfidf_meta,model,model,extra_trees,53,136.0,0.8699763593380615,0.6382978723404256,0.7281192840894553,0.0721040189125296,0.11296296296296303,0.0,0.887037037037037,0.0721040189125296,0.11296296296296303,0.0,0.8614440511476419,0.0721040189125296,0.11296296296296303,0.0,0.8547650082204253,0.0721040189125296,0.11296296296296303,0.0,0.8577509617065492
tfidf_meta,model,model,extra_trees,219,107.0,0.9501015183615819,0.5730045183615818,0.7417438038757609,0.004766949152542277,0.008319217387975638,0.0,0.9916807826120244,0.004766949152542277,0.008319217387975638,0.0,0.9457186251252304,0.004766949152542277,0.008319217387975638,0.0,0.9545418604937337,0.0,0.0,1.0,0.9724891391187519
tfidf_meta,model,model,extra_trees,2074,118.0,0.9283048211508553,0.8311041990668739,0.8535218017096746,0.0,0.0,1.0,1.0,0.0,0.0,1.0,0.9980482601355386,0.0,0.0,1.0,0.9972237075462342,0.0,0.0,1.0,0.9967001262933666
tfidf_meta,model,model,extra_trees,2079,151.0,0.6997282608695652,0.4089672608695652,0.3375319102025335,0.014945652173912971,0.0365448621538429,0.0,0.9634551378461571,0.009510869565217406,0.023255821370627452,0.0,0.9797087272372681,0.009510869565217406,0.023255821370627452,0.0,0.9837953090237329,0.009510869565217406,0.023255821370627452,0.0,0.8973866555800121
tfidf_meta,model,model,extra_trees,3021,235.0,0.9928419936373277,0.5824499936373277,0.5354132596619782,0.0010604453870626251,0.0018206634022609831,0.0,0.998179336597739,0.0007953340402969689,0.0013654975516957373,0.0,0.9989035054459422,0.0005302226935313126,0.0009103317011304916,0.0,0.9991476333711755,0.0,0.0,1.0,0.9995615088433801
tfidf_meta,model,model,extra_trees,3022,112.0,0.997979797979798,0.997979797979798,0.6986852989045534,0.10606060606060597,0.1062753036437246,0.0,0.8937246963562754,0.0010101010101009056,0.0010121457489877495,0.0,0.9498626864696237,0.0010101010101009056,0.0010121457489877495,0.0,0.9585817054027618,0.0010101010101009056,0.0010121457489877495,0.0,0.9731038188004851
tfidf_meta,model,model,extra_trees,3481,83.0,0.9779402334231115,0.939463896370399,0.8346010993348763,0.01077337437475967,0.01146757679180903,0.0,0.988532423208191,0.0005130178273695662,0.0005460750853243014,0.0,0.9896175884351323,0.0005130178273695662,0.0005460750853243014,0.0,0.9891792443738349,0.0005130178273695662,0.0005460750853243014,0.0,0.9884139653297044
tfidf_meta,model,model,extra_trees,3549,116.0,0.998811,0.6623068382877526,0.8250912285926857,6.06420926807516e-08,9.156193047550027e-08,0.0,0.9999999084380695,6.06420926807516e-08,9.156193047550027e-08,0.0,0.999578701461143,6.06420926807516e-08,9.156193047550027e-08,0.0,0.999171033958431,6.06420926807516e-08,9.156193047550027e-08,0.0,0.998727965435158
tfidf_meta,model,model,extra_trees,3560,100.0,0.26348808030112925,0.0941028858218319,0.4898568534772744,0.0,0.0,1.0,1.0,0.0,0.0,1.0,0.9078872401090406,0.0,0.0,1.0,0.9053398486140058,0.0,0.0,1.0,0.8713820122300845
tfidf_meta,model,model,extra_trees,3573,57.0,0.9910428571428571,0.8885714285714286,0.9139313713947922,0.00728571428571434,0.008199356913183341,0.0,0.9918006430868167,0.00728571428571434,0.008199356913183341,0.0,0.9935079297761653,0.00728571428571434,0.008199356913183341,0.0,0.9949923590556532,0.00728571428571434,0.008199356913183341,0.0,0.988344690281124
tfidf_meta,model,model,extra_trees,3902,89.0,0.929355281207133,0.17558299039780512,0.7999472035276057,0.015089163237311243,0.08593749999999924,0.0,0.9140625000000008,0.011659807956104218,0.06640624999999983,0.0,0.9451925540552988,0.011659807956104218,0.06640624999999983,0.0,0.9499114902673456,0.0,0.0,1.0,0.9575887227060795
tfidf_meta,model,model,extra_trees,3903,86.0,0.909149072296865,0.6513115802943059,0.3510895344530792,0.007677543186180413,0.011787819253438098,0.0,0.9882121807465619,0.007677543186180413,0.011787819253438098,0.0,0.9866271131743356,0.007677543186180413,0.011787819253438098,0.0,0.9841402992653456,0.0,0.0,1.0,0.9884976864247688
tfidf_meta,model,model,extra_trees,3904,81.0,0.824345429490124,0.26311437758383094,0.7874197418520147,0.0008268259072117257,0.0031424581005585314,0.0,0.9968575418994414,0.0003674781809829275,0.0013966480446924463,0.0,0.9980499804361698,0.0,0.0,1.0,0.9982492571985994,0.0,0.0,1.0,0.9983555972453598
tfidf_meta,model,model,extra_trees,3913,143.0,0.8697318007662835,0.31417624521072796,0.5966711390539786,0.021072796934865856,0.06707317073170718,0.0,0.9329268292682928,0.019157088122605304,0.06097560975609737,0.0,0.9531726113289322,0.019157088122605304,0.06097560975609737,0.0,0.9580810250479231,0.0,0.0,1.0,0.966701266063858
tfidf_meta,model,model,extra_trees,3917,93.0,0.8734,0.2925559999999999,0.7972905732725575,0.0047418681839733745,0.016208412009917333,0.0,0.9837915879900827,0.0028452347083924856,0.009725436184499673,0.0,0.9854838070652988,0.0028452347083924856,0.009725436184499673,0.0,0.9881080572866414,0.0028452347083924856,0.009725436184499673,0.0,0.9880342630066443
tfidf_meta,model,model,extra_trees,3918,100.0,0.9413886384129847,0.1956717763751128,0.7140759606881222,0.0045085662759242195,0.023041474654377683,0.0,0.9769585253456223,0.0009017132551849549,0.004608294930876104,0.0,0.9878095119380952,0.0,0.0,1.0,0.9924613708442529,0.0,0.0,1.0,0.9947973310329756
tfidf_meta,model,model,extra_trees,7592,84.0,0.8755988698251506,0.12069530322263633,0.7595436755230679,0.0011056058310471295,0.009160305343512106,0.0,0.9908396946564879,0.0011056058310471295,0.009160305343512106,0.0,0.9623278485740976,0.0011056058310471295,0.009160305343512106,0.0,0.9290624806728544,0.0011056058310471295,0.009160305343512106,0.0,0.9452401262435877
tfidf_meta,model,model,extra_trees,9910,29.0,0.8160490535857104,0.23220474540122626,0.6301133754653565,0.0023993601706212564,0.01033295063145848,0.0,0.9896670493685416,0.0021327645961076724,0.009184845005740393,0.0,0.995127213241129,0.0,0.0,1.0,0.9979898306826701,0.0,0.0,1.0,0.9512953276680116
tfidf_meta,model,model,extra_trees,9946,123.0,0.9841827768014059,0.5869947275922671,0.7890973777520773,0.04393673110720553,0.07485029940119745,0.0,0.9251497005988024,0.0,0.0,1.0,0.9646655642274689,0.0,0.0,1.0,0.9744466170259781,0.0,0.0,1.0,0.9824431891130232
tfidf_meta,model,model,extra_trees,9952,120.0,0.9224648408586232,0.21595114729829745,0.743697999238613,0.008327165062916309,0.038560411311053776,0.0,0.9614395886889462,0.007216876387860838,0.03341902313624678,0.0,0.9606583636371835,0.006291635825314668,0.029134532990574533,0.0,0.9711120807765214,0.0,0.0,1.0,0.9756863785552562
tfidf_meta,model,model,extra_trees,9957,125.0,0.8938388625592417,0.27203791469194316,0.8510962510784541,0.04834123222748821,0.17770034843205593,0.0,0.822299651567944,0.013270142180094813,0.04878048780487814,0.0,0.8898228748690917,0.0018957345971564177,0.0069686411149826495,0.0,0.9219933597438452,0.0,0.0,1.0,0.9409597045851479
tfidf_meta,model,model,extra_trees,9960,106.0,0.998533724340176,0.5943914956011731,0.6813031544700342,0.0003665689149560114,0.0006167129201356763,0.0,0.9993832870798641,0.0,0.0,1.0,0.9992763696532712,0.0,0.0,1.0,0.9992965532546136,0.0,0.0,1.0,0.9994406476280484
tfidf_meta,model,model,extra_trees,9964,105.0,0.9667294413057125,0.8750784682988073,0.8875305924694894,0.0,0.0,1.0,1.0,0.0,0.0,1.0,0.9967886281931579,0.0,0.0,1.0,0.9978035446310634,0.0,0.0,1.0,0.9964188163045059
tfidf_meta,model,model,extra_trees,9971,100.0,0.7427101200686106,0.1783881200686106,0.557854622976337,0.010291595197255532,0.0576921556956665,0.0,0.9423078443043335,0.00857632933104624,0.048076796413055206,0.0,0.9514274649374734,0.00857632933104624,0.048076796413055206,0.0,0.9512551962660604,0.0034305317324184736,0.019230718565221957,0.0,0.9567028654197949
tfidf_meta,model,model,extra_trees,9976,89.0,0.8746153846153847,0.3746153846153847,0.6671450530694267,0.02538461538461545,0.06776180698151966,0.0,0.9322381930184803,0.0003846153846155387,0.0010266940451749492,0.0,0.9674074767848845,0.0,0.0,1.0,0.976870084432407,0.0,0.0,1.0,0.9609099778404855
tfidf_meta,model,model,extra_trees,9977,95.0,0.9760916872189178,0.2161613230813869,0.8975944752769767,0.02356013346873642,0.10899328859060413,0.0,0.8910067114093959,0.0,0.0,1.0,0.9520362154267541,0.0,0.0,1.0,0.9649380170388941,0.0,0.0,1.0,0.9772549850606849
tfidf_meta,model,model,extra_trees,9978,98.0,0.9490923441199685,0.2711128650355169,0.7543825138512463,0.0019731649565903897,0.007278020378457131,0.0,0.9927219796215428,0.0019731649565903897,0.007278020378457131,0.0,0.99382916699317,0.0019731649565903897,0.007278020378457131,0.0,0.9937069901246097,0.0019731649565903897,0.007278020378457131,0.0,0.9918282567028963
tfidf_meta,model,model,extra_trees,9981,309.0,0.9657407407407408,0.8546296296296296,0.3680372943102037,0.1333333333333333,0.15601300108342359,0.0,0.8439869989165765,0.033333333333333326,0.039003250270855896,0.0,0.8999206892450232,0.00462962962962965,0.005417118093174455,0.0,0.91852871023453,0.0,0.0,1.0,0.9447297448267646
tfidf_meta,model,model,extra_trees,9985,111.0,0.6389342922523701,0.4658385093167702,0.8682288532488261,0.08597580908793723,0.18456140350877193,0.0,0.8154385964912281,0.0019614253023864103,0.004210526315789494,0.0,0.9086198004116489,0.0,0.0,0.0,0.9345382888175147,0.0,0.0,0.0,0.9527298652276666
tfidf_meta,model,model,extra_trees,10093,155.0,1.0,0.555393586005831,0.7685143044945327,0.005102040816326481,0.009186351706036653,0.0,0.9908136482939633,0.0,0.0,0.0,0.9933576869449415,0.0,0.0,0.0,0.9940492793643324,0.0,0.0,0.0,0.9956298131542302
tfidf_meta,model,model,extra_trees,10101,452.0,0.8074866310160428,0.5695187165775402,0.22451716427036084,0.013368983957219305,0.02347417840375596,0.0,0.976525821596244,0.009358288770053513,0.01643192488262917,0.0,0.9837893602596499,0.009358288770053513,0.01643192488262917,0.0,0.9826691849571628,0.009358288770053513,0.01643192488262917,0.0,0.9829460023075741
tfidf_meta,model,model,extra_trees,14952,56.0,0.9758480325644504,0.3907734056987787,0.8476871127994748,0.0,0.0,1.0,1.0,0.0,0.0,1.0,0.9997941770236484,0.0,0.0,1.0,0.9982288848728507,0.0,0.0,1.0,0.997927835402906
tfidf_meta,model,model,extra_trees,14954,47.0,0.8592592592592593,0.24814814814814812,0.825678267769614,0.014814814814814836,0.05970149253731353,0.0,0.9402985074626865,0.0,0.0,1.0,0.9729907254243556,0.0,0.0,1.0,0.9814634996731721,0.0,0.0,1.0,0.9617404441955892
tfidf_meta,model,model,extra_trees,14965,81.0,0.9099776603039084,0.06881068766450638,0.762715610029317,0.0,0.0,1.0,1.0,0.0,0.0,1.0,0.9944543187017657,0.0,0.0,1.0,0.9960175053879756,0.0,0.0,1.0,0.9946399033105892
tfidf_meta,model,model,extra_trees,14969,100.0,0.7347310847766636,0.5223336371923427,0.9322038787068008,0.013673655423883324,0.026178010471204202,0.0,0.9738219895287958,0.0,0.0,1.0,0.9941326685640617,0.0,0.0,1.0,0.9947376406814379,0.0,0.0,1.0,0.9886370293909555
tfidf_meta,model,model,extra_trees,14970,77.0,0.9957277405573356,0.8458102728420234,0.685265681808021,0.009418390134964483,0.011135346114108508,0.0,0.9888646538858915,0.009418390134964483,0.011135346114108508,0.0,0.9867519615537497,9.709680551506228e-05,0.0001147973826196334,0.0,0.9892608158440771,0.0,0.0,1.0,0.9899549536687997
tfidf_meta,model,model,extra_trees,125920,83.0,0.6579999999999999,0.15599999999999992,0.3317509584116567,0.017999999999999905,0.11538461538461484,0.0,0.8846153846153851,0.017999999999999905,0.11538461538461484,0.0,0.8584481265647854,0.017999999999999905,0.11538461538461484,0.0,0.772799191815865,0.013999999999999901,0.08974358974358916,0.0,0.835259125800404
tfidf_meta,model,model,extra_trees,125922,99.0,0.9994545454545455,0.9256363636363637,0.7151966876927193,0.008181818181818179,0.008839127872716556,0.0,0.9911608721272834,0.008181818181818179,0.008839127872716556,0.0,0.9864442080589169,0.008181818181818179,0.008839127872716556,0.0,0.9848557477416484,0.0,0.0,1.0,0.9879265898658178
tfidf_meta,model,model,extra_trees,146195,71.0,0.8688070814275354,0.26003226904687904,0.7894066182046929,0.0,0.0,1.0,1.0,0.0,0.0,1.0,0.7581145867994148,0.0,0.0,1.0,0.804733730266752,0.0,0.0,1.0,0.8648557519665171
tfidf_meta,model,model,extra_trees,146800,51.0,1.0,0.8611111111111112,0.7890997033247539,0.14722222222222225,0.1709677419354839,0.0,0.829032258064516,0.0037037037037036535,0.004301075268817146,0.0,0.9172523491534837,0.0037037037037036535,0.004301075268817146,0.0,0.939415739624957,0.0009259259259259967,0.001075268817204383,0.0,0.960258074483002
tfidf_meta,model,model,extra_trees,146817,74.0,0.8181349819680577,0.5574446161772282,0.8749953909327874,0.039155074703761006,0.07024029574861379,0.0,0.9297597042513862,0.038124678001030365,0.0683918669131238,0.0,0.9262519822089347,0.0,0.0,1.0,0.9400208642037062,0.0,0.0,1.0,0.9517951524088857
tfidf_meta,model,model,extra_trees,146819,71.0,0.9666666666666667,0.20185185185185184,0.7877945872099573,0.005555555555555536,0.027522935779816418,0.0,0.9724770642201835,0.0,0.0,1.0,0.9892135068721696,0.0,0.0,1.0,0.988260839905233,0.0,0.0,1.0,0.978722365471019
tfidf_meta,model,model,extra_trees,146820,61.0,0.9894606323620583,0.32300061996280216,0.8663398428073229,0.002273196941516842,0.007037747920665387,0.0,0.9929622520793346,0.002273196941516842,0.007037747920665387,0.0,0.9915187194404059,0.002273196941516842,0.007037747920665387,0.0,0.991641558010287,0.002273196941516842,0.007037747920665387,0.0,0.9919499625243314
tfidf_meta,model,model,extra_trees,146821,61.0,1.0,0.3032407407407408,0.6977748883126752,0.0,0.0,0.0,1.0,0.0,0.0,1.0,1.0,0.0,0.0,1.0,1.0,0.0,0.0,1.0,0.9829802343107351
tfidf_meta,model,model,extra_trees,146822,77.0,0.9467532467532468,0.8038961038961039,0.7787383945594399,0.01904761904761898,0.023694130317716663,0.0,0.9763058696822834,0.0012987012987013546,0.0016155088852989388,0.0,0.9838476593047366,0.0012987012987013546,0.0016155088852989388,0.0,0.9823752222773938,0.0012987012987013546,0.0016155088852989388,0.0,0.9821069883845202
tfidf_meta,model,model,extra_trees,146824,57.0,0.9834999999999999,0.8839999999999999,0.9116885344919226,0.0009999999999998899,0.0011312217194568892,0.0,0.9988687782805431,0.0,0.0,1.0,0.9983089555178308,0.0,0.0,1.0,0.9987116206646138,0.0,0.0,1.0,0.9978434258813647
tfidf_meta,model,model,extra_trees,146825,38.0,0.9148142857142857,0.8156857142857142,0.9174101377943682,0.0,0.0,1.0,1.0,0.0,0.0,1.0,0.999649941165998,0.0,0.0,1.0,0.9990379416935741,0.0,0.0,1.0,0.9899701182606667
tfidf_meta,model,model,extra_trees,167119,55.0,0.8780204823847029,0.2892077020906312,0.790984737645412,0.0,0.0,1.0,1.0,0.0,0.0,1.0,0.9741795376723917,0.0,0.0,1.0,0.9749343657034311,0.0,0.0,1.0,0.9715663641956804
tfidf_meta,model,model,extra_trees,167120,39.0,0.5226640365448505,0.02209302325581397,0.17625608593432324,1.0382059800750909e-05,0.00046992481203398816,0.0,0.999530075187966,1.0382059800750909e-05,0.00046992481203398816,0.0,0.9349975035573809,1.0382059800750909e-05,0.00046992481203398816,0.0,0.9148939739761567,1.0382059800750909e-05,0.00046992481203398816,0.0,0.8707655832366806
tfidf_meta,model,model,extra_trees,167121,10.0,0.9450978260869566,0.9223260869565219,0.9085365853658538,0.0,0.0,1.0,1.0,0.0,0.0,1.0,0.9953463025667901,0.0,0.0,1.0,0.9960153179490596,0.0,0.0,1.0,0.9966004847045841
tfidf_meta,model,model,extra_trees,167124,10.0,0.58735,0.43163333333333337,0.8963581269790831,0.0,0.0,1.0,1.0,0.0,0.0,1.0,0.9747642379409001,0.0,0.0,1.0,0.9840510980255057,0.0,0.0,1.0,0.9852337692108478
tfidf_meta,model,model,extra_trees,167125,11.0,0.9789569990850869,0.20890515401036902,0.8219263769590017,0.0,0.0,1.0,1.0,0.0,0.0,1.0,0.995483411957849,0.0,0.0,1.0,0.9920554975313847,0.0,0.0,1.0,0.9433403258508062
tfidf_meta,model,model,extra_trees,167140,46.0,0.9686126804770872,0.4494664155681104,0.7289333796336942,0.0,0.0,1.0,1.0,0.0,0.0,1.0,0.9934661397951748,0.0,0.0,1.0,0.9895638828217724,0.0,0.0,1.0,0.9926664037292501
tfidf_meta,model,model,extra_trees,167141,69.0,0.9616,0.6604,0.8545472535580853,0.0,0.0,1.0,1.0,0.0,0.0,1.0,0.9963506508493147,0.0,0.0,1.0,0.9960451025135167,0.0,0.0,1.0,0.9984627353107086
tfidf_meta,global_default,baseline,,3,166.0,0.9978097622027535,0.9928035043804757,0.5155216951444666,0.00031289111389243285,0.00031515915537353145,0.0,0.9996848408446265,0.00031289111389243285,0.00031515915537353145,0.0,0.9991090346260575,0.00031289111389243285,0.00031515915537353145,0.0,0.997848632172693,0.0,0.0,0.0,0.9948171900644573
tfidf_meta,global_default,baseline,,6,166.0,0.9809,0.94075,0.6822652310564401,0.09945000000000004,0.10571352644166893,0.0,0.8942864735583311,0.04664999999999997,0.049588094605368026,0.0,0.9216329809838418,0.0059499999999999,0.0063247408982194,0.0,0.9388930378488888,0.0059499999999999,0.0063247408982194,0.0,0.9187238491866689
tfidf_meta,global_default,baseline,,11,174.0,1.0,0.5424,0.5226695823238288,0.016000000000000014,0.02949852507374634,0.0,0.9705014749262537,0.0048000000000000265,0.008849557522123942,0.0,0.9163980790406228,0.0048000000000000265,0.008849557522123942,0.0,0.9104194647990357,0.0016000000000000458,0.002949852507374716,0.0,0.8561512810814319
tfidf_meta,global_default,baseline,,12,150.0,0.9840000000000001,0.8840000000000001,0.7653290052034543,0.006000000000000116,0.006787330316742212,0.0,0.9932126696832578,0.006000000000000116,0.006787330316742212,0.0,0.9833900793568073,0.0015000000000000568,0.0016968325791855844,0.0,0.9824740397170068,0.0015000000000000568,0.0016968325791855844,0.0,0.980164628732919
tfidf_meta,global_default,baseline,,14,135.0,0.8805,0.7805,0.81014214497256,0.0040000000000000036,0.005124919923126206,0.0,0.9948750800768738,0.0040000000000000036,0.005124919923126206,0.0,0.9609573156451614,0.0040000000000000036,0.005124919923126206,0.0,0.9625094736965533,0.0040000000000000036,0.005124919923126206,0.0,0.9677709816090156
tfidf_meta,global_default,baseline,,15,143.0,0.9756795422031473,0.32045779685264664,0.6273791193172313,0.0014306151645206988,0.0044642857142855735,0.0,0.9955357142857144,0.0,0.0,0.0,0.9912960344604818,0.0,0.0,0.0,0.9852436798953549,0.0,0.0,0.0,0.9870109653139091
tfidf_meta,global_default,baseline,,16,125.0,0.9854999999999999,0.8855,0.7013636298103848,0.0009999999999998899,0.0011293054771314398,0.0,0.9988706945228686,0.0009999999999998899,0.0011293054771314398,0.0,0.9950263420839521,0.0009999999999998899,0.0011293054771314398,0.0,0.9947222080742792,0.0009999999999998899,0.0011293054771314398,0.0,0.9871664635158505
tfidf_meta,global_default,baseline,,18,138.0,0.772,0.673,0.8005045562739772,0.020500000000000074,0.030460624071322544,0.0,0.9695393759286774,0.013000000000000012,0.01931649331352156,0.0,0.9657762199617848,0.013000000000000012,0.01931649331352156,0.0,0.9665084988749129,0.0024999999999999467,0.0037147102526002176,0.0,0.9762331893356595
tfidf_meta,global_default,baseline,,22,120.0,0.907,0.8460000000000001,0.6869805790725435,0.03249999999999997,0.03841607565011817,0.0,0.9615839243498818,0.03249999999999997,0.03841607565011817,0.0,0.8931618846788704,0.03249999999999997,0.03841607565011817,0.0,0.8723520542633301,0.007000000000000006,0.008274231678487004,0.0,0.9070066759984297
tfidf_meta,global_default,baseline,,23,166.0,0.5743380855397149,0.2016293279022403,0.7451711389983757,0.0054310855397148305,0.026935989898989716,0.0,0.9730640101010103,0.0054310855397148305,0.026935989898989716,0.0,0.9534000036658556,0.00407308553971486,0.02020085858585855,0.0,0.9643577935633152,0.00407308553971486,0.02020085858585855,0.0,0.9258347918552383
tfidf_meta,global_default,baseline,,28,118.0,0.9937722419928825,0.9017793594306049,0.9038410864447277,0.00035624199288253333,0.0003950434096290129,0.0,0.999604956590371,0.00035624199288253333,0.0003950434096290129,0.0,0.9897568884451231,0.00017793594306036997,0.00019731649565889487,0.0,0.9917213145642119,0.00017793594306036997,0.00019731649565889487,0.0,0.9938907161217486
tfidf_meta,global_default,baseline,,29,129.0,0.8884057971014492,0.33043478260869563,0.4944568592470985,0.005796797101449203,0.01754293859649101,0.0,0.982457061403509,0.005796797101449203,0.01754293859649101,0.0,0.9495291133738749,0.0,0.0,1.0,0.9650900966972688,0.0,0.0,1.0,0.9711012118787421
tfidf_meta,global_default,baseline,,31,266.0,0.784,0.5070000000000001,0.39851360479473696,0.016000000000000014,0.03155818540433927,0.0,0.9684418145956606,0.016000000000000014,0.03155818540433927,0.0,0.9257857576961885,0.014000000000000012,0.027613412228796864,0.0,0.9144890311646282,0.007000000000000006,0.013806706114398432,0.0,0.9364556901525313
tfidf_meta,global_default,baseline,,32,160.0,0.9969978165938865,0.8938318777292578,0.7665276661165076,0.006004366812227047,0.006717557251908365,0.0,0.9932824427480915,0.0009098165938865588,0.001017883358778733,0.0,0.9943848671198063,0.00045487627365370376,0.0005089058524174566,0.0,0.9952888375692287,0.00018195050946157032,0.000203562340967082,0.0,0.9942274033199042
tfidf_meta,global_default,baseline,,37,188.0,0.7877604166666667,0.2539062500000001,0.5533553693283235,0.010416416666666706,0.041024656410256544,0.0,0.9589753435897435,0.010416416666666706,0.041024656410256544,0.0,0.9435408908718722,0.010416416666666706,0.041024656410256544,0.0,0.9395535081281238,0.005208333333333481,0.020512820512821085,0.0,0.9472203409510257
tfidf_meta,global_default,baseline,,43,122.0,0.9626168224299065,0.37774396870245597,0.7857435122456654,0.15692240817213654,0.4154200230149599,0.0,0.5845799769850402,0.030428167789610883,0.0805523590333715,0.0,0.7181531658015419,0.003912193001521347,0.010356731875719056,0.0,0.75422572918326,0.0028254727233210097,0.007479861910241638,0.0,0.8288232974609362
tfidf_meta,global_default,baseline,,45,110.0,0.9705329153605016,0.5467089153605016,0.6106570904308573,0.0015673981191222097,0.002866970109841107,0.0,0.9971330298901588,0.0015673981191222097,0.002866970109841107,0.0,0.9974365622100677,0.0015673981191222097,0.002866970109841107,0.0,0.9922790369684978,0.00031391536050151547,0.0005741910396586796,0.0,0.9844683573125541
tfidf_meta,global_default,baseline,,49,133.0,1.0,0.3465553235908142,0.5409104332731061,0.009395000000000042,0.027109668674698918,0.0,0.9728903313253011,0.0,0.0,1.0,0.9872780092214383,0.0,0.0,1.0,0.9908054792073894,0.0,0.0,1.0,0.9322689364871668
tfidf_meta,global_default,baseline,,53,136.0,0.8699763593380615,0.6382978723404256,0.8648887355311506,0.08865248226950351,0.1388888888888888,0.0,0.8611111111111112,0.018912359338061457,0.02962936296296295,0.0,0.9112254764641972,0.014184359338061503,0.02222216296296302,0.0,0.9117567743226914,0.014184359338061503,0.02222216296296302,0.0,0.8970835872450009
tfidf_meta,global_default,baseline,,219,107.0,0.9501015183615819,0.5730045183615818,0.6085979159411412,0.03950388418079087,0.06894166261331786,0.0,0.9310583373866821,0.004766949152542277,0.008319217387975638,0.0,0.924578922270174,0.0,0.0,1.0,0.9262201977462589,0.0,0.0,1.0,0.9237908504350063
tfidf_meta,global_default,baseline,,2074,118.0,0.9283048211508553,0.8311041990668739,0.9443232227943079,0.0015548211508553678,0.0018707896706586856,0.0,0.9981292103293413,0.0015548211508553678,0.0018707896706586856,0.0,0.9960967398064093,0.0015548211508553678,0.0018707896706586856,0.0,0.9962633960655611,0.0,0.0,1.0,0.9974069022341433
tfidf_meta,global_default,baseline,,2079,151.0,0.6997282608695652,0.4089672608695652,0.8078595712864146,0.013587260869565188,0.03322334614432295,0.0,0.966776653855677,0.0,0.0,1.0,0.9738818579149205,0.0,0.0,1.0,0.97912386183412,0.0,0.0,1.0,0.9814768261553938
tfidf_meta,global_default,baseline,,3021,235.0,0.9928419936373277,0.5824499936373277,0.7454232458766479,0.022534464475079563,0.0386890972980438,0.0,0.9613109027019562,0.0010604453870626251,0.0018206634022609831,0.0,0.9813518878016328,0.0,0.0,1.0,0.9822309598839508,0.0,0.0,1.0,0.9885524936674304
tfidf_meta,global_default,baseline,,3022,112.0,0.997979797979798,0.997979797979798,0.6701127225695431,0.001009797979797944,0.001011842105263122,0.0,0.9989881578947368,0.001009797979797944,0.001011842105263122,0.0,0.757100118342759,0.001009797979797944,0.001011842105263122,0.0,0.8191158215843626,0.001009797979797944,0.001011842105263122,0.0,0.8759664628896009
tfidf_meta,global_default,baseline,,3481,83.0,0.9779402334231115,0.939463896370399,0.815687306948031,0.0017952334231114975,0.0019109126279863952,0.0,0.9980890873720136,0.0,0.0,1.0,0.9916847495327835,0.0,0.0,1.0,0.9916212424314201,0.0,0.0,1.0,0.9910651761039029
tfidf_meta,global_default,baseline,,3549,116.0,0.998811,0.6623068382877526,0.7472364708548576,0.0023779999999999912,0.003590480820261169,0.0,0.9964095191797389,6.06420926807516e-08,9.156193047550027e-08,0.0,0.9972519329591075,6.06420926807516e-08,9.156193047550027e-08,0.0,0.9975427855328596,6.06420926807516e-08,9.156193047550027e-08,0.0,0.9926191819354289
tfidf_meta,global_default,baseline,,3560,100.0,0.26348808030112925,0.0941028858218319,0.575902167304189,0.032622333751568394,0.3466666666666667,0.0,0.6533333333333333,0.032622333751568394,0.3466666666666667,0.0,0.7075401093820385,0.03136762860727729,0.33333333333333326,0.0,0.7163713503720135,0.0,0.0,1.0,0.8115355740165602
tfidf_meta,global_default,baseline,,3573,57.0,0.9910428571428571,0.8885714285714286,0.8215365246059602,0.04222857142857139,0.04752411575562697,0.0,0.952475884244373,0.01728571428571435,0.019453376205787853,0.0,0.9635815007453415,0.010099999999999887,0.01136655948553042,0.0,0.9685783073710323,0.00728571428571434,0.008199356913183341,0.0,0.9784396330778834
tfidf_meta,global_default,baseline,,3902,89.0,0.929355281207133,0.17558299039780512,0.8521735231271953,0.013717421124828433,0.07812499999999947,0.0,0.9218750000000006,0.013031550068587028,0.0742187499999996,0.0,0.9202617564370025,0.0,0.0,1.0,0.9511433919034614,0.0,0.0,1.0,0.9641315902405891
tfidf_meta,global_default,baseline,,3903,86.0,0.909149072296865,0.6513115802943059,0.4063171792322555,0.002559181062060212,0.0039292730844794795,0.0,0.9960707269155206,0.0019193857965451588,0.00294695481335961,0.0,0.9963062323815375,0.0019193857965451588,0.00294695481335961,0.0,0.9951455239423697,0.0019193857965451588,0.00294695481335961,0.0,0.9943257461594381
tfidf_meta,global_default,baseline,,3904,81.0,0.824345429490124,0.26311437758383094,0.8238718218910754,0.0003674781809829275,0.0013966480446924463,0.0,0.9986033519553076,0.0003674781809829275,0.0013966480446924463,0.0,0.98172405723473,0.0003674781809829275,0.0013966480446924463,0.0,0.9835038197435243,0.0,0.0,1.0,0.9884936748938399
tfidf_meta,global_default,baseline,,3913,143.0,0.8697318007662835,0.31417624521072796,0.5011043728291743,0.06513409961685823,0.2073170731707317,0.0,0.7926829268292683,0.03256704980842917,0.10365853658536603,0.0,0.8613616501925276,0.021072800766283484,0.06707318292682914,0.0,0.8656860235287538,0.01724137931034475,0.05487804878048756,0.0,0.8844670686472963
tfidf_meta,global_default,baseline,,3917,93.0,0.8734,0.2925559999999999,0.755843616425572,0.013750877192982403,0.04700254718065056,0.0,0.9529974528193494,0.00426770981507818,0.014587668053563013,0.0,0.9672522996851174,0.00426770981507818,0.014587668053563013,0.0,0.9650347394959468,0.00426770981507818,0.014587668053563013,0.0,0.9714302211187801
tfidf_meta,global_default,baseline,,3918,100.0,0.9413886384129847,0.1956717763751128,0.6768103474719797,0.006311992786293907,0.03225806451612876,0.0,0.9677419354838712,0.0054102795311090635,0.027649769585253222,0.0,0.9698719331594958,0.0036068530207394867,0.018433179723502714,0.0,0.9731513656804056,0.0,0.0,0.0,0.9725220820101139
tfidf_meta,global_default,baseline,,7592,84.0,0.8755988698251506,0.12069530322263633,0.6711833610024447,0.0,0.0,1.0,1.0,0.0,0.0,1.0,0.9821610904514162,0.0,0.0,1.0,0.954521256696669,0.0,0.0,1.0,0.9380043438041398
tfidf_meta,global_default,baseline,,9910,29.0,0.8160490535857104,0.23220474540122626,0.8158187079319199,0.0,0.0,1.0,1.0,0.0,0.0,1.0,0.9452338031768345,0.0,0.0,1.0,0.9459301829496993,0.0,0.0,1.0,0.9635772410559345
tfidf_meta,global_default,baseline,,9946,123.0,0.9841827768014059,0.5869947275922671,0.7636825265903682,0.08611599297012285,0.14670658682634702,0.0,0.8532934131736528,0.021089630931458547,0.03592814371257459,0.0,0.9109529003697681,0.0017574692442882123,0.0029940119760478827,0.0,0.9329748520457689,0.0017574692442882123,0.0029940119760478827,0.0,0.9544944294357295
tfidf_meta,global_default,baseline,,9952,120.0,0.9224648408586232,0.21595114729829745,0.7428076367900418,0.007401924500370027,0.034275921165381015,0.0,0.965724078834619,0.007216876387860838,0.03341902313624678,0.0,0.9536529872197194,0.007216876387860838,0.03341902313624678,0.0,0.9263353438516687,0.0,0.0,1.0,0.9320510378062185
tfidf_meta,global_default,baseline,,9957,125.0,0.8938388625592417,0.27203791469194316,0.7568574789273694,0.26066350710900477,0.9581881533101045,0.0,0.04181184668989549,0.027488151658767834,0.1010452961672476,0.0,0.23116803932766514,0.02274881516587679,0.08362369337979098,0.0,0.42217212153141953,0.013270142180094813,0.04878048780487814,0.0,0.6090605793374027
tfidf_meta,global_default,baseline,,9960,106.0,0.998533724340176,0.5943914956011731,0.617543071927076,0.0010997067448679232,0.0018501387604068417,0.0,0.9981498612395932,0.0010997067448679232,0.0018501387604068417,0.0,0.9406049174361818,0.0003665689149560114,0.0006167129201356763,0.0,0.9570636452744126,0.0,0.0,0.0,0.9575618118468214
tfidf_meta,global_default,baseline,,9964,105.0,0.9667294413057125,0.8750784682988073,0.7653868545236255,0.005649441305712433,0.0064559253945479945,0.0,0.993544074605452,0.005649441305712433,0.0064559253945479945,0.0,0.9569559934945033,0.004394224733207719,0.005021520803443254,0.0,0.9673944269373203,0.0,0.0,1.0,0.976428614943375
tfidf_meta,global_default,baseline,,9971,100.0,0.7427101200686106,0.1783881200686106,0.42812240641991905,0.02229812006861054,0.12499778606352466,0.0,0.8750022139364754,0.02229812006861054,0.12499778606352466,0.0,0.8634009112890044,0.012006861063464824,0.06730751497827779,0.0,0.8795225181458755,0.012006861063464824,0.06730751497827779,0.0,0.8921190417539098
tfidf_meta,global_default,baseline,,9976,89.0,0.8746153846153847,0.3746153846153847,0.5191337694857295,0.2765384615384616,0.7381930184804929,0.0,0.2618069815195071,0.0003846153846155387,0.0010266940451749492,0.0,0.557773847854483,0.0003846153846155387,0.0010266940451749492,0.0,0.482899166325112,0.0,0.0,1.0,0.5528077522559308
tfidf_meta,global_default,baseline,,9977,95.0,0.9760916872189178,0.2161613230813869,0.8193711453155457,0.006121687218917815,0.02831999328859094,0.0,0.9716800067114091,0.0012766574786015061,0.005906040268456498,0.0,0.9834748805876239,0.0,0.0,1.0,0.9885076810096192,0.0,0.0,1.0,0.9822697532791842
tfidf_meta,global_default,baseline,,9978,98.0,0.9490923441199685,0.2711128650355169,0.705306897394234,0.008287292817679592,0.030567685589519784,0.0,0.9694323144104802,0.0,0.0,1.0,0.9845972477079706,0.0,0.0,1.0,0.9870735762466933,0.0,0.0,1.0,0.9880389209039641
tfidf_meta,global_default,baseline,,9981,309.0,0.9657407407407408,0.8546296296296296,0.3932193075885467,0.005555740740740833,0.006500758396533152,0.0,0.993499241603467,0.005555740740740833,0.006500758396533152,0.0,0.7017425534505174,0.005555740740740833,0.006500758396533152,0.0,0.7784813807217267,0.0,0.0,1.0,0.8505077510296278
tfidf_meta,global_default,baseline,,9985,111.0,0.6389342922523701,0.4658385093167702,0.7257082828516108,0.04870872834259565,0.10456140350877201,0.0,0.895438596491228,0.0019614253023864103,0.004210526315789494,0.0,0.8968102519554265,0.0019614253023864103,0.004210526315789494,0.0,0.8962702515738488,0.0019614253023864103,0.004210526315789494,0.0,0.9157285388216378
tfidf_meta,global_default,baseline,,10093,155.0,1.0,0.555393586005831,0.7231054901691935,0.0,0.0,0.0,1.0,0.0,0.0,0.0,0.9981524459605401,0.0,0.0,0.0,0.9986647236012848,0.0,0.0,0.0,0.997468644891468
tfidf_meta,global_default,baseline,,10101,452.0,0.8074866310160428,0.5695187165775402,0.24293867357455484,0.06550802139037426,0.11502347417840363,0.0,0.8849765258215964,0.06016042780748665,0.10563380281690143,0.0,0.8831545150609393,0.05882352941176483,0.10328638497652604,0.0,0.8873446621476916,0.016042780748663166,0.02816901408450715,0.0,0.9051255569561567
tfidf_meta,global_default,baseline,,14952,56.0,0.9758480325644504,0.3907734056987787,0.6436581331999084,0.0009950248756217528,0.0025462962962959444,0.0,0.997453703703704,0.0009950248756217528,0.0025462962962959444,0.0,0.9775424938121746,0.0006331976481228629,0.0016203703703699657,0.0,0.9658712329118618,0.0,0.0,1.0,0.9773010807740985
tfidf_meta,global_default,baseline,,14954,47.0,0.8592592592592593,0.24814814814814812,0.6076469389858775,0.0,0.0,1.0,1.0,0.0,0.0,1.0,0.9494073002890087,0.0,0.0,1.0,0.9577455975622176,0.0,0.0,1.0,0.9342999963494801
tfidf_meta,global_default,baseline,,14965,81.0,0.9099776603039084,0.06881068766450638,0.7092442272175301,0.010462055694410721,0.1520411443265842,0.0,0.8479588556734158,0.0,0.0,1.0,0.8300930887243169,0.0,0.0,1.0,0.8622421167514738,0.0,0.0,1.0,0.906770709459829
tfidf_meta,global_default,baseline,,14969,100.0,0.7347310847766636,0.5223336371923427,0.7984201903569638,0.2312367061683379,0.4426992437463642,0.0,0.5573007562536357,0.023295857388838215,0.04459957339538486,0.0,0.724711613717143,0.023295857388838215,0.04459957339538486,0.0,0.7300359088046631,0.0,0.0,1.0,0.7785831786189663
tfidf_meta,global_default,baseline,,14970,77.0,0.9957277405573356,0.8458102728420234,0.7957622954441016,0.0024277405573356337,0.0028703133968545165,0.0,0.9971296866031455,0.0,0.0,1.0,0.9936860955381585,0.0,0.0,1.0,0.9942745479359802,0.0,0.0,1.0,0.9942818657615214
tfidf_meta,global_default,baseline,,125920,83.0,0.6579999999999999,0.15599999999999992,0.08523343835850067,0.04799999999999993,0.30769230769230743,0.0,0.6923076923076926,0.017999999999999905,0.11538461538461484,0.0,0.7605470482330255,0.017999999999999905,0.11538461538461484,0.0,0.7647884522368098,0.013999999999999901,0.08974358974358916,0.0,0.7965278991482874
tfidf_meta,global_default,baseline,,125922,99.0,0.9994545454545455,0.9256363636363637,0.7265269528272562,0.0005455454545454375,0.0005893734040463379,0.0,0.9994106265959537,0.0005455454545454375,0.0005893734040463379,0.0,0.9917249841912795,0.0001818181818182829,0.00019642506383825496,0.0,0.9913793140154579,0.0,0.0,1.0,0.9915613168952934
tfidf_meta,global_default,baseline,,146195,71.0,0.8688070814275354,0.26003226904687904,0.6702508135301174,0.0,0.0,1.0,1.0,0.0,0.0,1.0,0.7721684739004123,0.0,0.0,1.0,0.818070230051771,0.0,0.0,1.0,0.8721341152882761
tfidf_meta,global_default,baseline,,146800,51.0,1.0,0.8611111111111112,0.7911026810926833,0.06296296296296289,0.07311827956989238,0.0,0.9268817204301076,0.0,0.0,1.0,0.9652829000731509,0.0,0.0,1.0,0.9687934338113046,0.0,0.0,1.0,0.9784651616472999
tfidf_meta,global_default,baseline,,146817,74.0,0.8181349819680577,0.5574446161772282,0.7898853630248956,0.06955177743431218,0.12476894639556373,0.0,0.8752310536044363,0.06955177743431218,0.12476894639556373,0.0,0.814186738524093,0.0005151983513652647,0.0009242144177448973,0.0,0.8587052744270467,0.0,0.0,1.0,0.9001297343632917
tfidf_meta,global_default,baseline,,146819,71.0,0.9666666666666667,0.20185185185185184,0.541093085806341,0.04999999999999993,0.2477064220183483,0.0,0.7522935779816516,0.014814814814814725,0.0733944954128436,0.0,0.7949051737692099,0.0,0.0,0.0,0.8426179754180255,0.0,0.0,1.0,0.8929526363146167
tfidf_meta,global_default,baseline,,146820,61.0,0.9894606323620583,0.32300061996280216,0.8566782483243591,0.0035131225459805737,0.010876519513755598,0.0,0.9891234804862444,0.0,0.0,1.0,0.9950814273225475,0.0,0.0,1.0,0.9958721601727022,0.0,0.0,1.0,0.9970456250084506
tfidf_meta,global_default,baseline,,146821,61.0,1.0,0.3032407407407408,0.68651276349597,0.0,0.0,0.0,1.0,0.0,0.0,0.0,0.7419636645643356,0.0,0.0,0.0,0.8062205689395353,0.0,0.0,0.0,0.8674389493156551
tfidf_meta,global_default,baseline,,146822,77.0,0.9467532467532468,0.8038961038961039,0.8296582905219426,0.01601731601731604,0.01992460958535275,0.0,0.9800753904146472,0.0051948051948053076,0.006462035541195617,0.0,0.983549763437273,0.0051948051948053076,0.006462035541195617,0.0,0.9824894584597339,0.0012987012987013546,0.0016155088852989388,0.0,0.9863225034246553
tfidf_meta,global_default,baseline,,146824,57.0,0.9834999999999999,0.8839999999999999,0.7180918635315899,0.15500000000000003,0.17533936651583715,0.0,0.8246606334841629,0.0,0.0,1.0,0.9174899777431544,0.0,0.0,1.0,0.935035110837144,0.0,0.0,1.0,0.9569528455206996
tfidf_meta,global_default,baseline,,146825,38.0,0.9148142857142857,0.8156857142857142,0.7827591518821819,0.06068571428571423,0.07439840274615567,0.0,0.9256015972538443,0.03035714285714286,0.03721671512137028,0.0,0.9426281101768553,0.0,0.0,1.0,0.9646093407024793,0.0,0.0,1.0,0.9803035138736986
tfidf_meta,global_default,baseline,,167119,55.0,0.8780204823847029,0.2892077020906312,0.6816918908204791,0.09080970124277654,0.3139947538960039,0.0,0.6860052461039962,0.01584149579419436,0.05477549760839354,0.0,0.7983934907321875,0.0,0.0,1.0,0.8543062108300091,0.0,0.0,1.0,0.8905372522256809
tfidf_meta,global_default,baseline,,167120,39.0,0.5226640365448505,0.02209302325581397,0.5065586542693524,0.0018999169435216512,0.08599624060150625,0.0,0.9140037593984938,0.0,0.0,1.0,0.9627459823600998,0.0,0.0,1.0,0.9339736715409618,0.0,0.0,1.0,0.9346437098069276
tfidf_meta,global_default,baseline,,167121,10.0,0.9450978260869566,0.9223260869565219,0.9179373709568976,0.0,0.0,1.0,1.0,0.0,0.0,1.0,0.9953463025667901,0.0,0.0,1.0,0.9959945057736526,0.0,0.0,1.0,0.9966724702222294
tfidf_meta,global_default,baseline,,167124,10.0,0.58735,0.43163333333333337,0.7622092916488802,0.22955000000000003,0.5318171287358098,0.0,0.4681828712641903,0.0,0.0,1.0,0.8537648096365741,0.0,0.0,1.0,0.8422015847730837,0.0,0.0,1.0,0.8983279236949905
tfidf_meta,global_default,baseline,,167125,11.0,0.9789569990850869,0.20890515401036902,0.7214687086640126,0.019823116803903695,0.09489051094890542,0.0,0.9051094890510946,0.0,0.0,1.0,0.9663322673828094,0.0,0.0,1.0,0.9752363385038381,0.0,0.0,1.0,0.9309351298981745
tfidf_meta,global_default,baseline,,167140,46.0,0.9686126804770872,0.4494664155681104,0.6916597797946533,0.0034526051475202157,0.007681564245809644,0.0,0.9923184357541903,0.0,0.0,1.0,0.998664131509971,0.0,0.0,1.0,0.9971601811240383,0.0,0.0,1.0,0.9895926608809974
tfidf_meta,global_default,baseline,,167141,69.0,0.9616,0.6604,0.7587714244253949,0.0011999999999999789,0.0018170805572380055,0.0,0.9981829194427619,0.0011999999999999789,0.0018170805572380055,0.0,0.929925123455899,0.0,0.0,1.0,0.9490789553569189,0.0,0.0,1.0,0.9556213638495353
tfidf_meta,random,baseline,,3,166.0,0.9978097622027535,0.9928035043804757,-0.00778353962503049,0.0776752365456822,0.07823827797037512,0.0,0.9217617220296249,0.009136430413016344,0.00920265729593452,0.0,0.9270745442337887,0.0015488209011264797,0.0015600477781280268,0.0,0.9261706602166211,0.0010951188986233706,0.0011030570438072145,0.0,0.9231312078003668
tfidf_meta,random,baseline,,6,166.0,0.9808999999999999,0.9407499999999999,0.04821317834502985,0.160125,0.17020993887855435,0.0,0.8297900611214457,0.02839249999999996,0.03018070688280623,0.0,0.7809197484326424,0.007424999999999954,0.007892638851979755,0.0,0.8029053869792847,0.004194999999999971,0.004459208078660613,0.05,0.8092587541894266
tfidf_meta,random,baseline,,11,174.0,1.0,0.5424,-0.026708417733196647,0.18824000000000002,0.34705014749262536,0.0,0.6529498525073747,0.10303999999999998,0.18997050147492625,0.0,0.6339107621210733,0.06000000000000001,0.11061946902654869,0.0,0.6513999364079359,0.033999999999999996,0.06268436578171091,0.0,0.6508863706689658
tfidf_meta,random,baseline,,12,150.0,0.9840000000000002,0.8840000000000001,0.03091930033334412,0.0910250000000001,0.10296945701357478,0.0,0.8970305429864253,0.01437500000000011,0.016261312217194693,0.0,0.8301634162038372,0.005075000000000102,0.005740950226244458,0.0,0.8093214821591908,0.0019250000000001154,0.0021776018099548813,0.0,0.8150145951195302
tfidf_meta,random,baseline,,14,135.0,0.8805,0.7805,0.017277333089202995,0.15969999999999998,0.20461242793081355,0.05,0.7953875720691864,0.03947499999999996,0.05057655349135165,0.1,0.7731446711290648,0.030374999999999968,0.038917360666239555,0.1,0.7922863569509099,0.022249999999999975,0.02850736707238946,0.1,0.8129015631499705
tfidf_meta,random,baseline,,15,143.0,0.9756795422031473,0.32045779685264664,-0.027364181301073303,0.060300433834048636,0.1881696573660714,0.0,0.8118303426339286,0.005722461659513567,0.01785714598214278,0.0,0.854357128002736,0.0037196004291845273,0.011607145982142788,0.05,0.8611357599133582,0.0021459122317596447,0.0066963957589285346,0.1,0.8714902417902556
tfidf_meta,random,baseline,,16,125.0,0.9854999999999998,0.8855000000000001,-0.0027320558501213433,0.19547499999999993,0.22075098814229244,0.0,0.7792490118577076,0.020524999999999932,0.02317899491812528,0.0,0.8026632515649851,0.01707499999999993,0.019282891022021378,0.0,0.7784360406447762,0.007199999999999934,0.008130999435347187,0.1,0.7976138800217871
tfidf_meta,random,baseline,,18,138.0,0.772,0.673,-0.009590967245904341,0.21952500000000005,0.32618870728083216,0.0,0.6738112927191678,0.041425000000000003,0.06155274888558693,0.0,0.7004197300972705,0.03332500000000001,0.049517087667161966,0.0,0.7184678353167239,0.021225000000000015,0.03153789004457654,0.05,0.7407612883815309
tfidf_meta,random,baseline,,22,120.0,0.907,0.8460000000000001,0.033644197339052856,0.27855,0.32925531914893613,0.0,0.6707446808510638,0.0824,0.09739952718676123,0.0,0.6805204390450388,0.05510000000000002,0.06513002364066195,0.0,0.7001690283466561,0.03967500000000002,0.046897163120567395,0.05,0.7103113793803022
tfidf_meta,random,baseline,,23,166.0,0.5743380855397149,0.2016293279022403,0.004648628942299173,0.055532880515953856,0.27542064983164993,0.0,0.7245793501683501,0.01934825675492194,0.09595953602693609,0.05,0.7303070114192921,0.013475900067888662,0.06683501952861953,0.05,0.7287291110988905,0.0060420454175152795,0.029966104040404062,0.05,0.7100124879839023
tfidf_meta,random,baseline,,28,118.0,0.9937722419928825,0.9017793594306049,0.00650437562652226,0.13683273505338073,0.1517363794396211,0.0,0.848263620560379,0.01486656654804266,0.016485813733228046,0.1,0.8390842838243049,0.012357669750889633,0.013703651144435622,0.1,0.8329928593165781,0.0031940030249109743,0.0035418897000788624,0.15,0.8323837068795712
tfidf_meta,random,baseline,,29,129.0,0.8884057971014492,0.33043478260869563,-0.019057560449212203,0.045579682608695556,0.13793851315789446,0.0,0.8620614868421056,0.019565180434782524,0.059210414473683956,0.0,0.8745964614396954,0.014637628985507162,0.04429808771929799,0.0,0.8742326950521028,0.008188344927536145,0.02478051754385939,0.0,0.8809385256511357
tfidf_meta,random,baseline,,31,266.0,0.784,0.5070000000000001,-0.020942061225027283,0.06270000000000005,0.1236686390532545,0.0,0.8763313609467455,0.021500000000000036,0.04240631163708093,0.05,0.8538277903364438,0.017650000000000027,0.03481262327416178,0.05,0.8614847729348245,0.009400000000000042,0.018540433925049386,0.1,0.8614154058071073
tfidf_meta,random,baseline,,32,160.0,0.9969978165938865,0.8938318777292578,0.0014804971578698649,0.16080786877729264,0.1799084064732825,0.0,0.8200915935267175,0.011649400145560467,0.013033099888040777,0.0,0.8676813035382009,0.004689789956331935,0.005246836763358843,0.05,0.8731808160096918,0.0013009493449782417,0.0014554743206107714,0.1,0.8714995830863085
tfidf_meta,random,baseline,,37,188.0,0.7877604166666667,0.2539062500000001,0.010370751861709809,0.06087239583333339,0.23974358974358992,0.0,0.7602564102564101,0.015559787500000071,0.06128162461538487,0.0,0.7952975107417299,0.011848870833333408,0.04666632205128233,0.0,0.8068694741720417,0.008593683333333418,0.0338458912820516,0.0,0.8183920711113271
tfidf_meta,random,baseline,,43,122.0,0.9626168224299064,0.37774396870245597,0.018685258345211734,0.0683655671267116,0.18098387476985045,0.05,0.8190161252301495,0.023407978928493795,0.06196784295166856,0.05,0.7951841062169275,0.011334474885894364,0.030005707105868796,0.15,0.7925640391850459,0.0063681602043033966,0.01685840339470652,0.15,0.7994952322675164
tfidf_meta,random,baseline,,45,110.0,0.9705329153605016,0.5467089153605016,0.001002104527780364,0.077790018338558,0.14228781743437094,0.0,0.857712182565629,0.014216318808777417,0.026003451579718857,0.0,0.8470920828083879,0.0069122474921629986,0.01264337803528417,0.0,0.8587985681462127,0.001363658150470215,0.0024943038464463572,0.05,0.8683550767872023
tfidf_meta,random,baseline,,49,133.0,1.0,0.3465553235908142,0.021285703830585694,0.0999477993736952,0.2884035897590361,0.05,0.7115964102409638,0.01905013810020877,0.05496997680722891,0.05,0.7382020245787596,0.0032881509394572074,0.009488098192771098,0.1,0.7567371174695839,0.0007828810020876764,0.0022590361445782954,0.15,0.7647401448221838
tfidf_meta,random,baseline,,53,136.0,0.8699763593380615,0.6382978723404256,0.0061334676790035314,0.21761229255319153,0.340925925,0.0,0.6590740749999999,0.08741132813238772,0.1369444140740741,0.05,0.6360269215715995,0.07121747931442082,0.11157405092592594,0.05,0.6480078117254459,0.022340420094562673,0.034999991481481516,0.05,0.6571111742963016
tfidf_meta,random,baseline,,219,107.0,0.9501015183615819,0.5730045183615818,-0.011346323650007322,0.07048463778248583,0.12300886908191544,0.0,0.8769911309180844,0.044085444209039475,0.07693734132340704,0.0,0.8506893695528028,0.0284681593926553,0.04968225987825649,0.1,0.8519481560439577,0.02061705508474569,0.035980615202995225,0.15,0.8377018209231111
tfidf_meta,random,baseline,,2074,118.0,0.9283048211508553,0.8311041990668739,0.0024309470539600367,0.06917574284603417,0.08323353789296403,0.0,0.9167664621070359,0.010178849144634466,0.012247380239520888,0.0,0.8127355545804779,0.007698289269051262,0.009262724550898133,0.0,0.8126808571014097,0.0020839230171072697,0.002507414857784384,0.0,0.818082073752622
tfidf_meta,random,baseline,,2079,151.0,0.6997282608695652,0.40896726086956525,-0.004459167309724736,0.1575407760869565,0.38521610691277824,0.0,0.6147838930872218,0.052377732608695625,0.12807316775755512,0.0,0.6189243026925462,0.01922555652173911,0.04701001366432325,0.05,0.6476648700903057,0.015489130434782589,0.037873766232164596,0.1,0.6426620141741443
tfidf_meta,random,baseline,,3021,235.0,0.9928419936373277,0.5824499936373277,0.0038890100773408347,0.07156682629904562,0.12287205267549181,0.0,0.8771279473245082,0.022189819724284205,0.03809738169230896,0.05,0.9045547678133466,0.011505832449628873,0.01975419791453062,0.05,0.9136413347554868,0.0036187698833510416,0.006213013860215319,0.05,0.9099407220879853
tfidf_meta,random,baseline,,3022,112.0,0.997979797979798,0.997979797979798,-0.004277777966938537,0.2827777863636364,0.28335021103238867,0.0,0.7166497889676113,0.05196969242424239,0.0520748942307692,0.0,0.6957012305476602,0.02328279898989895,0.02332993016194328,0.0,0.6771435560373872,0.008888858585858528,0.00890685222672059,0.0,0.6767674910294186
tfidf_meta,random,baseline,,3481,83.0,0.9779402334231115,0.939463896370399,0.015773944756655157,0.2356547332627935,0.25083958433447107,0.0,0.7491604156655289,0.02343847744645384,0.024948779337884038,0.0,0.7264894268401816,0.013428225182762692,0.014293497849829449,0.05,0.750939898895264,0.004379840355264919,0.004662063515358439,0.1,0.7483058646532925
tfidf_meta,random,baseline,,3549,116.0,0.9988110000000001,0.6623068382877526,0.003828970697986498,0.11563618989298455,0.1745960983762998,0.0,0.8254039016237004,0.0037455834720570456,0.005655359805344032,0.0,0.8923531855957079,0.0018430864447086582,0.002782828650046177,0.0,0.8819809634847855,0.0009512970273483634,0.0014363388271933458,0.05,0.8630901711592804
tfidf_meta,random,baseline,,3560,100.0,0.26348808030112925,0.0941028858218319,-0.05153491344836782,0.051380221580928497,0.5460004879999999,0.0,0.4539995120000001,0.03663741229611043,0.38933356799999996,0.0,0.5054882847290019,0.03274781210790466,0.3480000833333333,0.0,0.514472317487433,0.02415307063989964,0.25666663066666673,0.05,0.5643222587009267
tfidf_meta,random,baseline,,3573,57.0,0.9910428571428571,0.8885714285714286,0.003024995257282796,0.23990642857142858,0.26999115755627007,0.0,0.7300088424437299,0.029374285714285697,0.033057877813504805,0.05,0.6911202435856769,0.018807142857142838,0.021165594855305447,0.05,0.7033723582045512,0.009476428571428535,0.010664790996784527,0.1,0.7047826655627355
tfidf_meta,random,baseline,,3902,89.0,0.929355281207133,0.17558299039780512,0.004429769999421644,0.026817558299039673,0.15273437499999948,0.0,0.8472656250000006,0.014094650685870957,0.08027344023437448,0.0,0.8630828792648424,0.01083673580246904,0.061718596874999476,0.1,0.8742163885113371,0.00874483607681748,0.049804574218749585,0.2,0.8680746932643097
tfidf_meta,random,baseline,,3903,86.0,0.909149072296865,0.6513115802943059,-0.0008542921390449987,0.024152276551503527,0.03708252283889981,0.0,0.9629174771611002,0.006877793666026888,0.010559913064833028,0.0,0.959231069089096,0.004062689059500973,0.006237704322200413,0.05,0.9583503941383537,0.002623128598848401,0.004027455795677848,0.1,0.9639724595169014
tfidf_meta,random,baseline,,3904,81.0,0.8243454294901241,0.26311437758383094,0.011351454042031275,0.021791443017914552,0.0828211792074022,0.0,0.9171788207925978,0.007078548461185085,0.026902932960893737,0.0,0.9146424643423693,0.004065227377124464,0.015450418994413337,0.1,0.9096088333044202,0.0019108425355994275,0.007262402583798802,0.25,0.9151263481123969
tfidf_meta,random,baseline,,3913,143.0,0.8697318007662835,0.31417624521072796,0.039180975726632365,0.04386973199233717,0.13963414695121956,0.0,0.8603658530487804,0.02701149425287356,0.08597560975609755,0.0,0.8578051719393207,0.020019157088122574,0.06371951219512186,0.0,0.8637936899770094,0.015900383141762436,0.05060975609756093,0.05,0.8713711171127025
tfidf_meta,random,baseline,,3917,93.0,0.8734,0.2925559999999999,-0.0008138977798925334,0.028615752844950177,0.09781290708428533,0.0,0.9021870929157145,0.012280986249407256,0.041978240915952016,0.0,0.8829541979097323,0.007823869132290134,0.026743150481583478,0.1,0.8833055026055799,0.005216018041725884,0.017829126873917765,0.1,0.8927330334097154
tfidf_meta,random,baseline,,3918,100.0,0.9413886384129848,0.1956717763751128,0.0009689593609559157,0.010144277727682649,0.0518433364055302,0.0,0.9481566635944698,0.00410279531109114,0.020967741935484206,0.0,0.9259690180650191,0.0022993688007214297,0.011751152073733017,0.05,0.9189434389739655,0.0012623985572588702,0.006451612903226206,0.05,0.9238748585300524
tfidf_meta,random,baseline,,7592,84.0,0.8755988698251504,0.12069530322263633,0.016687764304070693,0.035514501525326626,0.29424924232400373,0.0,0.7057507576759963,0.014437364309405908,0.11961827779474181,0.0,0.6874229823860654,0.00929629202735358,0.0770228151314679,0.05,0.6940445094843646,0.0034518393022399396,0.028599615810008992,0.1,0.6999974006457076
tfidf_meta,random,baseline,,9910,29.0,0.8160490535857103,0.2322047454012263,-0.0018110140450919986,0.06470274593441747,0.2786452353616533,0.0,0.7213547646383467,0.015875766462276703,0.06836969001148098,0.05,0.7226606666446089,0.010330578512396693,0.04448909299655569,0.1,0.7236805357611664,0.0026926153025859656,0.011595866819747372,0.4,0.7536386670818656
tfidf_meta,random,baseline,,9946,123.0,0.9841827768014058,0.5869947275922671,0.00047250080040545843,0.10808435043936719,0.18413172275449083,0.0,0.815868277245509,0.021089622847100097,0.03592812994011963,0.0,0.8491528746471511,0.011950782776801339,0.020359267664670545,0.0,0.8374182939289818,0.004305791564147593,0.007335315568862218,0.05,0.8422884358378775
tfidf_meta,random,baseline,,9952,120.0,0.9224648408586231,0.21595114729829748,-0.0051573478992890335,0.08368803071798667,0.38753223479006016,0.0,0.6124677652099398,0.037564779829755736,0.1739503600685519,0.0,0.6175140638851487,0.0159419208734271,0.07382188551842339,0.0,0.6250827524631904,0.010834579977794235,0.05017143976006862,0.0,0.6366623164166583
tfidf_meta,random,baseline,,9957,125.0,0.8938388625592417,0.27203791469194316,0.028716425826529994,0.0830805632701422,0.3054006768292683,0.05,0.6945993231707317,0.0275355450236967,0.101219512195122,0.05,0.7241372938010036,0.012701421800947882,0.046689895470383325,0.05,0.7534550352657866,0.00791467488151661,0.029094013937282302,0.1,0.7481265965201531
tfidf_meta,random,baseline,,9960,106.0,0.9985337243401758,0.5943914956011731,0.016323879001954044,0.11637647639296189,0.1957909513413506,0.0,0.8042090486586494,0.0235337130498534,0.039592950477952554,0.0,0.7488754916808338,0.0017870234604105751,0.0030064754856614544,0.05,0.7459494213572475,0.0009164093841642406,0.001541760592044433,0.1,0.7236890979998586
tfidf_meta,random,baseline,,9964,105.0,0.9667294413057125,0.8750784682988073,0.009831047192896247,0.2019773873195229,0.23081060114777613,0.0,0.7691893988522238,0.03697423477715001,0.04225247919655665,0.0,0.7691205509063883,0.01610165348399244,0.018400239598278304,0.05,0.7698270708430549,0.007783999999999974,0.008895202295552337,0.1,0.7748602763699697
tfidf_meta,random,baseline,,9971,100.0,0.7427101200686106,0.1783881200686106,0.012138798894440226,0.04271009751286446,0.23942231969504224,0.0,0.7605776803049578,0.018010311492281265,0.10096138400558426,0.0,0.7980920152163931,0.013207540137221219,0.0740382270531323,0.0,0.7807982634894977,0.009519725557461356,0.053365244018491444,0.05,0.7921600637029004
tfidf_meta,random,baseline,,9976,89.0,0.8746153846153847,0.3746153846153847,0.009247651124794243,0.22417307692307697,0.5984086242299795,0.05,0.4015913757700205,0.10498073461538468,0.2802360472279263,0.05,0.39887584864848735,0.03878846153846159,0.1035420944558523,0.1,0.44254997633311416,0.006346192307692344,0.016940554414784488,0.2,0.4517183427228977
tfidf_meta,random,baseline,,9977,95.0,0.9760916872189178,0.21616132308138694,0.004774120872139988,0.02590309009139715,0.11983221476510104,0.0,0.8801677852348989,0.011365161090961922,0.052577218389262104,0.0,0.8880427202577937,0.0063600834759901855,0.0294228559731546,0.05,0.862792766798214,0.004371109154214447,0.02022151369127529,0.1,0.8420348983452474
tfidf_meta,random,baseline,,9978,98.0,0.9490923441199686,0.2711128650355169,-0.003992330009648201,0.03518155540647201,0.12976719272197976,0.0,0.8702328072780203,0.00481454475138125,0.01775845181950523,0.0,0.9123119971542824,0.00408448958168906,0.015065642794759943,0.0,0.9115477347259249,0.002288915864246277,0.008442667831150025,0.1,0.9025185469121203
tfidf_meta,random,baseline,,9981,309.0,0.9657407407407408,0.8546296296296296,-0.01418201172658182,0.15231481481481485,0.17822318526543884,0.0,0.8217768147345612,0.066435162962963,0.07773561863488629,0.0,0.6609101430941643,0.0239814592592593,0.028060645720476757,0.05,0.6750479798924464,0.01245370370370375,0.014572047670639274,0.05,0.6650331333451275
tfidf_meta,random,baseline,,9985,111.0,0.6389342922523701,0.4658385093167702,0.011554497580542913,0.1265282772147761,0.27161403508771936,0.0,0.7283859649122807,0.03903238314808764,0.08378951582456148,0.0,0.7325098760426993,0.02335732593984966,0.05014039301754394,0.05,0.7526911665230189,0.007706793314808791,0.016543916315789536,0.15,0.774697095320089
tfidf_meta,random,baseline,,10093,155.0,1.0,0.555393586005831,-0.01247129906185837,0.0875728862973761,0.15767716535433068,0.0,0.8423228346456693,0.023906705539358614,0.04304461942257219,0.0,0.8459033314296261,0.0043731778425656065,0.00787401574803151,0.0,0.83721978938614,0.0007288629737609408,0.0013123359580052634,0.0,0.840190144658916
tfidf_meta,random,baseline,,10101,452.0,0.8074866310160427,0.5695187165775402,-0.007055400768628697,0.14318181818181822,0.2514084507042254,0.0,0.7485915492957745,0.06617647754010696,0.1161971953051643,0.05,0.7793019933594273,0.045454557486631034,0.07981222769953054,0.05,0.7821566846630189,0.025267398930481282,0.04436623098591549,0.05,0.7831049056396494
tfidf_meta,random,baseline,,14952,56.0,0.9758480325644504,0.3907734056987787,0.0007674689197171749,0.016214382632292985,0.04149305555555532,0.0,0.9585069444444446,0.002890094979647112,0.007395833333333063,0.05,0.9650891461118558,0.0012483039348710145,0.003194444444444229,0.1,0.9487479867779613,0.0007914970601537008,0.00202546296296277,0.25,0.9373985265455879
tfidf_meta,random,baseline,,14954,47.0,0.8592592592592594,0.2481481481481481,0.01985830079084827,0.08472222222222225,0.3414179104477614,0.0,0.6585820895522386,0.02620370370370374,0.1055970149253733,0.1,0.6647535381298252,0.017500000000000033,0.07052238805970164,0.1,0.6615044662500732,0.011296296296296327,0.045522388059701616,0.2,0.6758726131076065
tfidf_meta,random,baseline,,14965,81.0,0.9099776603039084,0.06881068766450638,0.052142289920369664,0.01722921570635468,0.25038575098039273,0.0,0.7496142490196072,0.0067527829798058325,0.09813567062037984,0.05,0.7690367064135856,0.0031441473380372396,0.045692717872067426,0.1,0.7796108026800016,0.002215170451881199,0.03219224406943136,0.1,0.7912044898932653
tfidf_meta,random,baseline,,14969,100.0,0.7347310847766636,0.5223336371923427,-0.018639444747107416,0.16263042152334645,0.3113535295132829,0.0,0.6886464704867171,0.09340119517877035,0.1788152026371921,0.0,0.6697194974078435,0.07281981160741414,0.13941244909831296,0.0,0.6634897315218866,0.04353795490732297,0.0833527688190808,0.0,0.6752982911126721
tfidf_meta,random,baseline,,14970,77.0,0.9957277405573356,0.8458102728420233,-0.017361141830241514,0.10750073359549465,0.12709792851566978,0.0,0.8729020714843303,0.011695326245266474,0.013827363678108074,0.0,0.8043433657403124,0.004519872317700702,0.005343837102514009,0.0,0.7792899403304678,0.0031507913389648865,0.003725175066008423,0.0,0.7852694626666195
tfidf_meta,random,baseline,,125920,83.0,0.6579999999999999,0.15599999999999992,0.01375745340376865,0.05049999999999992,0.3237179487179484,0.0,0.6762820512820515,0.026399999999999913,0.16923076923076877,0.0,0.6723297326437967,0.018499999999999905,0.11858974358974303,0.0,0.6808021264544737,0.014499999999999907,0.0929487179487174,0.05,0.6846214226602468
tfidf_meta,random,baseline,,125922,99.0,0.9994545454545454,0.9256363636363638,0.024362253187071893,0.06250000000000004,0.06752111569436264,0.0,0.9324788843056373,0.04286363636363642,0.04630720879984292,0.0,0.828581866232558,0.004845454545454592,0.0052347279512866335,0.0,0.8395060871051176,0.0011090909090909651,0.0011981928894127494,0.05,0.8255748064679758
tfidf_meta,random,baseline,,146195,71.0,0.8688070814275355,0.26003226904687904,-0.04614836576403785,0.12123318086948812,0.4662236010701887,0.0,0.5337763989298112,0.048511627218497104,0.18656002732396013,0.0,0.6007943364641198,0.02716816910164761,0.10447999089201383,0.1,0.6105336432167764,0.013014195420163837,0.050048386178630846,0.1,0.6292933074080105
tfidf_meta,random,baseline,,146800,51.0,1.0,0.861111111111111,-0.001624010101470346,0.14444444444444446,0.16774193548387098,0.0,0.832258064516129,0.00912037037037039,0.010591397849462388,0.0,0.8635632599395665,0.005185185185185204,0.006021505376344107,0.05,0.845344026507942,0.001898148148148171,0.0022043010752688438,0.05,0.8498446165627271
tfidf_meta,random,baseline,,146817,74.0,0.8181349819680577,0.5574446161772282,-0.014130177612215777,0.18400309119010816,0.330083179297597,0.0,0.669916820702403,0.05551262235960841,0.09958410351201473,0.0,0.7281540386923678,0.03173621844410093,0.0569316081330868,0.15,0.7246999917247474,0.01682122617207622,0.030175600739371485,0.25,0.7523938897489504
tfidf_meta,random,baseline,,146819,71.0,0.9666666666666666,0.2018518518518518,0.002466950632018691,0.03814814814814814,0.18899082568807338,0.05,0.8110091743119267,0.022129629629629638,0.10963302752293583,0.1,0.7961915700666996,0.0125925925925926,0.06238532110091747,0.1,0.805073260168721,0.007037037037037036,0.03486238532110091,0.25,0.8132031467807316
tfidf_meta,random,baseline,,146820,61.0,0.9894606323620583,0.32300061996280216,0.014253389491311603,0.01798925397809465,0.05569417786308384,0.0,0.9443058221369162,0.005269683818970872,0.01631477927063343,0.1,0.9534025897855578,0.0036267823930564214,0.011228406909788885,0.1,0.9432735716320888,0.001560239718950196,0.004830454254638516,0.2,0.9252827324121805
tfidf_meta,random,baseline,,146821,61.0,1.0,0.3032407407407408,-0.029530802514295962,0.17297453703703702,0.570419847328244,0.0,0.4295801526717559,0.025202546296296303,0.08311068702290077,0.0,0.5590438101188735,0.006336805555555552,0.02089694656488548,0.1,0.6102847504593398,0.00078125,0.002576335877862595,0.2,0.6257437884062262
tfidf_meta,random,baseline,,146822,77.0,0.9467532467532468,0.8038961038961039,0.018806785280717442,0.21069264069264074,0.2620893914916532,0.0,0.7379106085083468,0.03616883116883122,0.04499192245557357,0.0,0.7880551878003205,0.012207792207792246,0.015185783521809418,0.0,0.7988922646065961,0.004870129870129919,0.00605815831987082,0.05,0.812433108369083
tfidf_meta,random,baseline,,146824,57.0,0.9834999999999999,0.884,0.00911582236000729,0.08549999999999992,0.09671945701357458,0.0,0.9032805429864255,0.005424999999999946,0.0061368778280542395,0.05,0.8644289443201684,0.00432499999999994,0.004892533936651516,0.1,0.8768459777455513,0.0018999999999999406,0.0021493212669682587,0.25,0.8771721221158015
tfidf_meta,random,baseline,,146825,38.0,0.9148142857142856,0.8156857142857141,-0.06093476685790737,0.20920357142857143,0.2564757084311184,0.0,0.7435242915688816,0.06945785714285713,0.0851527198851098,0.05,0.741123499655346,0.030296428571428575,0.03714228169112754,0.15,0.7721353608814838,0.019773571428571435,0.024241654698938676,0.15,0.7879214684528415
tfidf_meta,random,baseline,,167119,55.0,0.8780204823847029,0.2892077020906312,0.036389883193833,0.07559740288716836,0.26139484647430944,0.0,0.7386051535256906,0.03724648028737808,0.12878799567967894,0.0,0.6581152085505753,0.02461009839576961,0.08509489276346228,0.0,0.6626637265639412,0.01315290390236279,0.045479092732602824,0.05,0.6826606095353547
tfidf_meta,random,baseline,,167120,39.0,0.5226640365448505,0.02209302325581397,0.020532688384262098,0.007508305647840552,0.33984962406015107,0.0,0.660150375939849,0.0030279277408637893,0.1370535714285714,0.1,0.6097512359478647,0.0017633928571428592,0.0798167293233083,0.1,0.592719106453256,0.0006473214285714401,0.02929981203007569,0.2,0.6229800956171686
tfidf_meta,random,baseline,,167121,10.0,0.9450978260869565,0.9223260869565217,0.01762926076672188,0.4403673913043479,0.4774530369811677,0.1,0.5225469630188323,0.10585380434782617,0.1147683079171283,0.3,0.5752518329902906,0.03336956521739136,0.03617979117071682,0.5,0.6281328685754817,0.0,0.0,1.0,0.8157188422010522
tfidf_meta,random,baseline,,167124,10.0,0.58735,0.43163333333333337,-0.04085441803237998,0.2507958333333334,0.5810390763765543,0.1,0.4189609236234458,0.1420925,0.3291972353077458,0.25,0.49031077298025616,0.08657333333333335,0.20057147270059464,0.45,0.5647135722966252,0.0,0.0,1.0,0.7627750142771041
tfidf_meta,random,baseline,,167125,11.0,0.978956999085087,0.20890515401036902,0.02853911031107645,0.055138761817627314,0.263941605839416,0.05,0.736058394160584,0.0077005184507471566,0.036861313868613035,0.3,0.7422613467936536,0.004117108874656878,0.019708029197080146,0.3,0.7528718516273945,0.0004879536444037713,0.002335766423357615,0.8,0.8497080924519848
tfidf_meta,random,baseline,,167140,46.0,0.9686126804770872,0.4494664155681104,0.01856662705617065,0.08488700564971742,0.18886173184357524,0.1,0.8111382681564248,0.005257376020087768,0.011696927374301417,0.2,0.879663877709269,0.003342749529190098,0.007437150837988585,0.25,0.8687940032518984,0.0024325172630256407,0.005412011173184144,0.4,0.8607136312830758
tfidf_meta,random,baseline,,167141,69.0,0.9616,0.6604,-0.017640341740083238,0.06231,0.0943519079345851,0.0,0.9056480920654149,0.028840000000000005,0.04367050272562085,0.05,0.9074218015848048,0.014639999999999997,0.022168382798304055,0.05,0.9118580601937513,0.0065999999999999896,0.009993943064809191,0.1,0.9076919072363587
