experiment,method,model,trial,regret_mean,nregret_mean,n_tasks
meta_only,model,extra_trees,1,0.058941785966445046,0.1569928390149322,72
meta_only,model,extra_trees,2,0.0434800772297688,0.11091751558787624,72
meta_only,model,extra_trees,3,0.03031361190619723,0.07432493682287818,72
meta_only,model,extra_trees,4,0.014667200859020683,0.035138042817945726,72
meta_only,model,extra_trees,5,0.01288979050469272,0.03136427295482122,72
meta_only,model,extra_trees,6,0.010913748150955378,0.02635381786303306,72
meta_only,model,extra_trees,7,0.010370519785952994,0.02523238999290496,72
meta_only,model,extra_trees,8,0.00816976699984811,0.019948348023442926,72
meta_only,model,extra_trees,9,0.006566543217331886,0.017414087631438743,72
meta_only,model,extra_trees,10,0.0047213298130525305,0.012826854992020846,72
meta_only,model,extra_trees,11,0.003910079906747533,0.011684413223713322,72
meta_only,model,extra_trees,12,0.003097768083302569,0.009773918419915342,72
meta_only,model,extra_trees,13,0.002469638765257306,0.008164490905956352,72
meta_only,model,extra_trees,14,0.002388134744392278,0.007948725658545538,72
meta_only,model,extra_trees,15,0.0020982537920113276,0.007588537992491569,72
meta_only,model,extra_trees,16,0.0020982537920113276,0.007588537992491569,72
meta_only,model,extra_trees,17,0.002078088668174793,0.007567819218435586,72
meta_only,model,extra_trees,18,0.0020271246383012967,0.0073358710404188565,72
meta_only,model,extra_trees,19,0.0019788051554666813,0.007230651950893535,72
meta_only,model,extra_trees,20,0.001970144817937893,0.007221083300365644,72
meta_only,model,extra_trees,21,0.001968874963908393,0.007216257056960929,72
meta_only,model,extra_trees,22,0.001968874963908393,0.007216257056960929,72
meta_only,model,extra_trees,23,0.0019170310111846747,0.007047719591500997,72
meta_only,model,extra_trees,24,0.001883273480585408,0.006970007372679176,72
meta_only,model,extra_trees,25,0.0018174541019650822,0.006728058088900628,72
meta_only,model,extra_trees,26,0.0017829972248521746,0.0066798968029422555,72
meta_only,model,extra_trees,27,0.0017675781466416753,0.006620600015405015,72
meta_only,model,extra_trees,28,0.001568037318927186,0.00629395472100419,72
meta_only,model,extra_trees,29,0.001568037318927186,0.00629395472100419,72
meta_only,model,extra_trees,30,0.001568037318927186,0.00629395472100419,72
meta_only,model,extra_trees,31,0.0015501151419074826,0.006273235392124499,72
meta_only,model,extra_trees,32,0.0015375913466965806,0.006209231295862331,72
meta_only,model,extra_trees,33,0.0014749087783859514,0.005963140505000091,72
meta_only,model,extra_trees,34,0.0014229794103237088,0.005802113168064317,72
meta_only,model,extra_trees,35,0.0014229794103237088,0.005802113168064317,72
meta_only,model,extra_trees,36,0.0014229794103237088,0.005802113168064317,72
meta_only,model,extra_trees,37,0.0014229794103237088,0.005802113168064317,72
meta_only,model,extra_trees,38,0.0014229794103237088,0.005802113168064317,72
meta_only,model,extra_trees,39,0.0012114578063559087,0.005480344448560998,72
meta_only,model,extra_trees,40,0.0011906244730225746,0.005449388529789327,72
meta_only,model,extra_trees,41,0.0011906244730225746,0.005449388529789327,72
meta_only,model,extra_trees,42,0.0011906244730225746,0.005449388529789327,72
meta_only,model,extra_trees,43,0.0011289785809074854,0.004917322675927798,72
meta_only,model,extra_trees,44,0.0011289785809074854,0.004917322675927798,72
meta_only,model,extra_trees,45,0.0011045692858479268,0.004875739176260466,72
meta_only,model,extra_trees,46,0.0010689842053297576,0.0047990852358252446,72
meta_only,model,extra_trees,47,0.0010512528514602922,0.004717056898763349,72
meta_only,model,extra_trees,48,0.0010512528514602922,0.004717056898763349,72
meta_only,model,extra_trees,49,0.0010512528514602922,0.004717056898763349,72
meta_only,model,extra_trees,50,0.0010512528514602922,0.004717056898763349,72
meta_only,model,extra_trees,51,0.0010512528514602922,0.004717056898763349,72
meta_only,model,extra_trees,52,0.0010512528514602922,0.004717056898763349,72
meta_only,model,extra_trees,53,0.0008613409705730238,0.0043534734199966235,72
meta_only,model,extra_trees,54,0.0008613409705730238,0.0043534734199966235,72
meta_only,model,extra_trees,55,0.0008449238442268186,0.004327753255387569,72
meta_only,model,extra_trees,56,0.0007156050008593653,0.0036022413932251893,72
meta_only,model,extra_trees,57,0.0007101239870910594,0.003582024669951699,72
meta_only,model,extra_trees,58,0.0007029987394887042,0.0035744402937666394,72
meta_only,model,extra_trees,59,0.00033424411206242003,0.0008441442865398986,72
meta_only,model,extra_trees,60,0.0003317188595371661,0.0008414161606532561,72
meta_only,model,extra_trees,61,0.00030556275993473856,0.000811526155870855,72
meta_only,model,extra_trees,62,0.00030556275993473856,0.000811526155870855,72
meta_only,model,extra_trees,63,0.00029908271846247305,0.0008037292496832301,72
meta_only,model,extra_trees,64,0.00029908271846247305,0.0008037292496832301,72
meta_only,model,extra_trees,65,0.00029908271846247305,0.0008037292496832301,72
meta_only,model,extra_trees,66,0.00029908271846247305,0.0008037292496832301,72
meta_only,model,extra_trees,67,0.00029908271846247305,0.0008037292496832301,72
meta_only,model,extra_trees,68,0.00029908271846247305,0.0008037292496832301,72
meta_only,model,extra_trees,69,0.00029908271846247305,0.0008037292496832301,72
meta_only,model,extra_trees,70,0.00029908271846247305,0.0008037292496832301,72
meta_only,model,extra_trees,71,0.00029908271846247305,0.0008037292496832301,72
meta_only,model,extra_trees,72,0.00029908271846247305,0.0008037292496832301,72
meta_only,model,extra_trees,73,0.00023478230693983903,0.0007284914983891405,72
meta_only,model,extra_trees,74,0.00023478230693983903,0.0007284914983891405,72
meta_only,model,extra_trees,75,0.00023478230693983903,0.0007284914983891405,72
meta_only,model,extra_trees,76,0.00023478230693983903,0.0007284914983891405,72
meta_only,model,extra_trees,77,0.00023478230693983903,0.0007284914983891405,72
meta_only,model,extra_trees,78,0.00023478230693983903,0.0007284914983891405,72
meta_only,model,extra_trees,79,0.00023478230693983903,0.0007284914983891405,72
meta_only,model,extra_trees,80,0.00023478230693983903,0.0007284914983891405,72
meta_only,model,extra_trees,81,0.00023478230693983903,0.0007284914983891405,72
meta_only,model,extra_trees,82,0.00023478230693983903,0.0007284914983891405,72
meta_only,model,extra_trees,83,0.00015427123608637786,0.0004848395734378765,72
meta_only,model,extra_trees,84,0.00015427123608637786,0.0004848395734378765,72
meta_only,model,extra_trees,85,0.00015427123608637786,0.0004848395734378765,72
meta_only,model,extra_trees,86,0.00015427123608637786,0.0004848395734378765,72
meta_only,model,extra_trees,87,0.00015427123608637786,0.0004848395734378765,72
meta_only,model,extra_trees,88,0.00015427123608637786,0.0004848395734378765,72
meta_only,model,extra_trees,89,0.00015427123608637786,0.0004848395734378765,72
meta_only,model,extra_trees,90,0.00015427123608637786,0.0004848395734378765,72
meta_only,model,extra_trees,91,0.00010662496202501019,0.00021774626003201594,72
meta_only,model,extra_trees,92,0.00010662496202501019,0.00021774626003201594,72
meta_only,model,extra_trees,93,0.00010662496202501019,0.00021774626003201594,72
meta_only,model,extra_trees,94,0.00010662496202501019,0.00021774626003201594,72
meta_only,model,extra_trees,95,0.00010662496202501019,0.00021774626003201594,72
meta_only,model,extra_trees,96,0.00010662496202501019,0.00021774626003201594,72
meta_only,model,extra_trees,97,0.00010662496202501019,0.00021774626003201594,72
meta_only,model,extra_trees,98,0.00010662496202501019,0.00021774626003201594,72
meta_only,model,extra_trees,99,0.00010227107836078182,0.0002097824541713462,72
meta_only,model,extra_trees,100,0.00010227107836078182,0.0002097824541713462,72
meta_only,model,extra_trees,101,0.00010227107836078182,0.0002097824541713462,72
meta_only,model,extra_trees,102,0.00010227107836078182,0.0002097824541713462,72
meta_only,model,extra_trees,103,0.00010227107836078182,0.0002097824541713462,72
meta_only,model,extra_trees,104,0.00010227107836078182,0.0002097824541713462,72
meta_only,model,extra_trees,105,0.00010227107836078182,0.0002097824541713462,72
meta_only,model,extra_trees,106,0.00010227107836078182,0.0002097824541713462,72
meta_only,model,extra_trees,107,0.00010227107836078182,0.0002097824541713462,72
meta_only,model,extra_trees,108,0.00010227107836078182,0.0002097824541713462,72
meta_only,model,extra_trees,109,0.00010227107836078182,0.0002097824541713462,72
meta_only,model,extra_trees,110,0.00010227107836078182,0.0002097824541713462,72
meta_only,model,extra_trees,111,0.00010227107836078182,0.0002097824541713462,72
meta_only,model,extra_trees,112,0.00010227107836078182,0.0002097824541713462,72
meta_only,model,extra_trees,113,0.00010227107836078182,0.0002097824541713462,72
meta_only,model,extra_trees,114,0.00010227107836078182,0.0002097824541713462,72
meta_only,model,extra_trees,115,0.00010227107836078182,0.0002097824541713462,72
meta_only,model,extra_trees,116,0.00010227107836078182,0.0002097824541713462,72
meta_only,model,extra_trees,117,0.00010227107836078182,0.0002097824541713462,72
meta_only,model,extra_trees,118,0.00010227107836078182,0.0002097824541713462,72
meta_only,model,extra_trees,119,0.00010227107836078182,0.0002097824541713462,72
meta_only,model,extra_trees,120,0.00010227107836078182,0.0002097824541713462,72
meta_only,model,extra_trees,121,0.00010227107836078182,0.0002097824541713462,72
meta_only,model,extra_trees,122,0.00010227107836078182,0.0002097824541713462,72
meta_only,model,extra_trees,123,0.00010227107836078182,0.0002097824541713462,72
meta_only,model,extra_trees,124,0.00010227107836078182,0.0002097824541713462,72
meta_only,model,extra_trees,125,0.00010227107836078182,0.0002097824541713462,72
meta_only,model,extra_trees,126,0.00010227107836078182,0.0002097824541713462,72
meta_only,model,extra_trees,127,0.00010227107836078182,0.0002097824541713462,72
meta_only,model,extra_trees,128,0.00010227107836078182,0.0002097824541713462,72
meta_only,model,extra_trees,129,0.00010227107836078182,0.0002097824541713462,72
meta_only,model,extra_trees,130,0.00010227107836078182,0.0002097824541713462,72
meta_only,model,extra_trees,131,0.00010227107836078182,0.0002097824541713462,72
meta_only,model,extra_trees,132,0.00010227107836078182,0.0002097824541713462,72
meta_only,model,extra_trees,133,0.00010227107836078182,0.0002097824541713462,72
meta_only,model,extra_trees,134,0.00010227107836078182,0.0002097824541713462,72
meta_only,model,extra_trees,135,0.00010227107836078182,0.0002097824541713462,72
meta_only,model,extra_trees,136,0.00010227107836078182,0.0002097824541713462,72
meta_only,model,extra_trees,137,0.00010227107836078182,0.0002097824541713462,72
meta_only,model,extra_trees,138,0.00010227107836078182,0.0002097824541713462,72
meta_only,model,extra_trees,139,0.00010227107836078182,0.0002097824541713462,72
meta_only,model,extra_trees,140,0.00010227107836078182,0.0002097824541713462,72
meta_only,model,extra_trees,141,0.00010227107836078182,0.0002097824541713462,72
meta_only,model,extra_trees,142,0.00010227107836078182,0.0002097824541713462,72
meta_only,model,extra_trees,143,0.00010227107836078182,0.0002097824541713462,72
meta_only,model,extra_trees,144,0.00010227107836078182,0.0002097824541713462,72
meta_only,model,extra_trees,145,0.00010227107836078182,0.0002097824541713462,72
meta_only,model,extra_trees,146,0.00010227107836078182,0.0002097824541713462,72
meta_only,model,extra_trees,147,0.00010227107836078182,0.0002097824541713462,72
meta_only,model,extra_trees,148,9.284209744503853e-05,0.00016301851851851837,72
meta_only,model,extra_trees,149,9.284209744503853e-05,0.00016301851851851837,72
meta_only,model,extra_trees,150,9.284209744503853e-05,0.00016301851851851837,72
meta_only,model,extra_trees,151,9.284209744503853e-05,0.00016301851851851837,72
meta_only,model,extra_trees,152,9.284209744503853e-05,0.00016301851851851837,72
meta_only,model,extra_trees,153,9.284209744503853e-05,0.00016301851851851837,72
meta_only,model,extra_trees,154,9.284209744503853e-05,0.00016301851851851837,72
meta_only,model,extra_trees,155,9.284209744503853e-05,0.00016301851851851837,72
meta_only,model,extra_trees,156,9.284209744503853e-05,0.00016301851851851837,72
meta_only,model,extra_trees,157,9.284209744503853e-05,0.00016301851851851837,72
meta_only,model,extra_trees,158,9.284209744503853e-05,0.00016301851851851837,72
meta_only,model,extra_trees,159,9.284209744503853e-05,0.00016301851851851837,72
meta_only,model,extra_trees,160,9.284209744503853e-05,0.00016301851851851837,72
meta_only,model,extra_trees,161,9.284209744503853e-05,0.00016301851851851837,72
meta_only,model,extra_trees,162,9.284209744503853e-05,0.00016301851851851837,72
meta_only,model,extra_trees,163,9.284209744503853e-05,0.00016301851851851837,72
meta_only,model,extra_trees,164,9.284209744503853e-05,0.00016301851851851837,72
meta_only,model,extra_trees,165,9.284209744503853e-05,0.00016301851851851837,72
meta_only,model,extra_trees,166,9.284209744503853e-05,0.00016301851851851837,72
meta_only,model,extra_trees,167,9.284209744503853e-05,0.00016301851851851837,72
meta_only,model,extra_trees,168,9.284209744503853e-05,0.00016301851851851837,72
meta_only,model,extra_trees,169,9.284209744503853e-05,0.00016301851851851837,72
meta_only,model,extra_trees,170,9.284209744503853e-05,0.00016301851851851837,72
meta_only,model,extra_trees,171,9.284209744503853e-05,0.00016301851851851837,72
meta_only,model,extra_trees,172,9.284209744503853e-05,0.00016301851851851837,72
meta_only,model,extra_trees,173,9.284209744503853e-05,0.00016301851851851837,72
meta_only,model,extra_trees,174,9.284209744503853e-05,0.00016301851851851837,72
meta_only,model,extra_trees,175,9.284209744503853e-05,0.00016301851851851837,72
meta_only,model,extra_trees,176,9.284209744503853e-05,0.00016301851851851837,72
meta_only,model,extra_trees,177,9.284209744503853e-05,0.00016301851851851837,72
meta_only,model,extra_trees,178,9.284209744503853e-05,0.00016301851851851837,72
meta_only,model,extra_trees,179,9.284209744503853e-05,0.00016301851851851837,72
meta_only,model,extra_trees,180,9.284209744503853e-05,0.00016301851851851837,72
meta_only,model,extra_trees,181,9.284209744503853e-05,0.00016301851851851837,72
meta_only,model,extra_trees,182,9.284209744503853e-05,0.00016301851851851837,72
meta_only,model,extra_trees,183,9.284209744503853e-05,0.00016301851851851837,72
meta_only,model,extra_trees,184,9.284209744503853e-05,0.00016301851851851837,72
meta_only,model,extra_trees,185,9.284209744503853e-05,0.00016301851851851837,72
meta_only,model,extra_trees,186,9.284209744503853e-05,0.00016301851851851837,72
meta_only,model,extra_trees,187,9.284209744503853e-05,0.00016301851851851837,72
meta_only,model,extra_trees,188,9.284209744503853e-05,0.00016301851851851837,72
meta_only,model,extra_trees,189,9.284209744503853e-05,0.00016301851851851837,72
meta_only,model,extra_trees,190,9.284209744503853e-05,0.00016301851851851837,72
meta_only,model,extra_trees,191,9.284209744503853e-05,0.00016301851851851837,72
meta_only,model,extra_trees,192,9.284209744503853e-05,0.00016301851851851837,72
meta_only,model,extra_trees,193,9.284209744503853e-05,0.00016301851851851837,72
meta_only,model,extra_trees,194,9.284209744503853e-05,0.00016301851851851837,72
meta_only,model,extra_trees,195,9.284209744503853e-05,0.00016301851851851837,72
meta_only,model,extra_trees,196,9.284209744503853e-05,0.00016301851851851837,72
meta_only,model,extra_trees,197,9.284209744503853e-05,0.00016301851851851837,72
meta_only,model,extra_trees,198,9.284209744503853e-05,0.00016301851851851837,72
meta_only,model,extra_trees,199,9.284209744503853e-05,0.00016301851851851837,72
meta_only,model,extra_trees,200,9.284209744503853e-05,0.00016301851851851837,72
meta_only,model,extra_trees,201,9.284209744503853e-05,0.00016301851851851837,72
meta_only,model,extra_trees,202,9.284209744503853e-05,0.00016301851851851837,72
meta_only,model,extra_trees,203,9.284209744503853e-05,0.00016301851851851837,72
meta_only,model,extra_trees,204,9.284209744503853e-05,0.00016301851851851837,72
meta_only,model,extra_trees,205,9.284209744503853e-05,0.00016301851851851837,72
meta_only,model,extra_trees,206,9.284209744503853e-05,0.00016301851851851837,72
meta_only,model,extra_trees,207,9.284209744503853e-05,0.00016301851851851837,72
meta_only,model,extra_trees,208,9.284209744503853e-05,0.00016301851851851837,72
meta_only,model,extra_trees,209,9.284209744503853e-05,0.00016301851851851837,72
meta_only,model,extra_trees,210,9.284209744503853e-05,0.00016301851851851837,72
meta_only,model,extra_trees,211,9.284209744503853e-05,0.00016301851851851837,72
meta_only,model,extra_trees,212,9.284209744503853e-05,0.00016301851851851837,72
meta_only,model,extra_trees,213,9.284209744503853e-05,0.00016301851851851837,72
meta_only,model,extra_trees,214,9.284209744503853e-05,0.00016301851851851837,72
meta_only,model,extra_trees,215,9.284209744503853e-05,0.00016301851851851837,72
meta_only,model,extra_trees,216,9.284209744503853e-05,0.00016301851851851837,72
meta_only,model,extra_trees,217,9.284209744503853e-05,0.00016301851851851837,72
meta_only,model,extra_trees,218,9.284209744503853e-05,0.00016301851851851837,72
meta_only,model,extra_trees,219,9.284209744503853e-05,0.00016301851851851837,72
meta_only,model,extra_trees,220,9.284209744503853e-05,0.00016301851851851837,72
meta_only,model,extra_trees,221,9.284209744503853e-05,0.00016301851851851837,72
meta_only,model,extra_trees,222,9.284209744503853e-05,0.00016301851851851837,72
meta_only,model,extra_trees,223,9.284209744503853e-05,0.00016301851851851837,72
meta_only,model,extra_trees,224,9.284209744503853e-05,0.00016301851851851837,72
meta_only,model,extra_trees,225,9.284209744503853e-05,0.00016301851851851837,72
meta_only,model,extra_trees,226,9.284209744503853e-05,0.00016301851851851837,72
meta_only,model,extra_trees,227,9.284209744503853e-05,0.00016301851851851837,72
meta_only,model,extra_trees,228,9.284209744503853e-05,0.00016301851851851837,72
meta_only,model,extra_trees,229,9.284209744503853e-05,0.00016301851851851837,72
meta_only,model,extra_trees,230,9.284209744503853e-05,0.00016301851851851837,72
meta_only,model,extra_trees,231,9.284209744503853e-05,0.00016301851851851837,72
meta_only,model,extra_trees,232,9.284209744503853e-05,0.00016301851851851837,72
meta_only,model,extra_trees,233,9.284209744503853e-05,0.00016301851851851837,72
meta_only,model,extra_trees,234,9.284209744503853e-05,0.00016301851851851837,72
meta_only,model,extra_trees,235,9.284209744503853e-05,0.00016301851851851837,72
meta_only,model,extra_trees,236,9.284209744503853e-05,0.00016301851851851837,72
meta_only,model,extra_trees,237,9.284209744503853e-05,0.00016301851851851837,72
meta_only,model,extra_trees,238,9.284209744503853e-05,0.00016301851851851837,72
meta_only,model,extra_trees,239,9.284209744503853e-05,0.00016301851851851837,72
meta_only,model,extra_trees,240,9.284209744503853e-05,0.00016301851851851837,72
meta_only,model,extra_trees,241,9.284209744503853e-05,0.00016301851851851837,72
meta_only,model,extra_trees,242,9.284209744503853e-05,0.00016301851851851837,72
meta_only,model,extra_trees,243,9.284209744503853e-05,0.00016301851851851837,72
meta_only,model,extra_trees,244,9.284209744503853e-05,0.00016301851851851837,72
meta_only,model,extra_trees,245,9.284209744503853e-05,0.00016301851851851837,72
meta_only,model,extra_trees,246,9.284209744503853e-05,0.00016301851851851837,72
meta_only,model,extra_trees,247,9.284209744503853e-05,0.00016301851851851837,72
meta_only,model,extra_trees,248,9.284209744503853e-05,0.00016301851851851837,72
meta_only,model,extra_trees,249,9.284209744503853e-05,0.00016301851851851837,72
meta_only,model,extra_trees,250,9.284209744503853e-05,0.00016301851851851837,72
meta_only,model,extra_trees,251,9.284209744503853e-05,0.00016301851851851837,72
meta_only,model,extra_trees,252,9.284209744503853e-05,0.00016301851851851837,72
meta_only,model,extra_trees,253,9.284209744503853e-05,0.00016301851851851837,72
meta_only,model,extra_trees,254,9.284209744503853e-05,0.00016301851851851837,72
meta_only,model,extra_trees,255,9.284209744503853e-05,0.00016301851851851837,72
meta_only,model,extra_trees,256,9.284209744503853e-05,0.00016301851851851837,72
meta_only,model,extra_trees,257,9.284209744503853e-05,0.00016301851851851837,72
meta_only,model,extra_trees,258,9.284209744503853e-05,0.00016301851851851837,72
meta_only,model,extra_trees,259,9.284209744503853e-05,0.00016301851851851837,72
meta_only,model,extra_trees,260,9.284209744503853e-05,0.00016301851851851837,72
meta_only,model,extra_trees,261,9.284209744503853e-05,0.00016301851851851837,72
meta_only,model,extra_trees,262,9.284209744503853e-05,0.00016301851851851837,72
meta_only,model,extra_trees,263,9.284209744503853e-05,0.00016301851851851837,72
meta_only,model,extra_trees,264,9.284209744503853e-05,0.00016301851851851837,72
meta_only,model,extra_trees,265,9.284209744503853e-05,0.00016301851851851837,72
meta_only,model,extra_trees,266,9.284209744503853e-05,0.00016301851851851837,72
meta_only,model,extra_trees,267,9.284209744503853e-05,0.00016301851851851837,72
meta_only,model,extra_trees,268,9.284209744503853e-05,0.00016301851851851837,72
meta_only,model,extra_trees,269,9.284209744503853e-05,0.00016301851851851837,72
meta_only,model,extra_trees,270,9.284209744503853e-05,0.00016301851851851837,72
meta_only,model,extra_trees,271,9.284209744503853e-05,0.00016301851851851837,72
meta_only,model,extra_trees,272,9.284209744503853e-05,0.00016301851851851837,72
meta_only,model,extra_trees,273,9.284209744503853e-05,0.00016301851851851837,72
meta_only,model,extra_trees,274,9.284209744503853e-05,0.00016301851851851837,72
meta_only,model,extra_trees,275,9.284209744503853e-05,0.00016301851851851837,72
meta_only,model,extra_trees,276,9.284209744503853e-05,0.00016301851851851837,72
meta_only,model,extra_trees,277,9.284209744503853e-05,0.00016301851851851837,72
meta_only,model,extra_trees,278,9.284209744503853e-05,0.00016301851851851837,72
meta_only,model,extra_trees,279,9.284209744503853e-05,0.00016301851851851837,72
meta_only,model,extra_trees,280,9.284209744503853e-05,0.00016301851851851837,72
meta_only,model,extra_trees,281,9.284209744503853e-05,0.00016301851851851837,72
meta_only,model,extra_trees,282,9.284209744503853e-05,0.00016301851851851837,72
meta_only,model,extra_trees,283,9.284209744503853e-05,0.00016301851851851837,72
meta_only,model,extra_trees,284,9.284209744503853e-05,0.00016301851851851837,72
meta_only,model,extra_trees,285,9.284209744503853e-05,0.00016301851851851837,72
meta_only,model,extra_trees,286,9.284209744503853e-05,0.00016301851851851837,72
meta_only,model,extra_trees,287,9.284209744503853e-05,0.00016301851851851837,72
meta_only,model,extra_trees,288,9.284209744503853e-05,0.00016301851851851837,72
meta_only,model,extra_trees,289,9.284209744503853e-05,0.00016301851851851837,72
meta_only,model,extra_trees,290,9.284209744503853e-05,0.00016301851851851837,72
meta_only,model,extra_trees,291,9.284209744503853e-05,0.00016301851851851837,72
meta_only,model,extra_trees,292,9.284209744503853e-05,0.00016301851851851837,72
meta_only,model,extra_trees,293,9.284209744503853e-05,0.00016301851851851837,72
meta_only,model,extra_trees,294,9.284209744503853e-05,0.00016301851851851837,72
meta_only,model,extra_trees,295,9.284209744503853e-05,0.00016301851851851837,72
meta_only,model,extra_trees,296,9.284209744503853e-05,0.00016301851851851837,72
meta_only,model,extra_trees,297,9.284209744503853e-05,0.00016301851851851837,72
meta_only,model,extra_trees,298,9.284209744503853e-05,0.00016301851851851837,72
meta_only,model,extra_trees,299,9.284209744503853e-05,0.00016301851851851837,72
meta_only,model,extra_trees,300,9.284209744503853e-05,0.00016301851851851837,72
meta_only,model,extra_trees,301,9.284209744503853e-05,0.00016301851851851837,72
meta_only,model,extra_trees,302,9.284209744503853e-05,0.00016301851851851837,72
meta_only,model,extra_trees,303,9.284209744503853e-05,0.00016301851851851837,72
meta_only,model,extra_trees,304,9.284209744503853e-05,0.00016301851851851837,72
meta_only,model,extra_trees,305,9.284209744503853e-05,0.00016301851851851837,72
meta_only,model,extra_trees,306,9.284209744503853e-05,0.00016301851851851837,72
meta_only,model,extra_trees,307,9.284209744503853e-05,0.00016301851851851837,72
meta_only,model,extra_trees,308,9.284209744503853e-05,0.00016301851851851837,72
meta_only,model,extra_trees,309,9.284209744503853e-05,0.00016301851851851837,72
meta_only,model,extra_trees,310,9.284209744503853e-05,0.00016301851851851837,72
meta_only,model,extra_trees,311,9.284209744503853e-05,0.00016301851851851837,72
meta_only,model,extra_trees,312,9.284209744503853e-05,0.00016301851851851837,72
meta_only,model,extra_trees,313,9.284209744503853e-05,0.00016301851851851837,72
meta_only,model,extra_trees,314,9.284209744503853e-05,0.00016301851851851837,72
meta_only,model,extra_trees,315,9.284209744503853e-05,0.00016301851851851837,72
meta_only,model,extra_trees,316,9.284209744503853e-05,0.00016301851851851837,72
meta_only,model,extra_trees,317,9.284209744503853e-05,0.00016301851851851837,72
meta_only,model,extra_trees,318,9.284209744503853e-05,0.00016301851851851837,72
meta_only,model,extra_trees,319,9.284209744503853e-05,0.00016301851851851837,72
meta_only,model,extra_trees,320,9.284209744503853e-05,0.00016301851851851837,72
meta_only,model,extra_trees,321,9.284209744503853e-05,0.00016301851851851837,72
meta_only,model,extra_trees,322,9.284209744503853e-05,0.00016301851851851837,72
meta_only,model,extra_trees,323,9.284209744503853e-05,0.00016301851851851837,72
meta_only,model,extra_trees,324,9.284209744503853e-05,0.00016301851851851837,72
meta_only,model,extra_trees,325,9.284209744503853e-05,0.00016301851851851837,72
meta_only,model,extra_trees,326,9.284209744503853e-05,0.00016301851851851837,72
meta_only,model,extra_trees,327,9.284209744503853e-05,0.00016301851851851837,72
meta_only,model,extra_trees,328,9.284209744503853e-05,0.00016301851851851837,72
meta_only,model,extra_trees,329,9.284209744503853e-05,0.00016301851851851837,72
meta_only,model,extra_trees,330,9.284209744503853e-05,0.00016301851851851837,72
meta_only,model,extra_trees,331,9.284209744503853e-05,0.00016301851851851837,72
meta_only,model,extra_trees,332,9.284209744503853e-05,0.00016301851851851837,72
meta_only,model,extra_trees,333,9.284209744503853e-05,0.00016301851851851837,72
meta_only,model,extra_trees,334,9.284209744503853e-05,0.00016301851851851837,72
meta_only,model,extra_trees,335,9.284209744503853e-05,0.00016301851851851837,72
meta_only,model,extra_trees,336,9.284209744503853e-05,0.00016301851851851837,72
meta_only,model,extra_trees,337,9.284209744503853e-05,0.00016301851851851837,72
meta_only,model,extra_trees,338,9.284209744503853e-05,0.00016301851851851837,72
meta_only,model,extra_trees,339,9.284209744503853e-05,0.00016301851851851837,72
meta_only,model,extra_trees,340,9.284209744503853e-05,0.00016301851851851837,72
meta_only,model,extra_trees,341,9.284209744503853e-05,0.00016301851851851837,72
meta_only,model,extra_trees,342,9.284209744503853e-05,0.00016301851851851837,72
meta_only,model,extra_trees,343,9.284209744503853e-05,0.00016301851851851837,72
meta_only,model,extra_trees,344,9.284209744503853e-05,0.00016301851851851837,72
meta_only,model,extra_trees,345,9.284209744503853e-05,0.00016301851851851837,72
meta_only,model,extra_trees,346,9.284209744503853e-05,0.00016301851851851837,72
meta_only,model,extra_trees,347,9.284209744503853e-05,0.00016301851851851837,72
meta_only,model,extra_trees,348,9.284209744503853e-05,0.00016301851851851837,72
meta_only,model,extra_trees,349,9.284209744503853e-05,0.00016301851851851837,72
meta_only,model,extra_trees,350,9.284209744503853e-05,0.00016301851851851837,72
meta_only,model,extra_trees,351,9.284209744503853e-05,0.00016301851851851837,72
meta_only,model,extra_trees,352,9.284209744503853e-05,0.00016301851851851837,72
meta_only,model,extra_trees,353,9.284209744503853e-05,0.00016301851851851837,72
meta_only,model,extra_trees,354,9.284209744503853e-05,0.00016301851851851837,72
meta_only,model,extra_trees,355,9.284209744503853e-05,0.00016301851851851837,72
meta_only,model,extra_trees,356,9.284209744503853e-05,0.00016301851851851837,72
meta_only,model,extra_trees,357,9.284209744503853e-05,0.00016301851851851837,72
meta_only,model,extra_trees,358,9.284209744503853e-05,0.00016301851851851837,72
meta_only,model,extra_trees,359,9.284209744503853e-05,0.00016301851851851837,72
meta_only,model,extra_trees,360,9.284209744503853e-05,0.00016301851851851837,72
meta_only,model,extra_trees,361,9.284209744503853e-05,0.00016301851851851837,72
meta_only,model,extra_trees,362,9.284209744503853e-05,0.00016301851851851837,72
meta_only,model,extra_trees,363,9.284209744503853e-05,0.00016301851851851837,72
meta_only,model,extra_trees,364,9.284209744503853e-05,0.00016301851851851837,72
meta_only,model,extra_trees,365,9.284209744503853e-05,0.00016301851851851837,72
meta_only,model,extra_trees,366,9.284209744503853e-05,0.00016301851851851837,72
meta_only,model,extra_trees,367,9.284209744503853e-05,0.00016301851851851837,72
meta_only,model,extra_trees,368,9.284209744503853e-05,0.00016301851851851837,72
meta_only,model,extra_trees,369,9.284209744503853e-05,0.00016301851851851837,72
meta_only,model,extra_trees,370,9.284209744503853e-05,0.00016301851851851837,72
meta_only,model,extra_trees,371,9.284209744503853e-05,0.00016301851851851837,72
meta_only,model,extra_trees,372,9.284209744503853e-05,0.00016301851851851837,72
meta_only,model,extra_trees,373,9.284209744503853e-05,0.00016301851851851837,72
meta_only,model,extra_trees,374,3.7136066547831405e-05,6.520605112154433e-05,72
meta_only,model,extra_trees,375,3.7136066547831405e-05,6.520605112154433e-05,72
meta_only,model,extra_trees,376,3.7136066547831405e-05,6.520605112154433e-05,72
meta_only,model,extra_trees,377,3.7136066547831405e-05,6.520605112154433e-05,72
meta_only,model,extra_trees,378,3.7136066547831405e-05,6.520605112154433e-05,72
meta_only,model,extra_trees,379,3.7136066547831405e-05,6.520605112154433e-05,72
meta_only,model,extra_trees,380,3.7136066547831405e-05,6.520605112154433e-05,72
meta_only,model,extra_trees,381,3.7136066547831405e-05,6.520605112154433e-05,72
meta_only,model,extra_trees,382,3.7136066547831405e-05,6.520605112154433e-05,72
meta_only,model,extra_trees,383,3.7136066547831405e-05,6.520605112154433e-05,72
meta_only,model,extra_trees,384,3.7136066547831405e-05,6.520605112154433e-05,72
meta_only,model,extra_trees,385,3.7136066547831405e-05,6.520605112154433e-05,72
meta_only,model,extra_trees,386,3.7136066547831405e-05,6.520605112154433e-05,72
meta_only,model,extra_trees,387,3.7136066547831405e-05,6.520605112154433e-05,72
meta_only,model,extra_trees,388,3.7136066547831405e-05,6.520605112154433e-05,72
meta_only,model,extra_trees,389,3.7136066547831405e-05,6.520605112154433e-05,72
meta_only,model,extra_trees,390,3.7136066547831405e-05,6.520605112154433e-05,72
meta_only,model,extra_trees,391,3.7136066547831405e-05,6.520605112154433e-05,72
meta_only,model,extra_trees,392,3.7136066547831405e-05,6.520605112154433e-05,72
meta_only,model,extra_trees,393,3.7136066547831405e-05,6.520605112154433e-05,72
meta_only,model,extra_trees,394,3.7136066547831405e-05,6.520605112154433e-05,72
meta_only,model,extra_trees,395,3.7136066547831405e-05,6.520605112154433e-05,72
meta_only,model,extra_trees,396,3.7136066547831405e-05,6.520605112154433e-05,72
meta_only,model,extra_trees,397,3.7136066547831405e-05,6.520605112154433e-05,72
meta_only,model,extra_trees,398,3.7136066547831405e-05,6.520605112154433e-05,72
meta_only,model,extra_trees,399,3.7136066547831405e-05,6.520605112154433e-05,72
meta_only,model,extra_trees,400,3.7136066547831405e-05,6.520605112154433e-05,72
meta_only,model,extra_trees,401,3.7136066547831405e-05,6.520605112154433e-05,72
meta_only,model,extra_trees,402,3.7136066547831405e-05,6.520605112154433e-05,72
meta_only,model,extra_trees,403,3.7136066547831405e-05,6.520605112154433e-05,72
meta_only,model,extra_trees,404,3.7136066547831405e-05,6.520605112154433e-05,72
meta_only,model,extra_trees,405,3.7136066547831405e-05,6.520605112154433e-05,72
meta_only,model,extra_trees,406,3.7136066547831405e-05,6.520605112154433e-05,72
meta_only,model,extra_trees,407,3.7136066547831405e-05,6.520605112154433e-05,72
meta_only,model,extra_trees,408,3.7136066547831405e-05,6.520605112154433e-05,72
meta_only,model,extra_trees,409,3.7136066547831405e-05,6.520605112154433e-05,72
meta_only,model,extra_trees,410,3.7136066547831405e-05,6.520605112154433e-05,72
meta_only,model,extra_trees,411,3.7136066547831405e-05,6.520605112154433e-05,72
meta_only,model,extra_trees,412,3.7136066547831405e-05,6.520605112154433e-05,72
meta_only,model,extra_trees,413,3.7136066547831405e-05,6.520605112154433e-05,72
meta_only,model,extra_trees,414,3.7136066547831405e-05,6.520605112154433e-05,72
meta_only,model,extra_trees,415,3.7136066547831405e-05,6.520605112154433e-05,72
meta_only,model,extra_trees,416,3.7136066547831405e-05,6.520605112154433e-05,72
meta_only,model,extra_trees,417,3.7136066547831405e-05,6.520605112154433e-05,72
meta_only,model,extra_trees,418,3.7136066547831405e-05,6.520605112154433e-05,72
meta_only,model,extra_trees,419,3.7136066547831405e-05,6.520605112154433e-05,72
meta_only,model,extra_trees,420,3.7136066547831405e-05,6.520605112154433e-05,72
meta_only,model,extra_trees,421,3.7136066547831405e-05,6.520605112154433e-05,72
meta_only,model,extra_trees,422,3.7136066547831405e-05,6.520605112154433e-05,72
meta_only,model,extra_trees,423,3.7136066547831405e-05,6.520605112154433e-05,72
meta_only,model,extra_trees,424,3.7136066547831405e-05,6.520605112154433e-05,72
meta_only,model,extra_trees,425,3.7136066547831405e-05,6.520605112154433e-05,72
meta_only,model,extra_trees,426,3.7136066547831405e-05,6.520605112154433e-05,72
meta_only,model,extra_trees,427,3.7136066547831405e-05,6.520605112154433e-05,72
meta_only,model,extra_trees,428,3.7136066547831405e-05,6.520605112154433e-05,72
meta_only,model,extra_trees,429,3.7136066547831405e-05,6.520605112154433e-05,72
meta_only,model,extra_trees,430,3.7136066547831405e-05,6.520605112154433e-05,72
meta_only,model,extra_trees,431,3.7136066547831405e-05,6.520605112154433e-05,72
meta_only,model,extra_trees,432,3.7136066547831405e-05,6.520605112154433e-05,72
meta_only,model,extra_trees,433,3.7136066547831405e-05,6.520605112154433e-05,72
meta_only,model,extra_trees,434,3.7136066547831405e-05,6.520605112154433e-05,72
meta_only,model,extra_trees,435,3.7136066547831405e-05,6.520605112154433e-05,72
meta_only,model,extra_trees,436,3.7136066547831405e-05,6.520605112154433e-05,72
meta_only,model,extra_trees,437,3.7136066547831405e-05,6.520605112154433e-05,72
meta_only,model,extra_trees,438,3.7136066547831405e-05,6.520605112154433e-05,72
meta_only,model,extra_trees,439,3.7136066547831405e-05,6.520605112154433e-05,72
meta_only,model,extra_trees,440,3.7136066547831405e-05,6.520605112154433e-05,72
meta_only,model,extra_trees,441,0.0,0.0,72
meta_only,model,extra_trees,442,0.0,0.0,72
meta_only,model,extra_trees,443,0.0,0.0,72
meta_only,model,extra_trees,444,0.0,0.0,72
meta_only,model,extra_trees,445,0.0,0.0,72
meta_only,model,extra_trees,446,0.0,0.0,72
meta_only,model,extra_trees,447,0.0,0.0,72
meta_only,model,extra_trees,448,0.0,0.0,72
meta_only,model,extra_trees,449,0.0,0.0,72
meta_only,model,extra_trees,450,0.0,0.0,72
meta_only,model,extra_trees,451,0.0,0.0,72
meta_only,model,extra_trees,452,0.0,0.0,72
meta_only,global_default,,1,0.0360121257091275,0.09458661864357781,72
meta_only,global_default,,2,0.017112565193282483,0.05234838578932467,72
meta_only,global_default,,3,0.008998916769875498,0.02573861199201796,72
meta_only,global_default,,4,0.00664143203001943,0.020464836154834642,72
meta_only,global_default,,5,0.004863231875964684,0.015769144775834562,72
meta_only,global_default,,6,0.0038461413367545175,0.01336811707245806,72
meta_only,global_default,,7,0.0033402625235658314,0.012237955707910147,72
meta_only,global_default,,8,0.0026092634830223163,0.010598929794926017,72
meta_only,global_default,,9,0.0020774511168698043,0.0060952317957620504,72
meta_only,global_default,,10,0.0020774511168698043,0.0060952317957620504,72
meta_only,global_default,,11,0.001538764005760068,0.004482674564570527,72
meta_only,global_default,,12,0.0013033405618706304,0.003814649665661677,72
meta_only,global_default,,13,0.0011955979334777368,0.0032388781318063004,72
meta_only,global_default,,14,0.0010206012967441406,0.0028803090835914703,72
meta_only,global_default,,15,0.0008159374222378122,0.002113629757440213,72
meta_only,global_default,,16,0.0007930441342129468,0.0020582745480345888,72
meta_only,global_default,,17,0.0007766209559684489,0.0020325433137353883,72
meta_only,global_default,,18,0.0007671904004128935,0.0019857715685053113,72
meta_only,global_default,,19,0.0006928859902883987,0.0016777483271361226,72
meta_only,global_default,,20,0.0006834702133014468,0.0016671521138668507,72
meta_only,global_default,,21,0.0006421624581779016,0.0015930485831869212,72
meta_only,global_default,,22,0.000618339321147217,0.0014595019264839865,72
meta_only,global_default,,23,0.0004904458026286964,0.0011034221982069408,72
meta_only,global_default,,24,0.0004904458026286964,0.0011034221982069408,72
meta_only,global_default,,25,0.0004904458026286964,0.0011034221982069408,72
meta_only,global_default,,26,0.0004625319417981709,0.0010736840373403497,72
meta_only,global_default,,27,0.0004625319417981709,0.0010736840373403497,72
meta_only,global_default,,28,0.0004625319417981709,0.0010736840373403497,72
meta_only,global_default,,29,0.00043619534862605273,0.0009836616376216012,72
meta_only,global_default,,30,0.00041815783058853393,0.0009612240142146716,72
meta_only,global_default,,31,0.00037669515992397936,0.0007759030475475035,72
meta_only,global_default,,32,0.00037669515992397936,0.0007759030475475035,72
meta_only,global_default,,33,0.000279472937701757,0.0006609831631240729,72
meta_only,global_default,,34,0.000279472937701757,0.0006609831631240729,72
meta_only,global_default,,35,0.000279472937701757,0.0006609831631240729,72
meta_only,global_default,,36,0.000279472937701757,0.0006609831631240729,72
meta_only,global_default,,37,0.000279472937701757,0.0006609831631240729,72
meta_only,global_default,,38,0.000279472937701757,0.0006609831631240729,72
meta_only,global_default,,39,0.00022376883788000992,0.0005631740864417564,72
meta_only,global_default,,40,0.00010799502835619972,0.00043379231338720145,72
meta_only,global_default,,41,5.0919773379090286e-05,0.00011993506432852074,72
meta_only,global_default,,42,5.0919773379090286e-05,0.00011993506432852074,72
meta_only,global_default,,43,5.0919773379090286e-05,0.00011993506432852074,72
meta_only,global_default,,44,5.0919773379090286e-05,0.00011993506432852074,72
meta_only,global_default,,45,5.0919773379090286e-05,0.00011993506432852074,72
meta_only,global_default,,46,5.0919773379090286e-05,0.00011993506432852074,72
meta_only,global_default,,47,5.0919773379090286e-05,0.00011993506432852074,72
meta_only,global_default,,48,5.0919773379090286e-05,0.00011993506432852074,72
meta_only,global_default,,49,5.0919773379090286e-05,0.00011993506432852074,72
meta_only,global_default,,50,5.0919773379090286e-05,0.00011993506432852074,72
meta_only,global_default,,51,4.1490792463346996e-05,7.31711286756929e-05,72
meta_only,global_default,,52,4.1490792463346996e-05,7.31711286756929e-05,72
meta_only,global_default,,53,4.1490792463346996e-05,7.31711286756929e-05,72
meta_only,global_default,,54,4.1490792463346996e-05,7.31711286756929e-05,72
meta_only,global_default,,55,4.1490792463346996e-05,7.31711286756929e-05,72
meta_only,global_default,,56,4.1490792463346996e-05,7.31711286756929e-05,72
meta_only,global_default,,57,4.1490792463346996e-05,7.31711286756929e-05,72
meta_only,global_default,,58,4.1490792463346996e-05,7.31711286756929e-05,72
meta_only,global_default,,59,4.1490792463346996e-05,7.31711286756929e-05,72
meta_only,global_default,,60,4.1490792463346996e-05,7.31711286756929e-05,72
meta_only,global_default,,61,4.1490792463346996e-05,7.31711286756929e-05,72
meta_only,global_default,,62,4.1490792463346996e-05,7.31711286756929e-05,72
meta_only,global_default,,63,4.1490792463346996e-05,7.31711286756929e-05,72
meta_only,global_default,,64,4.1490792463346996e-05,7.31711286756929e-05,72
meta_only,global_default,,65,4.1490792463346996e-05,7.31711286756929e-05,72
meta_only,global_default,,66,4.1490792463346996e-05,7.31711286756929e-05,72
meta_only,global_default,,67,4.1490792463346996e-05,7.31711286756929e-05,72
meta_only,global_default,,68,4.1490792463346996e-05,7.31711286756929e-05,72
meta_only,global_default,,69,4.1490792463346996e-05,7.31711286756929e-05,72
meta_only,global_default,,70,4.1490792463346996e-05,7.31711286756929e-05,72
meta_only,global_default,,71,4.1490792463346996e-05,7.31711286756929e-05,72
meta_only,global_default,,72,4.1490792463346996e-05,7.31711286756929e-05,72
meta_only,global_default,,73,4.1490792463346996e-05,7.31711286756929e-05,72
meta_only,global_default,,74,4.1490792463346996e-05,7.31711286756929e-05,72
meta_only,global_default,,75,4.1490792463346996e-05,7.31711286756929e-05,72
meta_only,global_default,,76,4.1490792463346996e-05,7.31711286756929e-05,72
meta_only,global_default,,77,4.1490792463346996e-05,7.31711286756929e-05,72
meta_only,global_default,,78,4.1490792463346996e-05,7.31711286756929e-05,72
meta_only,global_default,,79,4.1490792463346996e-05,7.31711286756929e-05,72
meta_only,global_default,,80,4.1490792463346996e-05,7.31711286756929e-05,72
meta_only,global_default,,81,4.1490792463346996e-05,7.31711286756929e-05,72
meta_only,global_default,,82,4.1490792463346996e-05,7.31711286756929e-05,72
meta_only,global_default,,83,3.7136066547831405e-05,6.520605112154433e-05,72
meta_only,global_default,,84,3.7136066547831405e-05,6.520605112154433e-05,72
meta_only,global_default,,85,3.7136066547831405e-05,6.520605112154433e-05,72
meta_only,global_default,,86,3.7136066547831405e-05,6.520605112154433e-05,72
meta_only,global_default,,87,3.7136066547831405e-05,6.520605112154433e-05,72
meta_only,global_default,,88,3.7136066547831405e-05,6.520605112154433e-05,72
meta_only,global_default,,89,3.7136066547831405e-05,6.520605112154433e-05,72
meta_only,global_default,,90,3.7136066547831405e-05,6.520605112154433e-05,72
meta_only,global_default,,91,3.7136066547831405e-05,6.520605112154433e-05,72
meta_only,global_default,,92,3.7136066547831405e-05,6.520605112154433e-05,72
meta_only,global_default,,93,3.7136066547831405e-05,6.520605112154433e-05,72
meta_only,global_default,,94,3.7136066547831405e-05,6.520605112154433e-05,72
meta_only,global_default,,95,3.7136066547831405e-05,6.520605112154433e-05,72
meta_only,global_default,,96,3.7136066547831405e-05,6.520605112154433e-05,72
meta_only,global_default,,97,3.7136066547831405e-05,6.520605112154433e-05,72
meta_only,global_default,,98,3.7136066547831405e-05,6.520605112154433e-05,72
meta_only,global_default,,99,3.7136066547831405e-05,6.520605112154433e-05,72
meta_only,global_default,,100,3.7136066547831405e-05,6.520605112154433e-05,72
meta_only,global_default,,101,3.7136066547831405e-05,6.520605112154433e-05,72
meta_only,global_default,,102,3.7136066547831405e-05,6.520605112154433e-05,72
meta_only,global_default,,103,3.7136066547831405e-05,6.520605112154433e-05,72
meta_only,global_default,,104,3.7136066547831405e-05,6.520605112154433e-05,72
meta_only,global_default,,105,3.7136066547831405e-05,6.520605112154433e-05,72
meta_only,global_default,,106,3.7136066547831405e-05,6.520605112154433e-05,72
meta_only,global_default,,107,3.7136066547831405e-05,6.520605112154433e-05,72
meta_only,global_default,,108,3.7136066547831405e-05,6.520605112154433e-05,72
meta_only,global_default,,109,3.7136066547831405e-05,6.520605112154433e-05,72
meta_only,global_default,,110,3.7136066547831405e-05,6.520605112154433e-05,72
meta_only,global_default,,111,3.7136066547831405e-05,6.520605112154433e-05,72
meta_only,global_default,,112,3.7136066547831405e-05,6.520605112154433e-05,72
meta_only,global_default,,113,3.7136066547831405e-05,6.520605112154433e-05,72
meta_only,global_default,,114,3.7136066547831405e-05,6.520605112154433e-05,72
meta_only,global_default,,115,3.7136066547831405e-05,6.520605112154433e-05,72
meta_only,global_default,,116,3.7136066547831405e-05,6.520605112154433e-05,72
meta_only,global_default,,117,3.7136066547831405e-05,6.520605112154433e-05,72
meta_only,global_default,,118,3.7136066547831405e-05,6.520605112154433e-05,72
meta_only,global_default,,119,3.7136066547831405e-05,6.520605112154433e-05,72
meta_only,global_default,,120,3.7136066547831405e-05,6.520605112154433e-05,72
meta_only,global_default,,121,3.7136066547831405e-05,6.520605112154433e-05,72
meta_only,global_default,,122,3.7136066547831405e-05,6.520605112154433e-05,72
meta_only,global_default,,123,3.7136066547831405e-05,6.520605112154433e-05,72
meta_only,global_default,,124,3.7136066547831405e-05,6.520605112154433e-05,72
meta_only,global_default,,125,3.7136066547831405e-05,6.520605112154433e-05,72
meta_only,global_default,,126,3.7136066547831405e-05,6.520605112154433e-05,72
meta_only,global_default,,127,3.7136066547831405e-05,6.520605112154433e-05,72
meta_only,global_default,,128,3.7136066547831405e-05,6.520605112154433e-05,72
meta_only,global_default,,129,3.7136066547831405e-05,6.520605112154433e-05,72
meta_only,global_default,,130,3.7136066547831405e-05,6.520605112154433e-05,72
meta_only,global_default,,131,3.7136066547831405e-05,6.520605112154433e-05,72
meta_only,global_default,,132,3.7136066547831405e-05,6.520605112154433e-05,72
meta_only,global_default,,133,3.7136066547831405e-05,6.520605112154433e-05,72
meta_only,global_default,,134,3.7136066547831405e-05,6.520605112154433e-05,72
meta_only,global_default,,135,3.7136066547831405e-05,6.520605112154433e-05,72
meta_only,global_default,,136,3.7136066547831405e-05,6.520605112154433e-05,72
meta_only,global_default,,137,3.7136066547831405e-05,6.520605112154433e-05,72
meta_only,global_default,,138,3.7136066547831405e-05,6.520605112154433e-05,72
meta_only,global_default,,139,3.7136066547831405e-05,6.520605112154433e-05,72
meta_only,global_default,,140,3.7136066547831405e-05,6.520605112154433e-05,72
meta_only,global_default,,141,3.7136066547831405e-05,6.520605112154433e-05,72
meta_only,global_default,,142,3.7136066547831405e-05,6.520605112154433e-05,72
meta_only,global_default,,143,3.7136066547831405e-05,6.520605112154433e-05,72
meta_only,global_default,,144,3.7136066547831405e-05,6.520605112154433e-05,72
meta_only,global_default,,145,3.7136066547831405e-05,6.520605112154433e-05,72
meta_only,global_default,,146,3.7136066547831405e-05,6.520605112154433e-05,72
meta_only,global_default,,147,3.7136066547831405e-05,6.520605112154433e-05,72
meta_only,global_default,,148,3.7136066547831405e-05,6.520605112154433e-05,72
meta_only,global_default,,149,3.7136066547831405e-05,6.520605112154433e-05,72
meta_only,global_default,,150,3.7136066547831405e-05,6.520605112154433e-05,72
meta_only,global_default,,151,3.7136066547831405e-05,6.520605112154433e-05,72
meta_only,global_default,,152,3.7136066547831405e-05,6.520605112154433e-05,72
meta_only,global_default,,153,3.7136066547831405e-05,6.520605112154433e-05,72
meta_only,global_default,,154,3.7136066547831405e-05,6.520605112154433e-05,72
meta_only,global_default,,155,3.7136066547831405e-05,6.520605112154433e-05,72
meta_only,global_default,,156,3.7136066547831405e-05,6.520605112154433e-05,72
meta_only,global_default,,157,3.7136066547831405e-05,6.520605112154433e-05,72
meta_only,global_default,,158,3.7136066547831405e-05,6.520605112154433e-05,72
meta_only,global_default,,159,3.7136066547831405e-05,6.520605112154433e-05,72
meta_only,global_default,,160,3.7136066547831405e-05,6.520605112154433e-05,72
meta_only,global_default,,161,3.7136066547831405e-05,6.520605112154433e-05,72
meta_only,global_default,,162,3.7136066547831405e-05,6.520605112154433e-05,72
meta_only,global_default,,163,3.7136066547831405e-05,6.520605112154433e-05,72
meta_only,global_default,,164,3.7136066547831405e-05,6.520605112154433e-05,72
meta_only,global_default,,165,3.7136066547831405e-05,6.520605112154433e-05,72
meta_only,global_default,,166,3.7136066547831405e-05,6.520605112154433e-05,72
meta_only,global_default,,167,3.7136066547831405e-05,6.520605112154433e-05,72
meta_only,global_default,,168,3.7136066547831405e-05,6.520605112154433e-05,72
meta_only,global_default,,169,3.7136066547831405e-05,6.520605112154433e-05,72
meta_only,global_default,,170,3.7136066547831405e-05,6.520605112154433e-05,72
meta_only,global_default,,171,3.7136066547831405e-05,6.520605112154433e-05,72
meta_only,global_default,,172,3.7136066547831405e-05,6.520605112154433e-05,72
meta_only,global_default,,173,3.7136066547831405e-05,6.520605112154433e-05,72
meta_only,global_default,,174,3.7136066547831405e-05,6.520605112154433e-05,72
meta_only,global_default,,175,3.7136066547831405e-05,6.520605112154433e-05,72
meta_only,global_default,,176,3.7136066547831405e-05,6.520605112154433e-05,72
meta_only,global_default,,177,3.7136066547831405e-05,6.520605112154433e-05,72
meta_only,global_default,,178,3.7136066547831405e-05,6.520605112154433e-05,72
meta_only,global_default,,179,3.7136066547831405e-05,6.520605112154433e-05,72
meta_only,global_default,,180,3.7136066547831405e-05,6.520605112154433e-05,72
meta_only,global_default,,181,3.7136066547831405e-05,6.520605112154433e-05,72
meta_only,global_default,,182,3.7136066547831405e-05,6.520605112154433e-05,72
meta_only,global_default,,183,3.7136066547831405e-05,6.520605112154433e-05,72
meta_only,global_default,,184,3.7136066547831405e-05,6.520605112154433e-05,72
meta_only,global_default,,185,3.7136066547831405e-05,6.520605112154433e-05,72
meta_only,global_default,,186,3.7136066547831405e-05,6.520605112154433e-05,72
meta_only,global_default,,187,3.7136066547831405e-05,6.520605112154433e-05,72
meta_only,global_default,,188,3.7136066547831405e-05,6.520605112154433e-05,72
meta_only,global_default,,189,3.7136066547831405e-05,6.520605112154433e-05,72
meta_only,global_default,,190,3.7136066547831405e-05,6.520605112154433e-05,72
meta_only,global_default,,191,3.7136066547831405e-05,6.520605112154433e-05,72
meta_only,global_default,,192,3.7136066547831405e-05,6.520605112154433e-05,72
meta_only,global_default,,193,3.7136066547831405e-05,6.520605112154433e-05,72
meta_only,global_default,,194,3.7136066547831405e-05,6.520605112154433e-05,72
meta_only,global_default,,195,3.7136066547831405e-05,6.520605112154433e-05,72
meta_only,global_default,,196,3.7136066547831405e-05,6.520605112154433e-05,72
meta_only,global_default,,197,3.7136066547831405e-05,6.520605112154433e-05,72
meta_only,global_default,,198,3.7136066547831405e-05,6.520605112154433e-05,72
meta_only,global_default,,199,3.7136066547831405e-05,6.520605112154433e-05,72
meta_only,global_default,,200,3.7136066547831405e-05,6.520605112154433e-05,72
meta_only,global_default,,201,3.7136066547831405e-05,6.520605112154433e-05,72
meta_only,global_default,,202,3.7136066547831405e-05,6.520605112154433e-05,72
meta_only,global_default,,203,3.7136066547831405e-05,6.520605112154433e-05,72
meta_only,global_default,,204,3.7136066547831405e-05,6.520605112154433e-05,72
meta_only,global_default,,205,3.7136066547831405e-05,6.520605112154433e-05,72
meta_only,global_default,,206,3.7136066547831405e-05,6.520605112154433e-05,72
meta_only,global_default,,207,3.7136066547831405e-05,6.520605112154433e-05,72
meta_only,global_default,,208,3.7136066547831405e-05,6.520605112154433e-05,72
meta_only,global_default,,209,3.7136066547831405e-05,6.520605112154433e-05,72
meta_only,global_default,,210,3.7136066547831405e-05,6.520605112154433e-05,72
meta_only,global_default,,211,3.7136066547831405e-05,6.520605112154433e-05,72
meta_only,global_default,,212,3.7136066547831405e-05,6.520605112154433e-05,72
meta_only,global_default,,213,3.7136066547831405e-05,6.520605112154433e-05,72
meta_only,global_default,,214,3.7136066547831405e-05,6.520605112154433e-05,72
meta_only,global_default,,215,3.7136066547831405e-05,6.520605112154433e-05,72
meta_only,global_default,,216,3.7136066547831405e-05,6.520605112154433e-05,72
meta_only,global_default,,217,3.7136066547831405e-05,6.520605112154433e-05,72
meta_only,global_default,,218,3.7136066547831405e-05,6.520605112154433e-05,72
meta_only,global_default,,219,3.7136066547831405e-05,6.520605112154433e-05,72
meta_only,global_default,,220,3.7136066547831405e-05,6.520605112154433e-05,72
meta_only,global_default,,221,3.7136066547831405e-05,6.520605112154433e-05,72
meta_only,global_default,,222,3.7136066547831405e-05,6.520605112154433e-05,72
meta_only,global_default,,223,3.7136066547831405e-05,6.520605112154433e-05,72
meta_only,global_default,,224,3.7136066547831405e-05,6.520605112154433e-05,72
meta_only,global_default,,225,3.7136066547831405e-05,6.520605112154433e-05,72
meta_only,global_default,,226,3.7136066547831405e-05,6.520605112154433e-05,72
meta_only,global_default,,227,3.7136066547831405e-05,6.520605112154433e-05,72
meta_only,global_default,,228,3.7136066547831405e-05,6.520605112154433e-05,72
meta_only,global_default,,229,3.7136066547831405e-05,6.520605112154433e-05,72
meta_only,global_default,,230,3.7136066547831405e-05,6.520605112154433e-05,72
meta_only,global_default,,231,3.7136066547831405e-05,6.520605112154433e-05,72
meta_only,global_default,,232,3.7136066547831405e-05,6.520605112154433e-05,72
meta_only,global_default,,233,3.7136066547831405e-05,6.520605112154433e-05,72
meta_only,global_default,,234,3.7136066547831405e-05,6.520605112154433e-05,72
meta_only,global_default,,235,3.7136066547831405e-05,6.520605112154433e-05,72
meta_only,global_default,,236,3.7136066547831405e-05,6.520605112154433e-05,72
meta_only,global_default,,237,3.7136066547831405e-05,6.520605112154433e-05,72
meta_only,global_default,,238,3.7136066547831405e-05,6.520605112154433e-05,72
meta_only,global_default,,239,3.7136066547831405e-05,6.520605112154433e-05,72
meta_only,global_default,,240,3.7136066547831405e-05,6.520605112154433e-05,72
meta_only,global_default,,241,3.7136066547831405e-05,6.520605112154433e-05,72
meta_only,global_default,,242,3.7136066547831405e-05,6.520605112154433e-05,72
meta_only,global_default,,243,3.7136066547831405e-05,6.520605112154433e-05,72
meta_only,global_default,,244,3.7136066547831405e-05,6.520605112154433e-05,72
meta_only,global_default,,245,3.7136066547831405e-05,6.520605112154433e-05,72
meta_only,global_default,,246,3.7136066547831405e-05,6.520605112154433e-05,72
meta_only,global_default,,247,3.7136066547831405e-05,6.520605112154433e-05,72
meta_only,global_default,,248,3.7136066547831405e-05,6.520605112154433e-05,72
meta_only,global_default,,249,3.7136066547831405e-05,6.520605112154433e-05,72
meta_only,global_default,,250,3.7136066547831405e-05,6.520605112154433e-05,72
meta_only,global_default,,251,3.7136066547831405e-05,6.520605112154433e-05,72
meta_only,global_default,,252,3.7136066547831405e-05,6.520605112154433e-05,72
meta_only,global_default,,253,3.7136066547831405e-05,6.520605112154433e-05,72
meta_only,global_default,,254,3.7136066547831405e-05,6.520605112154433e-05,72
meta_only,global_default,,255,3.7136066547831405e-05,6.520605112154433e-05,72
meta_only,global_default,,256,3.7136066547831405e-05,6.520605112154433e-05,72
meta_only,global_default,,257,3.7136066547831405e-05,6.520605112154433e-05,72
meta_only,global_default,,258,3.7136066547831405e-05,6.520605112154433e-05,72
meta_only,global_default,,259,3.7136066547831405e-05,6.520605112154433e-05,72
meta_only,global_default,,260,3.7136066547831405e-05,6.520605112154433e-05,72
meta_only,global_default,,261,3.7136066547831405e-05,6.520605112154433e-05,72
meta_only,global_default,,262,3.7136066547831405e-05,6.520605112154433e-05,72
meta_only,global_default,,263,3.7136066547831405e-05,6.520605112154433e-05,72
meta_only,global_default,,264,3.7136066547831405e-05,6.520605112154433e-05,72
meta_only,global_default,,265,3.7136066547831405e-05,6.520605112154433e-05,72
meta_only,global_default,,266,3.7136066547831405e-05,6.520605112154433e-05,72
meta_only,global_default,,267,3.7136066547831405e-05,6.520605112154433e-05,72
meta_only,global_default,,268,3.7136066547831405e-05,6.520605112154433e-05,72
meta_only,global_default,,269,3.7136066547831405e-05,6.520605112154433e-05,72
meta_only,global_default,,270,3.7136066547831405e-05,6.520605112154433e-05,72
meta_only,global_default,,271,3.7136066547831405e-05,6.520605112154433e-05,72
meta_only,global_default,,272,3.7136066547831405e-05,6.520605112154433e-05,72
meta_only,global_default,,273,3.7136066547831405e-05,6.520605112154433e-05,72
meta_only,global_default,,274,3.7136066547831405e-05,6.520605112154433e-05,72
meta_only,global_default,,275,3.7136066547831405e-05,6.520605112154433e-05,72
meta_only,global_default,,276,3.7136066547831405e-05,6.520605112154433e-05,72
meta_only,global_default,,277,3.7136066547831405e-05,6.520605112154433e-05,72
meta_only,global_default,,278,3.7136066547831405e-05,6.520605112154433e-05,72
meta_only,global_default,,279,3.7136066547831405e-05,6.520605112154433e-05,72
meta_only,global_default,,280,3.7136066547831405e-05,6.520605112154433e-05,72
meta_only,global_default,,281,3.7136066547831405e-05,6.520605112154433e-05,72
meta_only,global_default,,282,3.7136066547831405e-05,6.520605112154433e-05,72
meta_only,global_default,,283,3.7136066547831405e-05,6.520605112154433e-05,72
meta_only,global_default,,284,3.7136066547831405e-05,6.520605112154433e-05,72
meta_only,global_default,,285,3.7136066547831405e-05,6.520605112154433e-05,72
meta_only,global_default,,286,3.7136066547831405e-05,6.520605112154433e-05,72
meta_only,global_default,,287,3.7136066547831405e-05,6.520605112154433e-05,72
meta_only,global_default,,288,3.7136066547831405e-05,6.520605112154433e-05,72
meta_only,global_default,,289,3.7136066547831405e-05,6.520605112154433e-05,72
meta_only,global_default,,290,3.7136066547831405e-05,6.520605112154433e-05,72
meta_only,global_default,,291,3.7136066547831405e-05,6.520605112154433e-05,72
meta_only,global_default,,292,3.7136066547831405e-05,6.520605112154433e-05,72
meta_only,global_default,,293,3.7136066547831405e-05,6.520605112154433e-05,72
meta_only,global_default,,294,3.7136066547831405e-05,6.520605112154433e-05,72
meta_only,global_default,,295,3.7136066547831405e-05,6.520605112154433e-05,72
meta_only,global_default,,296,3.7136066547831405e-05,6.520605112154433e-05,72
meta_only,global_default,,297,3.7136066547831405e-05,6.520605112154433e-05,72
meta_only,global_default,,298,3.7136066547831405e-05,6.520605112154433e-05,72
meta_only,global_default,,299,3.7136066547831405e-05,6.520605112154433e-05,72
meta_only,global_default,,300,3.7136066547831405e-05,6.520605112154433e-05,72
meta_only,global_default,,301,3.7136066547831405e-05,6.520605112154433e-05,72
meta_only,global_default,,302,3.7136066547831405e-05,6.520605112154433e-05,72
meta_only,global_default,,303,3.7136066547831405e-05,6.520605112154433e-05,72
meta_only,global_default,,304,3.7136066547831405e-05,6.520605112154433e-05,72
meta_only,global_default,,305,3.7136066547831405e-05,6.520605112154433e-05,72
meta_only,global_default,,306,3.7136066547831405e-05,6.520605112154433e-05,72
meta_only,global_default,,307,3.7136066547831405e-05,6.520605112154433e-05,72
meta_only,global_default,,308,3.7136066547831405e-05,6.520605112154433e-05,72
meta_only,global_default,,309,3.7136066547831405e-05,6.520605112154433e-05,72
meta_only,global_default,,310,3.7136066547831405e-05,6.520605112154433e-05,72
meta_only,global_default,,311,3.7136066547831405e-05,6.520605112154433e-05,72
meta_only,global_default,,312,3.7136066547831405e-05,6.520605112154433e-05,72
meta_only,global_default,,313,3.7136066547831405e-05,6.520605112154433e-05,72
meta_only,global_default,,314,3.7136066547831405e-05,6.520605112154433e-05,72
meta_only,global_default,,315,3.7136066547831405e-05,6.520605112154433e-05,72
meta_only,global_default,,316,3.7136066547831405e-05,6.520605112154433e-05,72
meta_only,global_default,,317,3.7136066547831405e-05,6.520605112154433e-05,72
meta_only,global_default,,318,3.7136066547831405e-05,6.520605112154433e-05,72
meta_only,global_default,,319,3.7136066547831405e-05,6.520605112154433e-05,72
meta_only,global_default,,320,3.7136066547831405e-05,6.520605112154433e-05,72
meta_only,global_default,,321,3.7136066547831405e-05,6.520605112154433e-05,72
meta_only,global_default,,322,3.7136066547831405e-05,6.520605112154433e-05,72
meta_only,global_default,,323,3.7136066547831405e-05,6.520605112154433e-05,72
meta_only,global_default,,324,3.7136066547831405e-05,6.520605112154433e-05,72
meta_only,global_default,,325,3.7136066547831405e-05,6.520605112154433e-05,72
meta_only,global_default,,326,3.7136066547831405e-05,6.520605112154433e-05,72
meta_only,global_default,,327,3.7136066547831405e-05,6.520605112154433e-05,72
meta_only,global_default,,328,3.7136066547831405e-05,6.520605112154433e-05,72
meta_only,global_default,,329,3.7136066547831405e-05,6.520605112154433e-05,72
meta_only,global_default,,330,3.7136066547831405e-05,6.520605112154433e-05,72
meta_only,global_default,,331,3.7136066547831405e-05,6.520605112154433e-05,72
meta_only,global_default,,332,3.7136066547831405e-05,6.520605112154433e-05,72
meta_only,global_default,,333,3.7136066547831405e-05,6.520605112154433e-05,72
meta_only,global_default,,334,3.7136066547831405e-05,6.520605112154433e-05,72
meta_only,global_default,,335,3.7136066547831405e-05,6.520605112154433e-05,72
meta_only,global_default,,336,3.7136066547831405e-05,6.520605112154433e-05,72
meta_only,global_default,,337,3.7136066547831405e-05,6.520605112154433e-05,72
meta_only,global_default,,338,3.7136066547831405e-05,6.520605112154433e-05,72
meta_only,global_default,,339,3.7136066547831405e-05,6.520605112154433e-05,72
meta_only,global_default,,340,3.7136066547831405e-05,6.520605112154433e-05,72
meta_only,global_default,,341,3.7136066547831405e-05,6.520605112154433e-05,72
meta_only,global_default,,342,3.7136066547831405e-05,6.520605112154433e-05,72
meta_only,global_default,,343,3.7136066547831405e-05,6.520605112154433e-05,72
meta_only,global_default,,344,3.7136066547831405e-05,6.520605112154433e-05,72
meta_only,global_default,,345,3.7136066547831405e-05,6.520605112154433e-05,72
meta_only,global_default,,346,3.7136066547831405e-05,6.520605112154433e-05,72
meta_only,global_default,,347,3.7136066547831405e-05,6.520605112154433e-05,72
meta_only,global_default,,348,3.7136066547831405e-05,6.520605112154433e-05,72
meta_only,global_default,,349,3.7136066547831405e-05,6.520605112154433e-05,72
meta_only,global_default,,350,3.7136066547831405e-05,6.520605112154433e-05,72
meta_only,global_default,,351,3.7136066547831405e-05,6.520605112154433e-05,72
meta_only,global_default,,352,3.7136066547831405e-05,6.520605112154433e-05,72
meta_only,global_default,,353,3.7136066547831405e-05,6.520605112154433e-05,72
meta_only,global_default,,354,3.7136066547831405e-05,6.520605112154433e-05,72
meta_only,global_default,,355,3.7136066547831405e-05,6.520605112154433e-05,72
meta_only,global_default,,356,3.7136066547831405e-05,6.520605112154433e-05,72
meta_only,global_default,,357,3.7136066547831405e-05,6.520605112154433e-05,72
meta_only,global_default,,358,3.7136066547831405e-05,6.520605112154433e-05,72
meta_only,global_default,,359,3.7136066547831405e-05,6.520605112154433e-05,72
meta_only,global_default,,360,3.7136066547831405e-05,6.520605112154433e-05,72
meta_only,global_default,,361,3.7136066547831405e-05,6.520605112154433e-05,72
meta_only,global_default,,362,3.7136066547831405e-05,6.520605112154433e-05,72
meta_only,global_default,,363,3.7136066547831405e-05,6.520605112154433e-05,72
meta_only,global_default,,364,3.7136066547831405e-05,6.520605112154433e-05,72
meta_only,global_default,,365,3.7136066547831405e-05,6.520605112154433e-05,72
meta_only,global_default,,366,3.7136066547831405e-05,6.520605112154433e-05,72
meta_only,global_default,,367,3.7136066547831405e-05,6.520605112154433e-05,72
meta_only,global_default,,368,3.7136066547831405e-05,6.520605112154433e-05,72
meta_only,global_default,,369,3.7136066547831405e-05,6.520605112154433e-05,72
meta_only,global_default,,370,3.7136066547831405e-05,6.520605112154433e-05,72
meta_only,global_default,,371,3.7136066547831405e-05,6.520605112154433e-05,72
meta_only,global_default,,372,3.7136066547831405e-05,6.520605112154433e-05,72
meta_only,global_default,,373,3.7136066547831405e-05,6.520605112154433e-05,72
meta_only,global_default,,374,3.7136066547831405e-05,6.520605112154433e-05,72
meta_only,global_default,,375,3.7136066547831405e-05,6.520605112154433e-05,72
meta_only,global_default,,376,3.7136066547831405e-05,6.520605112154433e-05,72
meta_only,global_default,,377,3.7136066547831405e-05,6.520605112154433e-05,72
meta_only,global_default,,378,3.7136066547831405e-05,6.520605112154433e-05,72
meta_only,global_default,,379,3.7136066547831405e-05,6.520605112154433e-05,72
meta_only,global_default,,380,3.7136066547831405e-05,6.520605112154433e-05,72
meta_only,global_default,,381,3.7136066547831405e-05,6.520605112154433e-05,72
meta_only,global_default,,382,3.7136066547831405e-05,6.520605112154433e-05,72
meta_only,global_default,,383,3.7136066547831405e-05,6.520605112154433e-05,72
meta_only,global_default,,384,3.7136066547831405e-05,6.520605112154433e-05,72
meta_only,global_default,,385,3.7136066547831405e-05,6.520605112154433e-05,72
meta_only,global_default,,386,3.7136066547831405e-05,6.520605112154433e-05,72
meta_only,global_default,,387,3.7136066547831405e-05,6.520605112154433e-05,72
meta_only,global_default,,388,3.7136066547831405e-05,6.520605112154433e-05,72
meta_only,global_default,,389,3.7136066547831405e-05,6.520605112154433e-05,72
meta_only,global_default,,390,3.7136066547831405e-05,6.520605112154433e-05,72
meta_only,global_default,,391,3.7136066547831405e-05,6.520605112154433e-05,72
meta_only,global_default,,392,3.7136066547831405e-05,6.520605112154433e-05,72
meta_only,global_default,,393,3.7136066547831405e-05,6.520605112154433e-05,72
meta_only,global_default,,394,3.7136066547831405e-05,6.520605112154433e-05,72
meta_only,global_default,,395,3.7136066547831405e-05,6.520605112154433e-05,72
meta_only,global_default,,396,3.7136066547831405e-05,6.520605112154433e-05,72
meta_only,global_default,,397,3.7136066547831405e-05,6.520605112154433e-05,72
meta_only,global_default,,398,3.7136066547831405e-05,6.520605112154433e-05,72
meta_only,global_default,,399,3.7136066547831405e-05,6.520605112154433e-05,72
meta_only,global_default,,400,3.7136066547831405e-05,6.520605112154433e-05,72
meta_only,global_default,,401,3.7136066547831405e-05,6.520605112154433e-05,72
meta_only,global_default,,402,3.7136066547831405e-05,6.520605112154433e-05,72
meta_only,global_default,,403,3.7136066547831405e-05,6.520605112154433e-05,72
meta_only,global_default,,404,3.7136066547831405e-05,6.520605112154433e-05,72
meta_only,global_default,,405,3.7136066547831405e-05,6.520605112154433e-05,72
meta_only,global_default,,406,3.7136066547831405e-05,6.520605112154433e-05,72
meta_only,global_default,,407,3.7136066547831405e-05,6.520605112154433e-05,72
meta_only,global_default,,408,3.7136066547831405e-05,6.520605112154433e-05,72
meta_only,global_default,,409,3.7136066547831405e-05,6.520605112154433e-05,72
meta_only,global_default,,410,3.7136066547831405e-05,6.520605112154433e-05,72
meta_only,global_default,,411,0.0,0.0,72
meta_only,global_default,,412,0.0,0.0,72
meta_only,global_default,,413,0.0,0.0,72
meta_only,global_default,,414,0.0,0.0,72
meta_only,global_default,,415,0.0,0.0,72
meta_only,global_default,,416,0.0,0.0,72
meta_only,global_default,,417,0.0,0.0,72
meta_only,global_default,,418,0.0,0.0,72
meta_only,global_default,,419,0.0,0.0,72
meta_only,global_default,,420,0.0,0.0,72
meta_only,global_default,,421,0.0,0.0,72
meta_only,global_default,,422,0.0,0.0,72
meta_only,global_default,,423,0.0,0.0,72
meta_only,global_default,,424,0.0,0.0,72
meta_only,global_default,,425,0.0,0.0,72
meta_only,global_default,,426,0.0,0.0,72
meta_only,global_default,,427,0.0,0.0,72
meta_only,global_default,,428,0.0,0.0,72
meta_only,global_default,,429,0.0,0.0,72
meta_only,global_default,,430,0.0,0.0,72
meta_only,global_default,,431,0.0,0.0,72
meta_only,global_default,,432,0.0,0.0,72
meta_only,global_default,,433,0.0,0.0,72
meta_only,global_default,,434,0.0,0.0,72
meta_only,global_default,,435,0.0,0.0,72
meta_only,global_default,,436,0.0,0.0,72
meta_only,global_default,,437,0.0,0.0,72
meta_only,global_default,,438,0.0,0.0,72
meta_only,global_default,,439,0.0,0.0,72
meta_only,global_default,,440,0.0,0.0,72
meta_only,global_default,,441,0.0,0.0,72
meta_only,global_default,,442,0.0,0.0,72
meta_only,global_default,,443,0.0,0.0,72
meta_only,global_default,,444,0.0,0.0,72
meta_only,global_default,,445,0.0,0.0,72
meta_only,global_default,,446,0.0,0.0,72
meta_only,global_default,,447,0.0,0.0,72
meta_only,global_default,,448,0.0,0.0,72
meta_only,global_default,,449,0.0,0.0,72
meta_only,global_default,,450,0.0,0.0,72
meta_only,global_default,,451,0.0,0.0,72
meta_only,global_default,,452,0.0,0.0,72
meta_only,random,,1,0.11193404874765088,0.2321768045029319,72
meta_only,random,,2,0.052167100638781966,0.11602361897695045,72
meta_only,random,,3,0.031462026872701686,0.07650247463473742,72
meta_only,random,,4,0.022508509064272667,0.0570566151870765,72
meta_only,random,,5,0.017352155058767173,0.04494888839953784,72
meta_only,random,,6,0.01434911742460044,0.03851662708860938,72
meta_only,random,,7,0.012350820495899438,0.033529687158821896,72
meta_only,random,,8,0.010773185782008825,0.029434355309935083,72
meta_only,random,,9,0.009634424405347836,0.026801643197443645,72
meta_only,random,,10,0.008343903672192336,0.02340920010174495,72
meta_only,random,,11,0.0077829762946274965,0.021776459209121687,72
meta_only,random,,12,0.0070603405300485155,0.01993049133345855,72
meta_only,random,,13,0.006536943117879528,0.018564238960706744,72
meta_only,random,,14,0.00617068815681994,0.017668382315006118,72
meta_only,random,,15,0.005774305346399943,0.016795501435672835,72
meta_only,random,,16,0.005443611370778929,0.015938121682415395,72
meta_only,random,,17,0.005160276093950971,0.01531024061683632,72
meta_only,random,,18,0.004967431300486585,0.014599107493835757,72
meta_only,random,,19,0.0047116902090843975,0.01402710048829601,72
meta_only,random,,20,0.004569574253053916,0.01364532670053815,72
meta_only,random,,21,0.0044162463152595975,0.013126739039832892,72
meta_only,random,,22,0.004171223661973357,0.012379962899312424,72
meta_only,random,,23,0.004081880440623549,0.012221362138593225,72
meta_only,random,,24,0.0038779203410433233,0.01140466798490311,72
meta_only,random,,25,0.003714372468202072,0.011037765762932613,72
meta_only,random,,26,0.003583193962798414,0.010681876725390563,72
meta_only,random,,27,0.003390935665388562,0.010109090688949331,72
meta_only,random,,28,0.003287482032779027,0.009813860962770631,72
meta_only,random,,29,0.0031624988395378643,0.00950667435776597,72
meta_only,random,,30,0.0030053549886218107,0.009146205850989375,72
meta_only,random,,31,0.002927617706818527,0.008954531048278298,72
meta_only,random,,32,0.002834650195725277,0.008719769991491391,72
meta_only,random,,33,0.0027248587147546198,0.008171237277007897,72
meta_only,random,,34,0.002649743528175765,0.007990862368257915,72
meta_only,random,,35,0.002523911371850736,0.007713569150082168,72
meta_only,random,,36,0.0024679484838498896,0.007447211515665851,72
meta_only,random,,37,0.0024272508548833106,0.007208632097458062,72
meta_only,random,,38,0.002346581189800077,0.007018488573785879,72
meta_only,random,,39,0.0022899288973405943,0.0068459242304950855,72
meta_only,random,,40,0.0021754204877389516,0.006627505700771205,72
meta_only,random,,41,0.002096723437475129,0.0064907811092925986,72
meta_only,random,,42,0.002005836125653156,0.0060247201018336725,72
meta_only,random,,43,0.0019387669851505729,0.00575456817429197,72
meta_only,random,,44,0.0019070200131310522,0.005630457425457011,72
meta_only,random,,45,0.0018644564100145525,0.005531518291817341,72
meta_only,random,,46,0.0018161672827855548,0.005361139643950525,72
meta_only,random,,47,0.0017732531949403536,0.005236223740337607,72
meta_only,random,,48,0.0017243544183798898,0.005030332576734011,72
meta_only,random,,49,0.0016603667880226896,0.004763456061145276,72
meta_only,random,,50,0.0016245655741047417,0.004682985651806922,72
meta_only,random,,51,0.0015956541080321654,0.004587761779586449,72
meta_only,random,,52,0.0015454328848427267,0.0044055249669433805,72
meta_only,random,,53,0.0014953825501635043,0.0042248018726223,72
meta_only,random,,54,0.0014466933617086,0.004048426136667737,72
meta_only,random,,55,0.0013919123069079484,0.003927447436226609,72
meta_only,random,,56,0.0013408830029001404,0.00380944937782964,72
meta_only,random,,57,0.001327282313848929,0.0037892496468874648,72
meta_only,random,,58,0.0012888079080559754,0.003619020411108088,72
meta_only,random,,59,0.001275953129068003,0.0035736027572554735,72
meta_only,random,,60,0.0012670290004463936,0.003535480876842394,72
meta_only,random,,61,0.001238313152781995,0.0034349012481264224,72
meta_only,random,,62,0.0012101241851022904,0.003382366982375511,72
meta_only,random,,63,0.0011847778790244898,0.0033264604911070017,72
meta_only,random,,64,0.0011510649770662697,0.003183858726428094,72
meta_only,random,,65,0.0011161553316434776,0.003119017373576921,72
meta_only,random,,66,0.0010861922223455848,0.0030165777788868082,72
meta_only,random,,67,0.0010341047310454046,0.0028402910958588157,72
meta_only,random,,68,0.0009874154158168694,0.002698754833816919,72
meta_only,random,,69,0.0009811693609967764,0.002683796681968378,72
meta_only,random,,70,0.0009706034787678287,0.0026590289288477005,72
meta_only,random,,71,0.0009496676152437,0.002609415395729853,72
meta_only,random,,72,0.0009063350617829004,0.002524238206067929,72
meta_only,random,,73,0.0008941963404877924,0.0024879318215944276,72
meta_only,random,,74,0.0008747119991664061,0.0024059004247522064,72
meta_only,random,,75,0.0008515714109276591,0.002332759896688646,72
meta_only,random,,76,0.0008271010762724656,0.0022905981948547847,72
meta_only,random,,77,0.0007840640842149045,0.002187511015195295,72
meta_only,random,,78,0.0007728604704715166,0.0021463799008381527,72
meta_only,random,,79,0.000764443300671942,0.002133224828566656,72
meta_only,random,,80,0.0007401870617842203,0.002069534985783263,72
meta_only,random,,81,0.0007167423218748873,0.0020140826062539927,72
meta_only,random,,82,0.0006962118748033968,0.001961998074791836,72
meta_only,random,,83,0.000694134281113336,0.001957787841801502,72
meta_only,random,,84,0.0006720291785949185,0.0018920195164984475,72
meta_only,random,,85,0.0006628089075614873,0.0018729403249889791,72
meta_only,random,,86,0.0006535204428698791,0.0018519402672427807,72
meta_only,random,,87,0.0006252757545912601,0.0016868632552598907,72
meta_only,random,,88,0.0006089902008864917,0.0016430757598428411,72
meta_only,random,,89,0.0005587049827971777,0.0014356405426836534,72
meta_only,random,,90,0.000520103538505654,0.0013733912219478026,72
meta_only,random,,91,0.0004991303246878127,0.0013134917551429976,72
meta_only,random,,92,0.000467107124630195,0.0012171413022441253,72
meta_only,random,,93,0.0004576114019850085,0.0011989619778302865,72
meta_only,random,,94,0.0004387000938710127,0.0010619136947748295,72
meta_only,random,,95,0.00042472004338250924,0.0010375371502937087,72
meta_only,random,,96,0.00040886298197389414,0.0010044406503641192,72
meta_only,random,,97,0.0003922509023612251,0.00087074918785363,72
meta_only,random,,98,0.00038680620264700677,0.0008601728346598032,72
meta_only,random,,99,0.0003769703169733579,0.0008446087458229881,72
meta_only,random,,100,0.0003414665066341497,0.000762148241701029,72
meta_only,random,,101,0.0003378127513810279,0.0007560468955002673,72
meta_only,random,,102,0.00033213428238758347,0.0007367963639718251,72
meta_only,random,,103,0.00031751546467476355,0.0006948102655443641,72
meta_only,random,,104,0.00031552937506366133,0.0006918394360311201,72
meta_only,random,,105,0.0003077027278368029,0.000679128269602456,72
meta_only,random,,106,0.00030013416184977254,0.0006585793469096098,72
meta_only,random,,107,0.00028024325543359843,0.0006183091934749012,72
meta_only,random,,108,0.0002766710519506398,0.0006052242845566587,72
meta_only,random,,109,0.00027289456605852897,0.000590251710583085,72
meta_only,random,,110,0.0002678817419828623,0.0005786687567228724,72
meta_only,random,,111,0.00026410758739349015,0.0005694402561789725,72
meta_only,random,,112,0.00026344934621392197,0.000567020589125159,72
meta_only,random,,113,0.0002577730984420858,0.0005589290653612572,72
meta_only,random,,114,0.000254995320664308,0.0005556456400920163,72
meta_only,random,,115,0.000246194230800845,0.0005371083970259926,72
meta_only,random,,116,0.00024018658768366804,0.0005236240444665938,72
meta_only,random,,117,0.00022694425410901118,0.00047214353883850047,72
meta_only,random,,118,0.0002156232465428735,0.0004429929359826408,72
meta_only,random,,119,0.00021284546876509575,0.00043943396381380316,72
meta_only,random,,120,0.00020457396277864356,0.0004225126635181375,72
meta_only,random,,121,0.00020345950961763015,0.0004194220892225557,72
meta_only,random,,122,0.0001984372644114311,0.00041301777811224023,72
meta_only,random,,123,0.00019809004218920877,0.0004126249927929842,72
meta_only,random,,124,0.00019809004218920877,0.0004126249927929842,72
meta_only,random,,125,0.00018261258067907245,0.00037293975710876666,72
meta_only,random,,126,0.00018248622615861304,0.00037279839437198394,72
meta_only,random,,127,0.0001790546838273912,0.00036294120868838404,72
meta_only,random,,128,0.00017845688026114467,0.00036046164916896036,72
meta_only,random,,129,0.0001715366411363807,0.00034704183212803827,72
meta_only,random,,130,0.00016630731982142832,0.00033874154644222544,72
meta_only,random,,131,0.0001631823198214282,0.00033478978895413173,72
meta_only,random,,132,0.00016305596530096877,0.000334648426217349,72
meta_only,random,,133,0.00016305596530096877,0.000334648426217349,72
meta_only,random,,134,0.00016305596530096877,0.000334648426217349,72
meta_only,random,,135,0.00015928181071159678,0.0003254199256734492,72
meta_only,random,,136,0.00015606679013546507,0.00032165803810874473,72
meta_only,random,,137,0.000155479752607481,0.00032067286683452656,72
meta_only,random,,138,0.0001540507434047957,0.0003154797460716773,72
meta_only,random,,139,0.00014979047770431264,0.00030573451833021056,72
meta_only,random,,140,0.00014524517789246867,0.00028985935280715746,72
meta_only,random,,141,0.000140881946439274,0.00027628951017748526,72
meta_only,random,,142,0.00013810416866149612,0.0002708106585447873,72
meta_only,random,,143,0.000136295719587422,0.00026368815142228,72
meta_only,random,,144,0.00013594849736519964,0.00026329536610302396,72
meta_only,random,,145,0.00013594849736519964,0.00026329536610302396,72
meta_only,random,,146,0.0001344006594305235,0.00025978929320477607,72
meta_only,random,,147,0.00013427430491006408,0.00025964793046799335,72
meta_only,random,,148,0.00013050015032069207,0.00025041942992409355,72
meta_only,random,,149,0.00013050015032069207,0.00025041942992409355,72
meta_only,random,,150,0.00013015292809846974,0.00025002664460483753,72
meta_only,random,,151,0.00013015292809846974,0.00025002664460483753,72
meta_only,random,,152,0.00013015292809846974,0.00025002664460483753,72
meta_only,random,,153,0.0001296814790526826,0.00024768844782219613,72
meta_only,random,,154,0.00012931326884884137,0.0002470562730297444,72
meta_only,random,,155,0.00012374295542043966,0.00023727553489724564,72
meta_only,random,,156,0.00012168179730544671,0.00022987030230117294,72
meta_only,random,,157,0.00012168179730544671,0.00022987030230117294,72
meta_only,random,,158,0.00012168179730544671,0.00022987030230117294,72
meta_only,random,,159,0.00011877766500720956,0.0002242500879316926,72
meta_only,random,,160,0.00011781165123712179,0.0002211383536198168,72
meta_only,random,,161,0.00011395362654576369,0.00021662408854217138,72
meta_only,random,,162,0.00011395362654576369,0.00021662408854217138,72
meta_only,random,,163,0.0001135854163419225,0.00021599191374971962,72
meta_only,random,,164,0.00011104780060118173,0.00020809431583086187,72
meta_only,random,,165,0.00010851018486044094,0.00020019671791200416,72
meta_only,random,,166,0.00010484493245897523,0.00018981390823341962,72
meta_only,random,,167,0.00010484493245897523,0.00018981390823341962,72
meta_only,random,,168,0.00010484493245897523,0.00018981390823341962,72
meta_only,random,,169,0.00010484493245897523,0.00018981390823341962,72
meta_only,random,,170,0.00010484480385815219,0.000189813757757917,72
meta_only,random,,171,0.00010484480385815219,0.000189813757757917,72
meta_only,random,,172,0.00010420179974292581,0.00018906138024497605,72
meta_only,random,,173,0.00010420179974292581,0.00018906138024497605,72
meta_only,random,,174,0.0001021184664095924,0.00018495224152045256,72
meta_only,random,,175,0.0001021184664095924,0.00018495224152045256,72
meta_only,random,,176,0.00010031001733551827,0.00017782973439794524,72
meta_only,random,,177,9.358457912993292e-05,0.00016556966974749584,72
meta_only,random,,178,9.358457912993292e-05,0.00016556966974749584,72
meta_only,random,,179,9.177613005585879e-05,0.00015844716262498852,72
meta_only,random,,180,8.718237943692431e-05,0.00014643403213263247,72
meta_only,random,,181,8.718237943692431e-05,0.00014643403213263247,72
meta_only,random,,182,8.718237943692431e-05,0.00014643403213263247,72
meta_only,random,,183,8.718237943692431e-05,0.00014643403213263247,72
meta_only,random,,184,8.537393036285019e-05,0.00013931152501012514,72
meta_only,random,,185,8.47309262476238e-05,0.00013855914749718418,72
meta_only,random,,186,8.47309262476238e-05,0.00013855914749718418,72
meta_only,random,,187,8.47309262476238e-05,0.00013855914749718418,72
meta_only,random,,188,8.47309262476238e-05,0.00013855914749718418,72
meta_only,random,,189,8.47309262476238e-05,0.00013855914749718418,72
meta_only,random,,190,8.47309262476238e-05,0.00013855914749718418,72
meta_only,random,,191,8.47309262476238e-05,0.00013855914749718418,72
meta_only,random,,192,8.47309262476238e-05,0.00013855914749718418,72
meta_only,random,,193,8.47309262476238e-05,0.00013855914749718418,72
meta_only,random,,194,8.47309262476238e-05,0.00013855914749718418,72
meta_only,random,,195,8.47309262476238e-05,0.00013855914749718418,72
meta_only,random,,196,8.47309262476238e-05,0.00013855914749718418,72
meta_only,random,,197,8.47309262476238e-05,0.00013855914749718418,72
meta_only,random,,198,8.47309262476238e-05,0.00013855914749718418,72
meta_only,random,,199,8.47309262476238e-05,0.00013855914749718418,72
meta_only,random,,200,8.47309262476238e-05,0.00013855914749718418,72
meta_only,random,,201,7.972070772530368e-05,0.00012977621631453943,72
meta_only,random,,202,7.485216940088292e-05,0.00012077662375590012,72
meta_only,random,,203,7.299536607349136e-05,0.0001175163211998229,72
meta_only,random,,204,7.299536607349136e-05,0.0001175163211998229,72
meta_only,random,,205,7.299536607349136e-05,0.0001175163211998229,72
meta_only,random,,206,7.299536607349136e-05,0.0001175163211998229,72
meta_only,random,,207,7.299536607349136e-05,0.0001175163211998229,72
meta_only,random,,208,7.299536607349136e-05,0.0001175163211998229,72
meta_only,random,,209,7.299536607349136e-05,0.0001175163211998229,72
meta_only,random,,210,7.113856274609978e-05,0.00011425601864374567,72
meta_only,random,,211,7.113856274609978e-05,0.00011425601864374567,72
meta_only,random,,212,7.113856274609978e-05,0.00011425601864374567,72
meta_only,random,,213,7.113856274609978e-05,0.00011425601864374567,72
meta_only,random,,214,6.72805380547417e-05,0.00010974175356610025,72
meta_only,random,,215,6.406551747861e-05,0.00010597986600139577,72
meta_only,random,,216,6.406551747861e-05,0.00010597986600139577,72
meta_only,random,,217,6.406551747861e-05,0.00010597986600139577,72
meta_only,random,,218,6.406551747861e-05,0.00010597986600139577,72
meta_only,random,,219,6.406551747861e-05,0.00010597986600139577,72
meta_only,random,,220,6.0351910823826936e-05,9.945926088924147e-05,72
meta_only,random,,221,6.0351910823826936e-05,9.945926088924147e-05,72
meta_only,random,,222,6.0351910823826936e-05,9.945926088924147e-05,72
meta_only,random,,223,6.0351910823826936e-05,9.945926088924147e-05,72
meta_only,random,,224,5.5709902505348014e-05,9.130850449904843e-05,72
meta_only,random,,225,5.5709902505348014e-05,9.130850449904843e-05,72
meta_only,random,,226,5.5709902505348014e-05,9.130850449904843e-05,72
meta_only,random,,227,5.2924697514260655e-05,8.64180506649326e-05,72
meta_only,random,,228,5.2924697514260655e-05,8.64180506649326e-05,72
meta_only,random,,229,5.084136418092724e-05,8.23089119404091e-05,72
meta_only,random,,230,5.084136418092724e-05,8.23089119404091e-05,72
meta_only,random,,231,5.047315397708605e-05,8.167673714795738e-05,72
meta_only,random,,232,5.047315397708605e-05,8.167673714795738e-05,72
meta_only,random,,233,5.047315397708605e-05,8.167673714795738e-05,72
meta_only,random,,234,5.047315397708605e-05,8.167673714795738e-05,72
meta_only,random,,235,4.802161043991145e-05,7.693542363098215e-05,72
meta_only,random,,236,4.802161043991145e-05,7.693542363098215e-05,72
meta_only,random,,237,4.802161043991145e-05,7.693542363098215e-05,72
meta_only,random,,238,4.802161043991145e-05,7.693542363098215e-05,72
meta_only,random,,239,4.802161043991145e-05,7.693542363098215e-05,72
meta_only,random,,240,4.802161043991145e-05,7.693542363098215e-05,72
meta_only,random,,241,4.802161043991145e-05,7.693542363098215e-05,72
meta_only,random,,242,4.802161043991145e-05,7.693542363098215e-05,72
meta_only,random,,243,4.802161043991145e-05,7.693542363098215e-05,72
meta_only,random,,244,4.802161043991145e-05,7.693542363098215e-05,72
meta_only,random,,245,4.802161043991145e-05,7.693542363098215e-05,72
meta_only,random,,246,4.616480711251987e-05,7.367512107490495e-05,72
meta_only,random,,247,4.430800378512831e-05,7.041481851882772e-05,72
meta_only,random,,248,4.430800378512831e-05,7.041481851882772e-05,72
meta_only,random,,249,4.430800378512831e-05,7.041481851882772e-05,72
meta_only,random,,250,4.430800378512831e-05,7.041481851882772e-05,72
meta_only,random,,251,4.222467045179489e-05,6.630567979430422e-05,72
meta_only,random,,252,4.222467045179489e-05,6.630567979430422e-05,72
meta_only,random,,253,4.222467045179489e-05,6.630567979430422e-05,72
meta_only,random,,254,4.222467045179489e-05,6.630567979430422e-05,72
meta_only,random,,255,3.6654260469620256e-05,5.652477212607271e-05,72
meta_only,random,,256,3.479745714222869e-05,5.3264469569995494e-05,72
meta_only,random,,257,3.479745714222869e-05,5.3264469569995494e-05,72
meta_only,random,,258,3.479745714222869e-05,5.3264469569995494e-05,72
meta_only,random,,259,3.479745714222869e-05,5.3264469569995494e-05,72
meta_only,random,,260,3.479745714222869e-05,5.3264469569995494e-05,72
meta_only,random,,261,3.479745714222869e-05,5.3264469569995494e-05,72
meta_only,random,,262,3.479745714222869e-05,5.3264469569995494e-05,72
meta_only,random,,263,3.271412380889528e-05,4.9155330845471997e-05,72
meta_only,random,,264,3.271412380889528e-05,4.9155330845471997e-05,72
meta_only,random,,265,3.271412380889528e-05,4.9155330845471997e-05,72
meta_only,random,,266,3.271412380889528e-05,4.9155330845471997e-05,72
meta_only,random,,267,3.271412380889528e-05,4.9155330845471997e-05,72
meta_only,random,,268,3.271412380889528e-05,4.9155330845471997e-05,72
meta_only,random,,269,3.271412380889528e-05,4.9155330845471997e-05,72
meta_only,random,,270,3.271412380889528e-05,4.9155330845471997e-05,72
meta_only,random,,271,3.271412380889528e-05,4.9155330845471997e-05,72
meta_only,random,,272,3.271412380889528e-05,4.9155330845471997e-05,72
meta_only,random,,273,3.271412380889528e-05,4.9155330845471997e-05,72
meta_only,random,,274,3.271412380889528e-05,4.9155330845471997e-05,72
meta_only,random,,275,3.271412380889528e-05,4.9155330845471997e-05,72
meta_only,random,,276,3.271412380889528e-05,4.9155330845471997e-05,72
meta_only,random,,277,3.271412380889528e-05,4.9155330845471997e-05,72
meta_only,random,,278,3.271412380889528e-05,4.9155330845471997e-05,72
meta_only,random,,279,2.9499103232763575e-05,4.539344328076752e-05,72
meta_only,random,,280,2.9499103232763575e-05,4.539344328076752e-05,72
meta_only,random,,281,2.9499103232763575e-05,4.539344328076752e-05,72
meta_only,random,,282,2.9499103232763575e-05,4.539344328076752e-05,72
meta_only,random,,283,2.9499103232763575e-05,4.539344328076752e-05,72
meta_only,random,,284,2.9499103232763575e-05,4.539344328076752e-05,72
meta_only,random,,285,2.9499103232763575e-05,4.539344328076752e-05,72
meta_only,random,,286,2.9499103232763575e-05,4.539344328076752e-05,72
meta_only,random,,287,2.9499103232763575e-05,4.539344328076752e-05,72
meta_only,random,,288,2.564107854140549e-05,4.0879178203122085e-05,72
meta_only,random,,289,2.2855873550318135e-05,3.598872436900626e-05,72
meta_only,random,,290,2.2855873550318135e-05,3.598872436900626e-05,72
meta_only,random,,291,2.2855873550318135e-05,3.598872436900626e-05,72
meta_only,random,,292,2.2855873550318135e-05,3.598872436900626e-05,72
meta_only,random,,293,2.2855873550318135e-05,3.598872436900626e-05,72
meta_only,random,,294,2.2855873550318135e-05,3.598872436900626e-05,72
meta_only,random,,295,2.007066855923078e-05,3.1098270534890435e-05,72
meta_only,random,,296,1.435584054048112e-05,2.3323702901167786e-05,72
meta_only,random,,297,1.435584054048112e-05,2.3323702901167786e-05,72
meta_only,random,,298,1.435584054048112e-05,2.3323702901167786e-05,72
meta_only,random,,299,1.435584054048112e-05,2.3323702901167786e-05,72
meta_only,random,,300,1.114081996434942e-05,1.95618153364633e-05,72
meta_only,random,,301,1.114081996434942e-05,1.95618153364633e-05,72
meta_only,random,,302,1.114081996434942e-05,1.95618153364633e-05,72
meta_only,random,,303,1.114081996434942e-05,1.95618153364633e-05,72
meta_only,random,,304,9.284016636957851e-06,1.6301512780386083e-05,72
meta_only,random,,305,9.284016636957851e-06,1.6301512780386083e-05,72
meta_only,random,,306,9.284016636957851e-06,1.6301512780386083e-05,72
meta_only,random,,307,9.284016636957851e-06,1.6301512780386083e-05,72
meta_only,random,,308,9.284016636957851e-06,1.6301512780386083e-05,72
meta_only,random,,309,9.284016636957851e-06,1.6301512780386083e-05,72
meta_only,random,,310,9.284016636957851e-06,1.6301512780386083e-05,72
meta_only,random,,311,9.284016636957851e-06,1.6301512780386083e-05,72
meta_only,random,,312,9.284016636957851e-06,1.6301512780386083e-05,72
meta_only,random,,313,7.427213309566281e-06,1.3041210224308867e-05,72
meta_only,random,,314,7.427213309566281e-06,1.3041210224308867e-05,72
meta_only,random,,315,7.427213309566281e-06,1.3041210224308867e-05,72
meta_only,random,,316,7.427213309566281e-06,1.3041210224308867e-05,72
meta_only,random,,317,7.427213309566281e-06,1.3041210224308867e-05,72
meta_only,random,,318,7.427213309566281e-06,1.3041210224308867e-05,72
meta_only,random,,319,7.427213309566281e-06,1.3041210224308867e-05,72
meta_only,random,,320,7.427213309566281e-06,1.3041210224308867e-05,72
meta_only,random,,321,7.427213309566281e-06,1.3041210224308867e-05,72
meta_only,random,,322,7.427213309566281e-06,1.3041210224308867e-05,72
meta_only,random,,323,7.427213309566281e-06,1.3041210224308867e-05,72
meta_only,random,,324,7.427213309566281e-06,1.3041210224308867e-05,72
meta_only,random,,325,7.427213309566281e-06,1.3041210224308867e-05,72
meta_only,random,,326,7.427213309566281e-06,1.3041210224308867e-05,72
meta_only,random,,327,7.427213309566281e-06,1.3041210224308867e-05,72
meta_only,random,,328,7.427213309566281e-06,1.3041210224308867e-05,72
meta_only,random,,329,7.427213309566281e-06,1.3041210224308867e-05,72
meta_only,random,,330,7.427213309566281e-06,1.3041210224308867e-05,72
meta_only,random,,331,5.57040998217471e-06,9.78090766823165e-06,72
meta_only,random,,332,5.57040998217471e-06,9.78090766823165e-06,72
meta_only,random,,333,5.57040998217471e-06,9.78090766823165e-06,72
meta_only,random,,334,5.57040998217471e-06,9.78090766823165e-06,72
meta_only,random,,335,5.57040998217471e-06,9.78090766823165e-06,72
meta_only,random,,336,5.57040998217471e-06,9.78090766823165e-06,72
meta_only,random,,337,5.57040998217471e-06,9.78090766823165e-06,72
meta_only,random,,338,5.57040998217471e-06,9.78090766823165e-06,72
meta_only,random,,339,5.57040998217471e-06,9.78090766823165e-06,72
meta_only,random,,340,5.57040998217471e-06,9.78090766823165e-06,72
meta_only,random,,341,5.57040998217471e-06,9.78090766823165e-06,72
meta_only,random,,342,5.57040998217471e-06,9.78090766823165e-06,72
meta_only,random,,343,5.57040998217471e-06,9.78090766823165e-06,72
meta_only,random,,344,5.57040998217471e-06,9.78090766823165e-06,72
meta_only,random,,345,5.57040998217471e-06,9.78090766823165e-06,72
meta_only,random,,346,5.57040998217471e-06,9.78090766823165e-06,72
meta_only,random,,347,5.57040998217471e-06,9.78090766823165e-06,72
meta_only,random,,348,5.57040998217471e-06,9.78090766823165e-06,72
meta_only,random,,349,5.57040998217471e-06,9.78090766823165e-06,72
meta_only,random,,350,5.57040998217471e-06,9.78090766823165e-06,72
meta_only,random,,351,5.57040998217471e-06,9.78090766823165e-06,72
meta_only,random,,352,5.57040998217471e-06,9.78090766823165e-06,72
meta_only,random,,353,5.57040998217471e-06,9.78090766823165e-06,72
meta_only,random,,354,5.57040998217471e-06,9.78090766823165e-06,72
meta_only,random,,355,5.57040998217471e-06,9.78090766823165e-06,72
meta_only,random,,356,5.57040998217471e-06,9.78090766823165e-06,72
meta_only,random,,357,5.57040998217471e-06,9.78090766823165e-06,72
meta_only,random,,358,5.57040998217471e-06,9.78090766823165e-06,72
meta_only,random,,359,5.57040998217471e-06,9.78090766823165e-06,72
meta_only,random,,360,5.57040998217471e-06,9.78090766823165e-06,72
meta_only,random,,361,3.7136066547831405e-06,6.520605112154433e-06,72
meta_only,random,,362,3.7136066547831405e-06,6.520605112154433e-06,72
meta_only,random,,363,3.7136066547831405e-06,6.520605112154433e-06,72
meta_only,random,,364,3.7136066547831405e-06,6.520605112154433e-06,72
meta_only,random,,365,3.7136066547831405e-06,6.520605112154433e-06,72
meta_only,random,,366,3.7136066547831405e-06,6.520605112154433e-06,72
meta_only,random,,367,3.7136066547831405e-06,6.520605112154433e-06,72
meta_only,random,,368,3.7136066547831405e-06,6.520605112154433e-06,72
meta_only,random,,369,3.7136066547831405e-06,6.520605112154433e-06,72
meta_only,random,,370,3.7136066547831405e-06,6.520605112154433e-06,72
meta_only,random,,371,3.7136066547831405e-06,6.520605112154433e-06,72
meta_only,random,,372,3.7136066547831405e-06,6.520605112154433e-06,72
meta_only,random,,373,3.7136066547831405e-06,6.520605112154433e-06,72
meta_only,random,,374,3.7136066547831405e-06,6.520605112154433e-06,72
meta_only,random,,375,3.7136066547831405e-06,6.520605112154433e-06,72
meta_only,random,,376,3.7136066547831405e-06,6.520605112154433e-06,72
meta_only,random,,377,3.7136066547831405e-06,6.520605112154433e-06,72
meta_only,random,,378,3.7136066547831405e-06,6.520605112154433e-06,72
meta_only,random,,379,3.7136066547831405e-06,6.520605112154433e-06,72
meta_only,random,,380,3.7136066547831405e-06,6.520605112154433e-06,72
meta_only,random,,381,3.7136066547831405e-06,6.520605112154433e-06,72
meta_only,random,,382,3.7136066547831405e-06,6.520605112154433e-06,72
meta_only,random,,383,3.7136066547831405e-06,6.520605112154433e-06,72
meta_only,random,,384,3.7136066547831405e-06,6.520605112154433e-06,72
meta_only,random,,385,3.7136066547831405e-06,6.520605112154433e-06,72
meta_only,random,,386,3.7136066547831405e-06,6.520605112154433e-06,72
meta_only,random,,387,3.7136066547831405e-06,6.520605112154433e-06,72
meta_only,random,,388,3.7136066547831405e-06,6.520605112154433e-06,72
meta_only,random,,389,3.7136066547831405e-06,6.520605112154433e-06,72
meta_only,random,,390,3.7136066547831405e-06,6.520605112154433e-06,72
meta_only,random,,391,3.7136066547831405e-06,6.520605112154433e-06,72
meta_only,random,,392,3.7136066547831405e-06,6.520605112154433e-06,72
meta_only,random,,393,3.7136066547831405e-06,6.520605112154433e-06,72
meta_only,random,,394,3.7136066547831405e-06,6.520605112154433e-06,72
meta_only,random,,395,3.7136066547831405e-06,6.520605112154433e-06,72
meta_only,random,,396,3.7136066547831405e-06,6.520605112154433e-06,72
meta_only,random,,397,3.7136066547831405e-06,6.520605112154433e-06,72
meta_only,random,,398,3.7136066547831405e-06,6.520605112154433e-06,72
meta_only,random,,399,3.7136066547831405e-06,6.520605112154433e-06,72
meta_only,random,,400,3.7136066547831405e-06,6.520605112154433e-06,72
meta_only,random,,401,3.7136066547831405e-06,6.520605112154433e-06,72
meta_only,random,,402,3.7136066547831405e-06,6.520605112154433e-06,72
meta_only,random,,403,3.7136066547831405e-06,6.520605112154433e-06,72
meta_only,random,,404,3.7136066547831405e-06,6.520605112154433e-06,72
meta_only,random,,405,3.7136066547831405e-06,6.520605112154433e-06,72
meta_only,random,,406,3.7136066547831405e-06,6.520605112154433e-06,72
meta_only,random,,407,3.7136066547831405e-06,6.520605112154433e-06,72
meta_only,random,,408,3.7136066547831405e-06,6.520605112154433e-06,72
meta_only,random,,409,3.7136066547831405e-06,6.520605112154433e-06,72
meta_only,random,,410,3.7136066547831405e-06,6.520605112154433e-06,72
meta_only,random,,411,1.8568033273915703e-06,3.2603025560772167e-06,72
meta_only,random,,412,1.8568033273915703e-06,3.2603025560772167e-06,72
meta_only,random,,413,1.8568033273915703e-06,3.2603025560772167e-06,72
meta_only,random,,414,1.8568033273915703e-06,3.2603025560772167e-06,72
meta_only,random,,415,1.8568033273915703e-06,3.2603025560772167e-06,72
meta_only,random,,416,0.0,0.0,72
meta_only,random,,417,0.0,0.0,72
meta_only,random,,418,0.0,0.0,72
meta_only,random,,419,0.0,0.0,72
meta_only,random,,420,0.0,0.0,72
meta_only,random,,421,0.0,0.0,72
meta_only,random,,422,0.0,0.0,72
meta_only,random,,423,0.0,0.0,72
meta_only,random,,424,0.0,0.0,72
meta_only,random,,425,0.0,0.0,72
meta_only,random,,426,0.0,0.0,72
meta_only,random,,427,0.0,0.0,72
meta_only,random,,428,0.0,0.0,72
meta_only,random,,429,0.0,0.0,72
meta_only,random,,430,0.0,0.0,72
meta_only,random,,431,0.0,0.0,72
meta_only,random,,432,0.0,0.0,72
meta_only,random,,433,0.0,0.0,72
meta_only,random,,434,0.0,0.0,72
meta_only,random,,435,0.0,0.0,72
meta_only,random,,436,0.0,0.0,72
meta_only,random,,437,0.0,0.0,72
meta_only,random,,438,0.0,0.0,72
meta_only,random,,439,0.0,0.0,72
meta_only,random,,440,0.0,0.0,72
meta_only,random,,441,0.0,0.0,72
meta_only,random,,442,0.0,0.0,72
meta_only,random,,443,0.0,0.0,72
meta_only,random,,444,0.0,0.0,72
meta_only,random,,445,0.0,0.0,72
meta_only,random,,446,0.0,0.0,72
meta_only,random,,447,0.0,0.0,72
meta_only,random,,448,0.0,0.0,72
meta_only,random,,449,0.0,0.0,72
meta_only,random,,450,0.0,0.0,72
meta_only,random,,451,0.0,0.0,72
meta_only,random,,452,0.0,0.0,72
tfidf_only,model,extra_trees,1,0.039952483023644375,0.10296596674635462,72
tfidf_only,model,extra_trees,2,0.02147373651545041,0.061449185222126106,72
tfidf_only,model,extra_trees,3,0.01318168122932826,0.03494330453891533,72
tfidf_only,model,extra_trees,4,0.00976740225854845,0.02624652063717185,72
tfidf_only,model,extra_trees,5,0.0078786854204903,0.021956311116203824,72
tfidf_only,model,extra_trees,6,0.005185875128956599,0.01595098635206811,72
tfidf_only,model,extra_trees,7,0.004768348929633213,0.015089292820131587,72
tfidf_only,model,extra_trees,8,0.004374404303116797,0.014001080125166912,72
tfidf_only,model,extra_trees,9,0.0038676395273860883,0.009625390318527273,72
tfidf_only,model,extra_trees,10,0.002921733462027984,0.007258123384521007,72
tfidf_only,model,extra_trees,11,0.002551714243877549,0.006501253622725484,72
tfidf_only,model,extra_trees,12,0.002500113329069088,0.006189644287959881,72
tfidf_only,model,extra_trees,13,0.0021302636564715202,0.004768444740974152,72
tfidf_only,model,extra_trees,14,0.0019660193216472976,0.00444428649957553,72
tfidf_only,model,extra_trees,15,0.0018072517378176856,0.004145737141642231,72
tfidf_only,model,extra_trees,16,0.0017811063373509666,0.004109671363391693,72
tfidf_only,model,extra_trees,17,0.0017811063373509666,0.004109671363391693,72
tfidf_only,model,extra_trees,18,0.001688266170981388,0.003946656235587832,72
tfidf_only,model,extra_trees,19,0.0016045312053013377,0.003591861248988566,72
tfidf_only,model,extra_trees,20,0.0015632234501777925,0.0035177577183086364,72
tfidf_only,model,extra_trees,21,0.001556279005733346,0.003509902011923516,72
tfidf_only,model,extra_trees,22,0.0015324558687026613,0.0033763553552205814,72
tfidf_only,model,extra_trees,23,0.0014312653925121844,0.0032624753980930355,72
tfidf_only,model,extra_trees,24,0.0014312653925121844,0.0032624753980930355,72
tfidf_only,model,extra_trees,25,0.0014312653925121844,0.0032624753980930355,72
tfidf_only,model,extra_trees,26,0.0013950964110307018,0.003120025255642889,72
tfidf_only,model,extra_trees,27,0.0013687598178585836,0.00303000285592414,72
tfidf_only,model,extra_trees,28,0.0013687598178585836,0.00303000285592414,72
tfidf_only,model,extra_trees,29,0.001332590836377101,0.0028875527134739937,72
tfidf_only,model,extra_trees,30,0.0013145533183395823,0.002865115090067064,72
tfidf_only,model,extra_trees,31,0.0013145533183395823,0.002865115090067064,72
tfidf_only,model,extra_trees,32,0.0012730906476750277,0.002679794123399896,72
tfidf_only,model,extra_trees,33,0.0008349205051040371,0.0019275061203823792,72
tfidf_only,model,extra_trees,34,0.0008349205051040371,0.0019275061203823792,72
tfidf_only,model,extra_trees,35,0.0008349205051040371,0.0019275061203823792,72
tfidf_only,model,extra_trees,36,0.0005366702399926907,0.001415444538496507,72
tfidf_only,model,extra_trees,37,0.0005366702399926907,0.001415444538496507,72
tfidf_only,model,extra_trees,38,0.0005366702399926907,0.001415444538496507,72
tfidf_only,model,extra_trees,39,0.000527241259076949,0.0013686806028436868,72
tfidf_only,model,extra_trees,40,0.000527241259076949,0.0013686806028436868,72
tfidf_only,model,extra_trees,41,0.0004795949850155813,0.0011015872894378264,72
tfidf_only,model,extra_trees,42,0.00046486657686193374,0.0010763002977397572,72
tfidf_only,model,extra_trees,43,0.00046486657686193374,0.0010763002977397572,72
tfidf_only,model,extra_trees,44,0.00046486657686193374,0.0010763002977397572,72
tfidf_only,model,extra_trees,45,0.00046486657686193374,0.0010763002977397572,72
tfidf_only,model,extra_trees,46,0.0003815332435286019,0.0005421122635517322,72
tfidf_only,model,extra_trees,47,0.0003771793598643735,0.0005341484576910625,72
tfidf_only,model,extra_trees,48,0.0003771793598643735,0.0005341484576910625,72
tfidf_only,model,extra_trees,49,0.0003771793598643735,0.0005341484576910625,72
tfidf_only,model,extra_trees,50,0.0003771793598643735,0.0005341484576910625,72
tfidf_only,model,extra_trees,51,0.0003771793598643735,0.0005341484576910625,72
tfidf_only,model,extra_trees,52,0.0003771793598643735,0.0005341484576910625,72
tfidf_only,model,extra_trees,53,0.0003677503789486302,0.0004873845220382345,72
tfidf_only,model,extra_trees,54,0.0003677503789486302,0.0004873845220382345,72
tfidf_only,model,extra_trees,55,0.0003677503789486302,0.0004873845220382345,72
tfidf_only,model,extra_trees,56,0.0003677503789486302,0.0004873845220382345,72
tfidf_only,model,extra_trees,57,0.0003677503789486302,0.0004873845220382345,72
tfidf_only,model,extra_trees,58,0.0003677503789486302,0.0004873845220382345,72
tfidf_only,model,extra_trees,59,0.0003677503789486302,0.0004873845220382345,72
tfidf_only,model,extra_trees,60,0.0003677503789486302,0.0004873845220382345,72
tfidf_only,model,extra_trees,61,0.0003677503789486302,0.0004873845220382345,72
tfidf_only,model,extra_trees,62,0.0003537254070069921,0.0004733311594651356,72
tfidf_only,model,extra_trees,63,0.00028413241829635766,0.0003598372844893269,72
tfidf_only,model,extra_trees,64,0.0002816610857538525,0.0003570967776051756,72
tfidf_only,model,extra_trees,65,0.0002816610857538525,0.0003570967776051756,72
tfidf_only,model,extra_trees,66,0.0002816610857538525,0.0003570967776051756,72
tfidf_only,model,extra_trees,67,0.0002816610857538525,0.0003570967776051756,72
tfidf_only,model,extra_trees,68,0.0002816610857538525,0.0003570967776051756,72
tfidf_only,model,extra_trees,69,0.0002816610857538525,0.0003570967776051756,72
tfidf_only,model,extra_trees,70,0.0002261055301982969,0.0002859173342284227,72
tfidf_only,model,extra_trees,71,0.00022610468794700966,0.0002859160625349439,72
tfidf_only,model,extra_trees,72,0.00022610468794700966,0.0002859160625349439,72
tfidf_only,model,extra_trees,73,0.00022610468794700966,0.0002859160625349439,72
tfidf_only,model,extra_trees,74,0.00022610468794700966,0.0002859160625349439,72
tfidf_only,model,extra_trees,75,0.00022610468794700966,0.0002859160625349439,72
tfidf_only,model,extra_trees,76,0.00022610468794700966,0.0002859160625349439,72
tfidf_only,model,extra_trees,77,0.00022610468794700966,0.0002859160625349439,72
tfidf_only,model,extra_trees,78,0.00022610468794700966,0.0002859160625349439,72
tfidf_only,model,extra_trees,79,0.00012888246572478735,0.00017099617811151333,72
tfidf_only,model,extra_trees,80,0.00012888246572478735,0.00017099617811151333,72
tfidf_only,model,extra_trees,81,0.00012888246572478735,0.00017099617811151333,72
tfidf_only,model,extra_trees,82,0.00012888246572478735,0.00017099617811151333,72
tfidf_only,model,extra_trees,83,0.00012888246572478735,0.00017099617811151333,72
tfidf_only,model,extra_trees,84,0.00012888246572478735,0.00017099617811151333,72
tfidf_only,model,extra_trees,85,0.00012888246572478735,0.00017099617811151333,72
tfidf_only,model,extra_trees,86,0.00012888246572478735,0.00017099617811151333,72
tfidf_only,model,extra_trees,87,0.00012888246572478735,0.00017099617811151333,72
tfidf_only,model,extra_trees,88,0.00012888246572478735,0.00017099617811151333,72
tfidf_only,model,extra_trees,89,0.00012888246572478735,0.00017099617811151333,72
tfidf_only,model,extra_trees,90,0.00012888246572478735,0.00017099617811151333,72
tfidf_only,model,extra_trees,91,0.00012888246572478735,0.00017099617811151333,72
tfidf_only,model,extra_trees,92,0.00012888246572478735,0.00017099617811151333,72
tfidf_only,model,extra_trees,93,0.00012888246572478735,0.00017099617811151333,72
tfidf_only,model,extra_trees,94,0.00012888246572478735,0.00017099617811151333,72
tfidf_only,model,extra_trees,95,0.00012888246572478735,0.00017099617811151333,72
tfidf_only,model,extra_trees,96,0.00012888246572478735,0.00017099617811151333,72
tfidf_only,model,extra_trees,97,0.00012888246572478735,0.00017099617811151333,72
tfidf_only,model,extra_trees,98,0.00011429913239145408,0.0001554943621845048,72
tfidf_only,model,extra_trees,99,0.00011429913239145408,0.0001554943621845048,72
tfidf_only,model,extra_trees,100,0.00011429913239145408,0.0001554943621845048,72
tfidf_only,model,extra_trees,101,0.00011429913239145408,0.0001554943621845048,72
tfidf_only,model,extra_trees,102,0.00011429913239145408,0.0001554943621845048,72
tfidf_only,model,extra_trees,103,0.00011429913239145408,0.0001554943621845048,72
tfidf_only,model,extra_trees,104,0.00011429913239145408,0.0001554943621845048,72
tfidf_only,model,extra_trees,105,0.00011429913239145408,0.0001554943621845048,72
tfidf_only,model,extra_trees,106,0.00011429913239145408,0.0001554943621845048,72
tfidf_only,model,extra_trees,107,0.00011429913239145408,0.0001554943621845048,72
tfidf_only,model,extra_trees,108,0.00011429913239145408,0.0001554943621845048,72
tfidf_only,model,extra_trees,109,0.00011429913239145408,0.0001554943621845048,72
tfidf_only,model,extra_trees,110,0.00011429913239145408,0.0001554943621845048,72
tfidf_only,model,extra_trees,111,0.00011429913239145408,0.0001554943621845048,72
tfidf_only,model,extra_trees,112,0.00011429913239145408,0.0001554943621845048,72
tfidf_only,model,extra_trees,113,0.00011429913239145408,0.0001554943621845048,72
tfidf_only,model,extra_trees,114,0.00011429913239145408,0.0001554943621845048,72
tfidf_only,model,extra_trees,115,0.00011429913239145408,0.0001554943621845048,72
tfidf_only,model,extra_trees,116,0.00011429913239145408,0.0001554943621845048,72
tfidf_only,model,extra_trees,117,0.00011429913239145408,0.0001554943621845048,72
tfidf_only,model,extra_trees,118,0.00011429913239145408,0.0001554943621845048,72
tfidf_only,model,extra_trees,119,0.00011429913239145408,0.0001554943621845048,72
tfidf_only,model,extra_trees,120,0.00011429913239145408,0.0001554943621845048,72
tfidf_only,model,extra_trees,121,0.00011429913239145408,0.0001554943621845048,72
tfidf_only,model,extra_trees,122,0.00011429913239145408,0.0001554943621845048,72
tfidf_only,model,extra_trees,123,0.00011429913239145408,0.0001554943621845048,72
tfidf_only,model,extra_trees,124,0.00011429913239145408,0.0001554943621845048,72
tfidf_only,model,extra_trees,125,0.00011429913239145408,0.0001554943621845048,72
tfidf_only,model,extra_trees,126,0.00011429913239145408,0.0001554943621845048,72
tfidf_only,model,extra_trees,127,0.00011429913239145408,0.0001554943621845048,72
tfidf_only,model,extra_trees,128,0.00011429913239145408,0.0001554943621845048,72
tfidf_only,model,extra_trees,129,3.7136066547831405e-05,6.520605112154433e-05,72
tfidf_only,model,extra_trees,130,3.7136066547831405e-05,6.520605112154433e-05,72
tfidf_only,model,extra_trees,131,3.7136066547831405e-05,6.520605112154433e-05,72
tfidf_only,model,extra_trees,132,3.7136066547831405e-05,6.520605112154433e-05,72
tfidf_only,model,extra_trees,133,3.7136066547831405e-05,6.520605112154433e-05,72
tfidf_only,model,extra_trees,134,3.7136066547831405e-05,6.520605112154433e-05,72
tfidf_only,model,extra_trees,135,3.7136066547831405e-05,6.520605112154433e-05,72
tfidf_only,model,extra_trees,136,3.7136066547831405e-05,6.520605112154433e-05,72
tfidf_only,model,extra_trees,137,3.7136066547831405e-05,6.520605112154433e-05,72
tfidf_only,model,extra_trees,138,3.7136066547831405e-05,6.520605112154433e-05,72
tfidf_only,model,extra_trees,139,3.7136066547831405e-05,6.520605112154433e-05,72
tfidf_only,model,extra_trees,140,3.7136066547831405e-05,6.520605112154433e-05,72
tfidf_only,model,extra_trees,141,3.7136066547831405e-05,6.520605112154433e-05,72
tfidf_only,model,extra_trees,142,3.7136066547831405e-05,6.520605112154433e-05,72
tfidf_only,model,extra_trees,143,3.7136066547831405e-05,6.520605112154433e-05,72
tfidf_only,model,extra_trees,144,3.7136066547831405e-05,6.520605112154433e-05,72
tfidf_only,model,extra_trees,145,3.7136066547831405e-05,6.520605112154433e-05,72
tfidf_only,model,extra_trees,146,3.7136066547831405e-05,6.520605112154433e-05,72
tfidf_only,model,extra_trees,147,3.7136066547831405e-05,6.520605112154433e-05,72
tfidf_only,model,extra_trees,148,3.7136066547831405e-05,6.520605112154433e-05,72
tfidf_only,model,extra_trees,149,3.7136066547831405e-05,6.520605112154433e-05,72
tfidf_only,model,extra_trees,150,3.7136066547831405e-05,6.520605112154433e-05,72
tfidf_only,model,extra_trees,151,3.7136066547831405e-05,6.520605112154433e-05,72
tfidf_only,model,extra_trees,152,3.7136066547831405e-05,6.520605112154433e-05,72
tfidf_only,model,extra_trees,153,3.7136066547831405e-05,6.520605112154433e-05,72
tfidf_only,model,extra_trees,154,3.7136066547831405e-05,6.520605112154433e-05,72
tfidf_only,model,extra_trees,155,3.7136066547831405e-05,6.520605112154433e-05,72
tfidf_only,model,extra_trees,156,3.7136066547831405e-05,6.520605112154433e-05,72
tfidf_only,model,extra_trees,157,3.7136066547831405e-05,6.520605112154433e-05,72
tfidf_only,model,extra_trees,158,3.7136066547831405e-05,6.520605112154433e-05,72
tfidf_only,model,extra_trees,159,3.7136066547831405e-05,6.520605112154433e-05,72
tfidf_only,model,extra_trees,160,3.7136066547831405e-05,6.520605112154433e-05,72
tfidf_only,model,extra_trees,161,3.7136066547831405e-05,6.520605112154433e-05,72
tfidf_only,model,extra_trees,162,3.7136066547831405e-05,6.520605112154433e-05,72
tfidf_only,model,extra_trees,163,3.7136066547831405e-05,6.520605112154433e-05,72
tfidf_only,model,extra_trees,164,3.7136066547831405e-05,6.520605112154433e-05,72
tfidf_only,model,extra_trees,165,3.7136066547831405e-05,6.520605112154433e-05,72
tfidf_only,model,extra_trees,166,3.7136066547831405e-05,6.520605112154433e-05,72
tfidf_only,model,extra_trees,167,3.7136066547831405e-05,6.520605112154433e-05,72
tfidf_only,model,extra_trees,168,3.7136066547831405e-05,6.520605112154433e-05,72
tfidf_only,model,extra_trees,169,3.7136066547831405e-05,6.520605112154433e-05,72
tfidf_only,model,extra_trees,170,3.7136066547831405e-05,6.520605112154433e-05,72
tfidf_only,model,extra_trees,171,3.7136066547831405e-05,6.520605112154433e-05,72
tfidf_only,model,extra_trees,172,3.7136066547831405e-05,6.520605112154433e-05,72
tfidf_only,model,extra_trees,173,3.7136066547831405e-05,6.520605112154433e-05,72
tfidf_only,model,extra_trees,174,3.7136066547831405e-05,6.520605112154433e-05,72
tfidf_only,model,extra_trees,175,3.7136066547831405e-05,6.520605112154433e-05,72
tfidf_only,model,extra_trees,176,3.7136066547831405e-05,6.520605112154433e-05,72
tfidf_only,model,extra_trees,177,3.7136066547831405e-05,6.520605112154433e-05,72
tfidf_only,model,extra_trees,178,3.7136066547831405e-05,6.520605112154433e-05,72
tfidf_only,model,extra_trees,179,3.7136066547831405e-05,6.520605112154433e-05,72
tfidf_only,model,extra_trees,180,3.7136066547831405e-05,6.520605112154433e-05,72
tfidf_only,model,extra_trees,181,3.7136066547831405e-05,6.520605112154433e-05,72
tfidf_only,model,extra_trees,182,3.7136066547831405e-05,6.520605112154433e-05,72
tfidf_only,model,extra_trees,183,3.7136066547831405e-05,6.520605112154433e-05,72
tfidf_only,model,extra_trees,184,3.7136066547831405e-05,6.520605112154433e-05,72
tfidf_only,model,extra_trees,185,3.7136066547831405e-05,6.520605112154433e-05,72
tfidf_only,model,extra_trees,186,3.7136066547831405e-05,6.520605112154433e-05,72
tfidf_only,model,extra_trees,187,3.7136066547831405e-05,6.520605112154433e-05,72
tfidf_only,model,extra_trees,188,3.7136066547831405e-05,6.520605112154433e-05,72
tfidf_only,model,extra_trees,189,3.7136066547831405e-05,6.520605112154433e-05,72
tfidf_only,model,extra_trees,190,3.7136066547831405e-05,6.520605112154433e-05,72
tfidf_only,model,extra_trees,191,3.7136066547831405e-05,6.520605112154433e-05,72
tfidf_only,model,extra_trees,192,3.7136066547831405e-05,6.520605112154433e-05,72
tfidf_only,model,extra_trees,193,3.7136066547831405e-05,6.520605112154433e-05,72
tfidf_only,model,extra_trees,194,3.7136066547831405e-05,6.520605112154433e-05,72
tfidf_only,model,extra_trees,195,3.7136066547831405e-05,6.520605112154433e-05,72
tfidf_only,model,extra_trees,196,3.7136066547831405e-05,6.520605112154433e-05,72
tfidf_only,model,extra_trees,197,3.7136066547831405e-05,6.520605112154433e-05,72
tfidf_only,model,extra_trees,198,3.7136066547831405e-05,6.520605112154433e-05,72
tfidf_only,model,extra_trees,199,3.7136066547831405e-05,6.520605112154433e-05,72
tfidf_only,model,extra_trees,200,3.7136066547831405e-05,6.520605112154433e-05,72
tfidf_only,model,extra_trees,201,3.7136066547831405e-05,6.520605112154433e-05,72
tfidf_only,model,extra_trees,202,3.7136066547831405e-05,6.520605112154433e-05,72
tfidf_only,model,extra_trees,203,3.7136066547831405e-05,6.520605112154433e-05,72
tfidf_only,model,extra_trees,204,3.7136066547831405e-05,6.520605112154433e-05,72
tfidf_only,model,extra_trees,205,3.7136066547831405e-05,6.520605112154433e-05,72
tfidf_only,model,extra_trees,206,3.7136066547831405e-05,6.520605112154433e-05,72
tfidf_only,model,extra_trees,207,3.7136066547831405e-05,6.520605112154433e-05,72
tfidf_only,model,extra_trees,208,3.7136066547831405e-05,6.520605112154433e-05,72
tfidf_only,model,extra_trees,209,3.7136066547831405e-05,6.520605112154433e-05,72
tfidf_only,model,extra_trees,210,3.7136066547831405e-05,6.520605112154433e-05,72
tfidf_only,model,extra_trees,211,3.7136066547831405e-05,6.520605112154433e-05,72
tfidf_only,model,extra_trees,212,3.7136066547831405e-05,6.520605112154433e-05,72
tfidf_only,model,extra_trees,213,3.7136066547831405e-05,6.520605112154433e-05,72
tfidf_only,model,extra_trees,214,3.7136066547831405e-05,6.520605112154433e-05,72
tfidf_only,model,extra_trees,215,3.7136066547831405e-05,6.520605112154433e-05,72
tfidf_only,model,extra_trees,216,3.7136066547831405e-05,6.520605112154433e-05,72
tfidf_only,model,extra_trees,217,3.7136066547831405e-05,6.520605112154433e-05,72
tfidf_only,model,extra_trees,218,3.7136066547831405e-05,6.520605112154433e-05,72
tfidf_only,model,extra_trees,219,3.7136066547831405e-05,6.520605112154433e-05,72
tfidf_only,model,extra_trees,220,3.7136066547831405e-05,6.520605112154433e-05,72
tfidf_only,model,extra_trees,221,3.7136066547831405e-05,6.520605112154433e-05,72
tfidf_only,model,extra_trees,222,3.7136066547831405e-05,6.520605112154433e-05,72
tfidf_only,model,extra_trees,223,3.7136066547831405e-05,6.520605112154433e-05,72
tfidf_only,model,extra_trees,224,3.7136066547831405e-05,6.520605112154433e-05,72
tfidf_only,model,extra_trees,225,3.7136066547831405e-05,6.520605112154433e-05,72
tfidf_only,model,extra_trees,226,3.7136066547831405e-05,6.520605112154433e-05,72
tfidf_only,model,extra_trees,227,3.7136066547831405e-05,6.520605112154433e-05,72
tfidf_only,model,extra_trees,228,3.7136066547831405e-05,6.520605112154433e-05,72
tfidf_only,model,extra_trees,229,3.7136066547831405e-05,6.520605112154433e-05,72
tfidf_only,model,extra_trees,230,3.7136066547831405e-05,6.520605112154433e-05,72
tfidf_only,model,extra_trees,231,3.7136066547831405e-05,6.520605112154433e-05,72
tfidf_only,model,extra_trees,232,3.7136066547831405e-05,6.520605112154433e-05,72
tfidf_only,model,extra_trees,233,3.7136066547831405e-05,6.520605112154433e-05,72
tfidf_only,model,extra_trees,234,3.7136066547831405e-05,6.520605112154433e-05,72
tfidf_only,model,extra_trees,235,3.7136066547831405e-05,6.520605112154433e-05,72
tfidf_only,model,extra_trees,236,3.7136066547831405e-05,6.520605112154433e-05,72
tfidf_only,model,extra_trees,237,3.7136066547831405e-05,6.520605112154433e-05,72
tfidf_only,model,extra_trees,238,3.7136066547831405e-05,6.520605112154433e-05,72
tfidf_only,model,extra_trees,239,3.7136066547831405e-05,6.520605112154433e-05,72
tfidf_only,model,extra_trees,240,3.7136066547831405e-05,6.520605112154433e-05,72
tfidf_only,model,extra_trees,241,3.7136066547831405e-05,6.520605112154433e-05,72
tfidf_only,model,extra_trees,242,3.7136066547831405e-05,6.520605112154433e-05,72
tfidf_only,model,extra_trees,243,3.7136066547831405e-05,6.520605112154433e-05,72
tfidf_only,model,extra_trees,244,3.7136066547831405e-05,6.520605112154433e-05,72
tfidf_only,model,extra_trees,245,3.7136066547831405e-05,6.520605112154433e-05,72
tfidf_only,model,extra_trees,246,3.7136066547831405e-05,6.520605112154433e-05,72
tfidf_only,model,extra_trees,247,3.7136066547831405e-05,6.520605112154433e-05,72
tfidf_only,model,extra_trees,248,3.7136066547831405e-05,6.520605112154433e-05,72
tfidf_only,model,extra_trees,249,3.7136066547831405e-05,6.520605112154433e-05,72
tfidf_only,model,extra_trees,250,3.7136066547831405e-05,6.520605112154433e-05,72
tfidf_only,model,extra_trees,251,3.7136066547831405e-05,6.520605112154433e-05,72
tfidf_only,model,extra_trees,252,3.7136066547831405e-05,6.520605112154433e-05,72
tfidf_only,model,extra_trees,253,3.7136066547831405e-05,6.520605112154433e-05,72
tfidf_only,model,extra_trees,254,3.7136066547831405e-05,6.520605112154433e-05,72
tfidf_only,model,extra_trees,255,3.7136066547831405e-05,6.520605112154433e-05,72
tfidf_only,model,extra_trees,256,3.7136066547831405e-05,6.520605112154433e-05,72
tfidf_only,model,extra_trees,257,3.7136066547831405e-05,6.520605112154433e-05,72
tfidf_only,model,extra_trees,258,3.7136066547831405e-05,6.520605112154433e-05,72
tfidf_only,model,extra_trees,259,3.7136066547831405e-05,6.520605112154433e-05,72
tfidf_only,model,extra_trees,260,3.7136066547831405e-05,6.520605112154433e-05,72
tfidf_only,model,extra_trees,261,3.7136066547831405e-05,6.520605112154433e-05,72
tfidf_only,model,extra_trees,262,3.7136066547831405e-05,6.520605112154433e-05,72
tfidf_only,model,extra_trees,263,3.7136066547831405e-05,6.520605112154433e-05,72
tfidf_only,model,extra_trees,264,3.7136066547831405e-05,6.520605112154433e-05,72
tfidf_only,model,extra_trees,265,3.7136066547831405e-05,6.520605112154433e-05,72
tfidf_only,model,extra_trees,266,3.7136066547831405e-05,6.520605112154433e-05,72
tfidf_only,model,extra_trees,267,3.7136066547831405e-05,6.520605112154433e-05,72
tfidf_only,model,extra_trees,268,3.7136066547831405e-05,6.520605112154433e-05,72
tfidf_only,model,extra_trees,269,3.7136066547831405e-05,6.520605112154433e-05,72
tfidf_only,model,extra_trees,270,3.7136066547831405e-05,6.520605112154433e-05,72
tfidf_only,model,extra_trees,271,3.7136066547831405e-05,6.520605112154433e-05,72
tfidf_only,model,extra_trees,272,3.7136066547831405e-05,6.520605112154433e-05,72
tfidf_only,model,extra_trees,273,3.7136066547831405e-05,6.520605112154433e-05,72
tfidf_only,model,extra_trees,274,3.7136066547831405e-05,6.520605112154433e-05,72
tfidf_only,model,extra_trees,275,3.7136066547831405e-05,6.520605112154433e-05,72
tfidf_only,model,extra_trees,276,3.7136066547831405e-05,6.520605112154433e-05,72
tfidf_only,model,extra_trees,277,3.7136066547831405e-05,6.520605112154433e-05,72
tfidf_only,model,extra_trees,278,3.7136066547831405e-05,6.520605112154433e-05,72
tfidf_only,model,extra_trees,279,3.7136066547831405e-05,6.520605112154433e-05,72
tfidf_only,model,extra_trees,280,3.7136066547831405e-05,6.520605112154433e-05,72
tfidf_only,model,extra_trees,281,3.7136066547831405e-05,6.520605112154433e-05,72
tfidf_only,model,extra_trees,282,3.7136066547831405e-05,6.520605112154433e-05,72
tfidf_only,model,extra_trees,283,3.7136066547831405e-05,6.520605112154433e-05,72
tfidf_only,model,extra_trees,284,3.7136066547831405e-05,6.520605112154433e-05,72
tfidf_only,model,extra_trees,285,3.7136066547831405e-05,6.520605112154433e-05,72
tfidf_only,model,extra_trees,286,3.7136066547831405e-05,6.520605112154433e-05,72
tfidf_only,model,extra_trees,287,3.7136066547831405e-05,6.520605112154433e-05,72
tfidf_only,model,extra_trees,288,3.7136066547831405e-05,6.520605112154433e-05,72
tfidf_only,model,extra_trees,289,3.7136066547831405e-05,6.520605112154433e-05,72
tfidf_only,model,extra_trees,290,3.7136066547831405e-05,6.520605112154433e-05,72
tfidf_only,model,extra_trees,291,3.7136066547831405e-05,6.520605112154433e-05,72
tfidf_only,model,extra_trees,292,3.7136066547831405e-05,6.520605112154433e-05,72
tfidf_only,model,extra_trees,293,3.7136066547831405e-05,6.520605112154433e-05,72
tfidf_only,model,extra_trees,294,3.7136066547831405e-05,6.520605112154433e-05,72
tfidf_only,model,extra_trees,295,3.7136066547831405e-05,6.520605112154433e-05,72
tfidf_only,model,extra_trees,296,3.7136066547831405e-05,6.520605112154433e-05,72
tfidf_only,model,extra_trees,297,3.7136066547831405e-05,6.520605112154433e-05,72
tfidf_only,model,extra_trees,298,3.7136066547831405e-05,6.520605112154433e-05,72
tfidf_only,model,extra_trees,299,3.7136066547831405e-05,6.520605112154433e-05,72
tfidf_only,model,extra_trees,300,3.7136066547831405e-05,6.520605112154433e-05,72
tfidf_only,model,extra_trees,301,0.0,0.0,72
tfidf_only,model,extra_trees,302,0.0,0.0,72
tfidf_only,model,extra_trees,303,0.0,0.0,72
tfidf_only,model,extra_trees,304,0.0,0.0,72
tfidf_only,model,extra_trees,305,0.0,0.0,72
tfidf_only,model,extra_trees,306,0.0,0.0,72
tfidf_only,model,extra_trees,307,0.0,0.0,72
tfidf_only,model,extra_trees,308,0.0,0.0,72
tfidf_only,model,extra_trees,309,0.0,0.0,72
tfidf_only,model,extra_trees,310,0.0,0.0,72
tfidf_only,model,extra_trees,311,0.0,0.0,72
tfidf_only,model,extra_trees,312,0.0,0.0,72
tfidf_only,model,extra_trees,313,0.0,0.0,72
tfidf_only,model,extra_trees,314,0.0,0.0,72
tfidf_only,model,extra_trees,315,0.0,0.0,72
tfidf_only,model,extra_trees,316,0.0,0.0,72
tfidf_only,model,extra_trees,317,0.0,0.0,72
tfidf_only,model,extra_trees,318,0.0,0.0,72
tfidf_only,model,extra_trees,319,0.0,0.0,72
tfidf_only,model,extra_trees,320,0.0,0.0,72
tfidf_only,model,extra_trees,321,0.0,0.0,72
tfidf_only,model,extra_trees,322,0.0,0.0,72
tfidf_only,model,extra_trees,323,0.0,0.0,72
tfidf_only,model,extra_trees,324,0.0,0.0,72
tfidf_only,model,extra_trees,325,0.0,0.0,72
tfidf_only,model,extra_trees,326,0.0,0.0,72
tfidf_only,model,extra_trees,327,0.0,0.0,72
tfidf_only,model,extra_trees,328,0.0,0.0,72
tfidf_only,model,extra_trees,329,0.0,0.0,72
tfidf_only,model,extra_trees,330,0.0,0.0,72
tfidf_only,model,extra_trees,331,0.0,0.0,72
tfidf_only,model,extra_trees,332,0.0,0.0,72
tfidf_only,model,extra_trees,333,0.0,0.0,72
tfidf_only,model,extra_trees,334,0.0,0.0,72
tfidf_only,model,extra_trees,335,0.0,0.0,72
tfidf_only,model,extra_trees,336,0.0,0.0,72
tfidf_only,model,extra_trees,337,0.0,0.0,72
tfidf_only,model,extra_trees,338,0.0,0.0,72
tfidf_only,model,extra_trees,339,0.0,0.0,72
tfidf_only,model,extra_trees,340,0.0,0.0,72
tfidf_only,model,extra_trees,341,0.0,0.0,72
tfidf_only,model,extra_trees,342,0.0,0.0,72
tfidf_only,model,extra_trees,343,0.0,0.0,72
tfidf_only,model,extra_trees,344,0.0,0.0,72
tfidf_only,model,extra_trees,345,0.0,0.0,72
tfidf_only,model,extra_trees,346,0.0,0.0,72
tfidf_only,model,extra_trees,347,0.0,0.0,72
tfidf_only,model,extra_trees,348,0.0,0.0,72
tfidf_only,model,extra_trees,349,0.0,0.0,72
tfidf_only,model,extra_trees,350,0.0,0.0,72
tfidf_only,model,extra_trees,351,0.0,0.0,72
tfidf_only,model,extra_trees,352,0.0,0.0,72
tfidf_only,model,extra_trees,353,0.0,0.0,72
tfidf_only,model,extra_trees,354,0.0,0.0,72
tfidf_only,model,extra_trees,355,0.0,0.0,72
tfidf_only,model,extra_trees,356,0.0,0.0,72
tfidf_only,model,extra_trees,357,0.0,0.0,72
tfidf_only,model,extra_trees,358,0.0,0.0,72
tfidf_only,model,extra_trees,359,0.0,0.0,72
tfidf_only,model,extra_trees,360,0.0,0.0,72
tfidf_only,model,extra_trees,361,0.0,0.0,72
tfidf_only,model,extra_trees,362,0.0,0.0,72
tfidf_only,model,extra_trees,363,0.0,0.0,72
tfidf_only,model,extra_trees,364,0.0,0.0,72
tfidf_only,model,extra_trees,365,0.0,0.0,72
tfidf_only,model,extra_trees,366,0.0,0.0,72
tfidf_only,model,extra_trees,367,0.0,0.0,72
tfidf_only,model,extra_trees,368,0.0,0.0,72
tfidf_only,model,extra_trees,369,0.0,0.0,72
tfidf_only,model,extra_trees,370,0.0,0.0,72
tfidf_only,model,extra_trees,371,0.0,0.0,72
tfidf_only,model,extra_trees,372,0.0,0.0,72
tfidf_only,model,extra_trees,373,0.0,0.0,72
tfidf_only,model,extra_trees,374,0.0,0.0,72
tfidf_only,model,extra_trees,375,0.0,0.0,72
tfidf_only,model,extra_trees,376,0.0,0.0,72
tfidf_only,model,extra_trees,377,0.0,0.0,72
tfidf_only,model,extra_trees,378,0.0,0.0,72
tfidf_only,model,extra_trees,379,0.0,0.0,72
tfidf_only,model,extra_trees,380,0.0,0.0,72
tfidf_only,model,extra_trees,381,0.0,0.0,72
tfidf_only,model,extra_trees,382,0.0,0.0,72
tfidf_only,model,extra_trees,383,0.0,0.0,72
tfidf_only,model,extra_trees,384,0.0,0.0,72
tfidf_only,model,extra_trees,385,0.0,0.0,72
tfidf_only,model,extra_trees,386,0.0,0.0,72
tfidf_only,model,extra_trees,387,0.0,0.0,72
tfidf_only,model,extra_trees,388,0.0,0.0,72
tfidf_only,model,extra_trees,389,0.0,0.0,72
tfidf_only,model,extra_trees,390,0.0,0.0,72
tfidf_only,model,extra_trees,391,0.0,0.0,72
tfidf_only,model,extra_trees,392,0.0,0.0,72
tfidf_only,model,extra_trees,393,0.0,0.0,72
tfidf_only,model,extra_trees,394,0.0,0.0,72
tfidf_only,model,extra_trees,395,0.0,0.0,72
tfidf_only,model,extra_trees,396,0.0,0.0,72
tfidf_only,model,extra_trees,397,0.0,0.0,72
tfidf_only,model,extra_trees,398,0.0,0.0,72
tfidf_only,model,extra_trees,399,0.0,0.0,72
tfidf_only,model,extra_trees,400,0.0,0.0,72
tfidf_only,model,extra_trees,401,0.0,0.0,72
tfidf_only,model,extra_trees,402,0.0,0.0,72
tfidf_only,model,extra_trees,403,0.0,0.0,72
tfidf_only,model,extra_trees,404,0.0,0.0,72
tfidf_only,model,extra_trees,405,0.0,0.0,72
tfidf_only,model,extra_trees,406,0.0,0.0,72
tfidf_only,model,extra_trees,407,0.0,0.0,72
tfidf_only,model,extra_trees,408,0.0,0.0,72
tfidf_only,model,extra_trees,409,0.0,0.0,72
tfidf_only,model,extra_trees,410,0.0,0.0,72
tfidf_only,model,extra_trees,411,0.0,0.0,72
tfidf_only,model,extra_trees,412,0.0,0.0,72
tfidf_only,model,extra_trees,413,0.0,0.0,72
tfidf_only,model,extra_trees,414,0.0,0.0,72
tfidf_only,model,extra_trees,415,0.0,0.0,72
tfidf_only,model,extra_trees,416,0.0,0.0,72
tfidf_only,model,extra_trees,417,0.0,0.0,72
tfidf_only,model,extra_trees,418,0.0,0.0,72
tfidf_only,model,extra_trees,419,0.0,0.0,72
tfidf_only,model,extra_trees,420,0.0,0.0,72
tfidf_only,model,extra_trees,421,0.0,0.0,72
tfidf_only,model,extra_trees,422,0.0,0.0,72
tfidf_only,model,extra_trees,423,0.0,0.0,72
tfidf_only,model,extra_trees,424,0.0,0.0,72
tfidf_only,model,extra_trees,425,0.0,0.0,72
tfidf_only,model,extra_trees,426,0.0,0.0,72
tfidf_only,model,extra_trees,427,0.0,0.0,72
tfidf_only,model,extra_trees,428,0.0,0.0,72
tfidf_only,model,extra_trees,429,0.0,0.0,72
tfidf_only,model,extra_trees,430,0.0,0.0,72
tfidf_only,model,extra_trees,431,0.0,0.0,72
tfidf_only,model,extra_trees,432,0.0,0.0,72
tfidf_only,model,extra_trees,433,0.0,0.0,72
tfidf_only,model,extra_trees,434,0.0,0.0,72
tfidf_only,model,extra_trees,435,0.0,0.0,72
tfidf_only,model,extra_trees,436,0.0,0.0,72
tfidf_only,model,extra_trees,437,0.0,0.0,72
tfidf_only,model,extra_trees,438,0.0,0.0,72
tfidf_only,model,extra_trees,439,0.0,0.0,72
tfidf_only,model,extra_trees,440,0.0,0.0,72
tfidf_only,model,extra_trees,441,0.0,0.0,72
tfidf_only,model,extra_trees,442,0.0,0.0,72
tfidf_only,model,extra_trees,443,0.0,0.0,72
tfidf_only,model,extra_trees,444,0.0,0.0,72
tfidf_only,model,extra_trees,445,0.0,0.0,72
tfidf_only,model,extra_trees,446,0.0,0.0,72
tfidf_only,model,extra_trees,447,0.0,0.0,72
tfidf_only,model,extra_trees,448,0.0,0.0,72
tfidf_only,model,extra_trees,449,0.0,0.0,72
tfidf_only,model,extra_trees,450,0.0,0.0,72
tfidf_only,model,extra_trees,451,0.0,0.0,72
tfidf_only,model,extra_trees,452,0.0,0.0,72
tfidf_only,global_default,,1,0.0360121257091275,0.09458661864357781,72
tfidf_only,global_default,,2,0.017112565193282483,0.05234838578932467,72
tfidf_only,global_default,,3,0.008998916769875498,0.02573861199201796,72
tfidf_only,global_default,,4,0.00664143203001943,0.020464836154834642,72
tfidf_only,global_default,,5,0.004863231875964684,0.015769144775834562,72
tfidf_only,global_default,,6,0.0038461413367545175,0.01336811707245806,72
tfidf_only,global_default,,7,0.0033402625235658314,0.012237955707910147,72
tfidf_only,global_default,,8,0.0026092634830223163,0.010598929794926017,72
tfidf_only,global_default,,9,0.0020774511168698043,0.0060952317957620504,72
tfidf_only,global_default,,10,0.0020774511168698043,0.0060952317957620504,72
tfidf_only,global_default,,11,0.001538764005760068,0.004482674564570527,72
tfidf_only,global_default,,12,0.0013033405618706304,0.003814649665661677,72
tfidf_only,global_default,,13,0.0011955979334777368,0.0032388781318063004,72
tfidf_only,global_default,,14,0.0010206012967441406,0.0028803090835914703,72
tfidf_only,global_default,,15,0.0008159374222378122,0.002113629757440213,72
tfidf_only,global_default,,16,0.0007930441342129468,0.0020582745480345888,72
tfidf_only,global_default,,17,0.0007766209559684489,0.0020325433137353883,72
tfidf_only,global_default,,18,0.0007671904004128935,0.0019857715685053113,72
tfidf_only,global_default,,19,0.0006928859902883987,0.0016777483271361226,72
tfidf_only,global_default,,20,0.0006834702133014468,0.0016671521138668507,72
tfidf_only,global_default,,21,0.0006421624581779016,0.0015930485831869212,72
tfidf_only,global_default,,22,0.000618339321147217,0.0014595019264839865,72
tfidf_only,global_default,,23,0.0004904458026286964,0.0011034221982069408,72
tfidf_only,global_default,,24,0.0004904458026286964,0.0011034221982069408,72
tfidf_only,global_default,,25,0.0004904458026286964,0.0011034221982069408,72
tfidf_only,global_default,,26,0.0004625319417981709,0.0010736840373403497,72
tfidf_only,global_default,,27,0.0004625319417981709,0.0010736840373403497,72
tfidf_only,global_default,,28,0.0004625319417981709,0.0010736840373403497,72
tfidf_only,global_default,,29,0.00043619534862605273,0.0009836616376216012,72
tfidf_only,global_default,,30,0.00041815783058853393,0.0009612240142146716,72
tfidf_only,global_default,,31,0.00037669515992397936,0.0007759030475475035,72
tfidf_only,global_default,,32,0.00037669515992397936,0.0007759030475475035,72
tfidf_only,global_default,,33,0.000279472937701757,0.0006609831631240729,72
tfidf_only,global_default,,34,0.000279472937701757,0.0006609831631240729,72
tfidf_only,global_default,,35,0.000279472937701757,0.0006609831631240729,72
tfidf_only,global_default,,36,0.000279472937701757,0.0006609831631240729,72
tfidf_only,global_default,,37,0.000279472937701757,0.0006609831631240729,72
tfidf_only,global_default,,38,0.000279472937701757,0.0006609831631240729,72
tfidf_only,global_default,,39,0.00022376883788000992,0.0005631740864417564,72
tfidf_only,global_default,,40,0.00010799502835619972,0.00043379231338720145,72
tfidf_only,global_default,,41,5.0919773379090286e-05,0.00011993506432852074,72
tfidf_only,global_default,,42,5.0919773379090286e-05,0.00011993506432852074,72
tfidf_only,global_default,,43,5.0919773379090286e-05,0.00011993506432852074,72
tfidf_only,global_default,,44,5.0919773379090286e-05,0.00011993506432852074,72
tfidf_only,global_default,,45,5.0919773379090286e-05,0.00011993506432852074,72
tfidf_only,global_default,,46,5.0919773379090286e-05,0.00011993506432852074,72
tfidf_only,global_default,,47,5.0919773379090286e-05,0.00011993506432852074,72
tfidf_only,global_default,,48,5.0919773379090286e-05,0.00011993506432852074,72
tfidf_only,global_default,,49,5.0919773379090286e-05,0.00011993506432852074,72
tfidf_only,global_default,,50,5.0919773379090286e-05,0.00011993506432852074,72
tfidf_only,global_default,,51,4.1490792463346996e-05,7.31711286756929e-05,72
tfidf_only,global_default,,52,4.1490792463346996e-05,7.31711286756929e-05,72
tfidf_only,global_default,,53,4.1490792463346996e-05,7.31711286756929e-05,72
tfidf_only,global_default,,54,4.1490792463346996e-05,7.31711286756929e-05,72
tfidf_only,global_default,,55,4.1490792463346996e-05,7.31711286756929e-05,72
tfidf_only,global_default,,56,4.1490792463346996e-05,7.31711286756929e-05,72
tfidf_only,global_default,,57,4.1490792463346996e-05,7.31711286756929e-05,72
tfidf_only,global_default,,58,4.1490792463346996e-05,7.31711286756929e-05,72
tfidf_only,global_default,,59,4.1490792463346996e-05,7.31711286756929e-05,72
tfidf_only,global_default,,60,4.1490792463346996e-05,7.31711286756929e-05,72
tfidf_only,global_default,,61,4.1490792463346996e-05,7.31711286756929e-05,72
tfidf_only,global_default,,62,4.1490792463346996e-05,7.31711286756929e-05,72
tfidf_only,global_default,,63,4.1490792463346996e-05,7.31711286756929e-05,72
tfidf_only,global_default,,64,4.1490792463346996e-05,7.31711286756929e-05,72
tfidf_only,global_default,,65,4.1490792463346996e-05,7.31711286756929e-05,72
tfidf_only,global_default,,66,4.1490792463346996e-05,7.31711286756929e-05,72
tfidf_only,global_default,,67,4.1490792463346996e-05,7.31711286756929e-05,72
tfidf_only,global_default,,68,4.1490792463346996e-05,7.31711286756929e-05,72
tfidf_only,global_default,,69,4.1490792463346996e-05,7.31711286756929e-05,72
tfidf_only,global_default,,70,4.1490792463346996e-05,7.31711286756929e-05,72
tfidf_only,global_default,,71,4.1490792463346996e-05,7.31711286756929e-05,72
tfidf_only,global_default,,72,4.1490792463346996e-05,7.31711286756929e-05,72
tfidf_only,global_default,,73,4.1490792463346996e-05,7.31711286756929e-05,72
tfidf_only,global_default,,74,4.1490792463346996e-05,7.31711286756929e-05,72
tfidf_only,global_default,,75,4.1490792463346996e-05,7.31711286756929e-05,72
tfidf_only,global_default,,76,4.1490792463346996e-05,7.31711286756929e-05,72
tfidf_only,global_default,,77,4.1490792463346996e-05,7.31711286756929e-05,72
tfidf_only,global_default,,78,4.1490792463346996e-05,7.31711286756929e-05,72
tfidf_only,global_default,,79,4.1490792463346996e-05,7.31711286756929e-05,72
tfidf_only,global_default,,80,4.1490792463346996e-05,7.31711286756929e-05,72
tfidf_only,global_default,,81,4.1490792463346996e-05,7.31711286756929e-05,72
tfidf_only,global_default,,82,4.1490792463346996e-05,7.31711286756929e-05,72
tfidf_only,global_default,,83,3.7136066547831405e-05,6.520605112154433e-05,72
tfidf_only,global_default,,84,3.7136066547831405e-05,6.520605112154433e-05,72
tfidf_only,global_default,,85,3.7136066547831405e-05,6.520605112154433e-05,72
tfidf_only,global_default,,86,3.7136066547831405e-05,6.520605112154433e-05,72
tfidf_only,global_default,,87,3.7136066547831405e-05,6.520605112154433e-05,72
tfidf_only,global_default,,88,3.7136066547831405e-05,6.520605112154433e-05,72
tfidf_only,global_default,,89,3.7136066547831405e-05,6.520605112154433e-05,72
tfidf_only,global_default,,90,3.7136066547831405e-05,6.520605112154433e-05,72
tfidf_only,global_default,,91,3.7136066547831405e-05,6.520605112154433e-05,72
tfidf_only,global_default,,92,3.7136066547831405e-05,6.520605112154433e-05,72
tfidf_only,global_default,,93,3.7136066547831405e-05,6.520605112154433e-05,72
tfidf_only,global_default,,94,3.7136066547831405e-05,6.520605112154433e-05,72
tfidf_only,global_default,,95,3.7136066547831405e-05,6.520605112154433e-05,72
tfidf_only,global_default,,96,3.7136066547831405e-05,6.520605112154433e-05,72
tfidf_only,global_default,,97,3.7136066547831405e-05,6.520605112154433e-05,72
tfidf_only,global_default,,98,3.7136066547831405e-05,6.520605112154433e-05,72
tfidf_only,global_default,,99,3.7136066547831405e-05,6.520605112154433e-05,72
tfidf_only,global_default,,100,3.7136066547831405e-05,6.520605112154433e-05,72
tfidf_only,global_default,,101,3.7136066547831405e-05,6.520605112154433e-05,72
tfidf_only,global_default,,102,3.7136066547831405e-05,6.520605112154433e-05,72
tfidf_only,global_default,,103,3.7136066547831405e-05,6.520605112154433e-05,72
tfidf_only,global_default,,104,3.7136066547831405e-05,6.520605112154433e-05,72
tfidf_only,global_default,,105,3.7136066547831405e-05,6.520605112154433e-05,72
tfidf_only,global_default,,106,3.7136066547831405e-05,6.520605112154433e-05,72
tfidf_only,global_default,,107,3.7136066547831405e-05,6.520605112154433e-05,72
tfidf_only,global_default,,108,3.7136066547831405e-05,6.520605112154433e-05,72
tfidf_only,global_default,,109,3.7136066547831405e-05,6.520605112154433e-05,72
tfidf_only,global_default,,110,3.7136066547831405e-05,6.520605112154433e-05,72
tfidf_only,global_default,,111,3.7136066547831405e-05,6.520605112154433e-05,72
tfidf_only,global_default,,112,3.7136066547831405e-05,6.520605112154433e-05,72
tfidf_only,global_default,,113,3.7136066547831405e-05,6.520605112154433e-05,72
tfidf_only,global_default,,114,3.7136066547831405e-05,6.520605112154433e-05,72
tfidf_only,global_default,,115,3.7136066547831405e-05,6.520605112154433e-05,72
tfidf_only,global_default,,116,3.7136066547831405e-05,6.520605112154433e-05,72
tfidf_only,global_default,,117,3.7136066547831405e-05,6.520605112154433e-05,72
tfidf_only,global_default,,118,3.7136066547831405e-05,6.520605112154433e-05,72
tfidf_only,global_default,,119,3.7136066547831405e-05,6.520605112154433e-05,72
tfidf_only,global_default,,120,3.7136066547831405e-05,6.520605112154433e-05,72
tfidf_only,global_default,,121,3.7136066547831405e-05,6.520605112154433e-05,72
tfidf_only,global_default,,122,3.7136066547831405e-05,6.520605112154433e-05,72
tfidf_only,global_default,,123,3.7136066547831405e-05,6.520605112154433e-05,72
tfidf_only,global_default,,124,3.7136066547831405e-05,6.520605112154433e-05,72
tfidf_only,global_default,,125,3.7136066547831405e-05,6.520605112154433e-05,72
tfidf_only,global_default,,126,3.7136066547831405e-05,6.520605112154433e-05,72
tfidf_only,global_default,,127,3.7136066547831405e-05,6.520605112154433e-05,72
tfidf_only,global_default,,128,3.7136066547831405e-05,6.520605112154433e-05,72
tfidf_only,global_default,,129,3.7136066547831405e-05,6.520605112154433e-05,72
tfidf_only,global_default,,130,3.7136066547831405e-05,6.520605112154433e-05,72
tfidf_only,global_default,,131,3.7136066547831405e-05,6.520605112154433e-05,72
tfidf_only,global_default,,132,3.7136066547831405e-05,6.520605112154433e-05,72
tfidf_only,global_default,,133,3.7136066547831405e-05,6.520605112154433e-05,72
tfidf_only,global_default,,134,3.7136066547831405e-05,6.520605112154433e-05,72
tfidf_only,global_default,,135,3.7136066547831405e-05,6.520605112154433e-05,72
tfidf_only,global_default,,136,3.7136066547831405e-05,6.520605112154433e-05,72
tfidf_only,global_default,,137,3.7136066547831405e-05,6.520605112154433e-05,72
tfidf_only,global_default,,138,3.7136066547831405e-05,6.520605112154433e-05,72
tfidf_only,global_default,,139,3.7136066547831405e-05,6.520605112154433e-05,72
tfidf_only,global_default,,140,3.7136066547831405e-05,6.520605112154433e-05,72
tfidf_only,global_default,,141,3.7136066547831405e-05,6.520605112154433e-05,72
tfidf_only,global_default,,142,3.7136066547831405e-05,6.520605112154433e-05,72
tfidf_only,global_default,,143,3.7136066547831405e-05,6.520605112154433e-05,72
tfidf_only,global_default,,144,3.7136066547831405e-05,6.520605112154433e-05,72
tfidf_only,global_default,,145,3.7136066547831405e-05,6.520605112154433e-05,72
tfidf_only,global_default,,146,3.7136066547831405e-05,6.520605112154433e-05,72
tfidf_only,global_default,,147,3.7136066547831405e-05,6.520605112154433e-05,72
tfidf_only,global_default,,148,3.7136066547831405e-05,6.520605112154433e-05,72
tfidf_only,global_default,,149,3.7136066547831405e-05,6.520605112154433e-05,72
tfidf_only,global_default,,150,3.7136066547831405e-05,6.520605112154433e-05,72
tfidf_only,global_default,,151,3.7136066547831405e-05,6.520605112154433e-05,72
tfidf_only,global_default,,152,3.7136066547831405e-05,6.520605112154433e-05,72
tfidf_only,global_default,,153,3.7136066547831405e-05,6.520605112154433e-05,72
tfidf_only,global_default,,154,3.7136066547831405e-05,6.520605112154433e-05,72
tfidf_only,global_default,,155,3.7136066547831405e-05,6.520605112154433e-05,72
tfidf_only,global_default,,156,3.7136066547831405e-05,6.520605112154433e-05,72
tfidf_only,global_default,,157,3.7136066547831405e-05,6.520605112154433e-05,72
tfidf_only,global_default,,158,3.7136066547831405e-05,6.520605112154433e-05,72
tfidf_only,global_default,,159,3.7136066547831405e-05,6.520605112154433e-05,72
tfidf_only,global_default,,160,3.7136066547831405e-05,6.520605112154433e-05,72
tfidf_only,global_default,,161,3.7136066547831405e-05,6.520605112154433e-05,72
tfidf_only,global_default,,162,3.7136066547831405e-05,6.520605112154433e-05,72
tfidf_only,global_default,,163,3.7136066547831405e-05,6.520605112154433e-05,72
tfidf_only,global_default,,164,3.7136066547831405e-05,6.520605112154433e-05,72
tfidf_only,global_default,,165,3.7136066547831405e-05,6.520605112154433e-05,72
tfidf_only,global_default,,166,3.7136066547831405e-05,6.520605112154433e-05,72
tfidf_only,global_default,,167,3.7136066547831405e-05,6.520605112154433e-05,72
tfidf_only,global_default,,168,3.7136066547831405e-05,6.520605112154433e-05,72
tfidf_only,global_default,,169,3.7136066547831405e-05,6.520605112154433e-05,72
tfidf_only,global_default,,170,3.7136066547831405e-05,6.520605112154433e-05,72
tfidf_only,global_default,,171,3.7136066547831405e-05,6.520605112154433e-05,72
tfidf_only,global_default,,172,3.7136066547831405e-05,6.520605112154433e-05,72
tfidf_only,global_default,,173,3.7136066547831405e-05,6.520605112154433e-05,72
tfidf_only,global_default,,174,3.7136066547831405e-05,6.520605112154433e-05,72
tfidf_only,global_default,,175,3.7136066547831405e-05,6.520605112154433e-05,72
tfidf_only,global_default,,176,3.7136066547831405e-05,6.520605112154433e-05,72
tfidf_only,global_default,,177,3.7136066547831405e-05,6.520605112154433e-05,72
tfidf_only,global_default,,178,3.7136066547831405e-05,6.520605112154433e-05,72
tfidf_only,global_default,,179,3.7136066547831405e-05,6.520605112154433e-05,72
tfidf_only,global_default,,180,3.7136066547831405e-05,6.520605112154433e-05,72
tfidf_only,global_default,,181,3.7136066547831405e-05,6.520605112154433e-05,72
tfidf_only,global_default,,182,3.7136066547831405e-05,6.520605112154433e-05,72
tfidf_only,global_default,,183,3.7136066547831405e-05,6.520605112154433e-05,72
tfidf_only,global_default,,184,3.7136066547831405e-05,6.520605112154433e-05,72
tfidf_only,global_default,,185,3.7136066547831405e-05,6.520605112154433e-05,72
tfidf_only,global_default,,186,3.7136066547831405e-05,6.520605112154433e-05,72
tfidf_only,global_default,,187,3.7136066547831405e-05,6.520605112154433e-05,72
tfidf_only,global_default,,188,3.7136066547831405e-05,6.520605112154433e-05,72
tfidf_only,global_default,,189,3.7136066547831405e-05,6.520605112154433e-05,72
tfidf_only,global_default,,190,3.7136066547831405e-05,6.520605112154433e-05,72
tfidf_only,global_default,,191,3.7136066547831405e-05,6.520605112154433e-05,72
tfidf_only,global_default,,192,3.7136066547831405e-05,6.520605112154433e-05,72
tfidf_only,global_default,,193,3.7136066547831405e-05,6.520605112154433e-05,72
tfidf_only,global_default,,194,3.7136066547831405e-05,6.520605112154433e-05,72
tfidf_only,global_default,,195,3.7136066547831405e-05,6.520605112154433e-05,72
tfidf_only,global_default,,196,3.7136066547831405e-05,6.520605112154433e-05,72
tfidf_only,global_default,,197,3.7136066547831405e-05,6.520605112154433e-05,72
tfidf_only,global_default,,198,3.7136066547831405e-05,6.520605112154433e-05,72
tfidf_only,global_default,,199,3.7136066547831405e-05,6.520605112154433e-05,72
tfidf_only,global_default,,200,3.7136066547831405e-05,6.520605112154433e-05,72
tfidf_only,global_default,,201,3.7136066547831405e-05,6.520605112154433e-05,72
tfidf_only,global_default,,202,3.7136066547831405e-05,6.520605112154433e-05,72
tfidf_only,global_default,,203,3.7136066547831405e-05,6.520605112154433e-05,72
tfidf_only,global_default,,204,3.7136066547831405e-05,6.520605112154433e-05,72
tfidf_only,global_default,,205,3.7136066547831405e-05,6.520605112154433e-05,72
tfidf_only,global_default,,206,3.7136066547831405e-05,6.520605112154433e-05,72
tfidf_only,global_default,,207,3.7136066547831405e-05,6.520605112154433e-05,72
tfidf_only,global_default,,208,3.7136066547831405e-05,6.520605112154433e-05,72
tfidf_only,global_default,,209,3.7136066547831405e-05,6.520605112154433e-05,72
tfidf_only,global_default,,210,3.7136066547831405e-05,6.520605112154433e-05,72
tfidf_only,global_default,,211,3.7136066547831405e-05,6.520605112154433e-05,72
tfidf_only,global_default,,212,3.7136066547831405e-05,6.520605112154433e-05,72
tfidf_only,global_default,,213,3.7136066547831405e-05,6.520605112154433e-05,72
tfidf_only,global_default,,214,3.7136066547831405e-05,6.520605112154433e-05,72
tfidf_only,global_default,,215,3.7136066547831405e-05,6.520605112154433e-05,72
tfidf_only,global_default,,216,3.7136066547831405e-05,6.520605112154433e-05,72
tfidf_only,global_default,,217,3.7136066547831405e-05,6.520605112154433e-05,72
tfidf_only,global_default,,218,3.7136066547831405e-05,6.520605112154433e-05,72
tfidf_only,global_default,,219,3.7136066547831405e-05,6.520605112154433e-05,72
tfidf_only,global_default,,220,3.7136066547831405e-05,6.520605112154433e-05,72
tfidf_only,global_default,,221,3.7136066547831405e-05,6.520605112154433e-05,72
tfidf_only,global_default,,222,3.7136066547831405e-05,6.520605112154433e-05,72
tfidf_only,global_default,,223,3.7136066547831405e-05,6.520605112154433e-05,72
tfidf_only,global_default,,224,3.7136066547831405e-05,6.520605112154433e-05,72
tfidf_only,global_default,,225,3.7136066547831405e-05,6.520605112154433e-05,72
tfidf_only,global_default,,226,3.7136066547831405e-05,6.520605112154433e-05,72
tfidf_only,global_default,,227,3.7136066547831405e-05,6.520605112154433e-05,72
tfidf_only,global_default,,228,3.7136066547831405e-05,6.520605112154433e-05,72
tfidf_only,global_default,,229,3.7136066547831405e-05,6.520605112154433e-05,72
tfidf_only,global_default,,230,3.7136066547831405e-05,6.520605112154433e-05,72
tfidf_only,global_default,,231,3.7136066547831405e-05,6.520605112154433e-05,72
tfidf_only,global_default,,232,3.7136066547831405e-05,6.520605112154433e-05,72
tfidf_only,global_default,,233,3.7136066547831405e-05,6.520605112154433e-05,72
tfidf_only,global_default,,234,3.7136066547831405e-05,6.520605112154433e-05,72
tfidf_only,global_default,,235,3.7136066547831405e-05,6.520605112154433e-05,72
tfidf_only,global_default,,236,3.7136066547831405e-05,6.520605112154433e-05,72
tfidf_only,global_default,,237,3.7136066547831405e-05,6.520605112154433e-05,72
tfidf_only,global_default,,238,3.7136066547831405e-05,6.520605112154433e-05,72
tfidf_only,global_default,,239,3.7136066547831405e-05,6.520605112154433e-05,72
tfidf_only,global_default,,240,3.7136066547831405e-05,6.520605112154433e-05,72
tfidf_only,global_default,,241,3.7136066547831405e-05,6.520605112154433e-05,72
tfidf_only,global_default,,242,3.7136066547831405e-05,6.520605112154433e-05,72
tfidf_only,global_default,,243,3.7136066547831405e-05,6.520605112154433e-05,72
tfidf_only,global_default,,244,3.7136066547831405e-05,6.520605112154433e-05,72
tfidf_only,global_default,,245,3.7136066547831405e-05,6.520605112154433e-05,72
tfidf_only,global_default,,246,3.7136066547831405e-05,6.520605112154433e-05,72
tfidf_only,global_default,,247,3.7136066547831405e-05,6.520605112154433e-05,72
tfidf_only,global_default,,248,3.7136066547831405e-05,6.520605112154433e-05,72
tfidf_only,global_default,,249,3.7136066547831405e-05,6.520605112154433e-05,72
tfidf_only,global_default,,250,3.7136066547831405e-05,6.520605112154433e-05,72
tfidf_only,global_default,,251,3.7136066547831405e-05,6.520605112154433e-05,72
tfidf_only,global_default,,252,3.7136066547831405e-05,6.520605112154433e-05,72
tfidf_only,global_default,,253,3.7136066547831405e-05,6.520605112154433e-05,72
tfidf_only,global_default,,254,3.7136066547831405e-05,6.520605112154433e-05,72
tfidf_only,global_default,,255,3.7136066547831405e-05,6.520605112154433e-05,72
tfidf_only,global_default,,256,3.7136066547831405e-05,6.520605112154433e-05,72
tfidf_only,global_default,,257,3.7136066547831405e-05,6.520605112154433e-05,72
tfidf_only,global_default,,258,3.7136066547831405e-05,6.520605112154433e-05,72
tfidf_only,global_default,,259,3.7136066547831405e-05,6.520605112154433e-05,72
tfidf_only,global_default,,260,3.7136066547831405e-05,6.520605112154433e-05,72
tfidf_only,global_default,,261,3.7136066547831405e-05,6.520605112154433e-05,72
tfidf_only,global_default,,262,3.7136066547831405e-05,6.520605112154433e-05,72
tfidf_only,global_default,,263,3.7136066547831405e-05,6.520605112154433e-05,72
tfidf_only,global_default,,264,3.7136066547831405e-05,6.520605112154433e-05,72
tfidf_only,global_default,,265,3.7136066547831405e-05,6.520605112154433e-05,72
tfidf_only,global_default,,266,3.7136066547831405e-05,6.520605112154433e-05,72
tfidf_only,global_default,,267,3.7136066547831405e-05,6.520605112154433e-05,72
tfidf_only,global_default,,268,3.7136066547831405e-05,6.520605112154433e-05,72
tfidf_only,global_default,,269,3.7136066547831405e-05,6.520605112154433e-05,72
tfidf_only,global_default,,270,3.7136066547831405e-05,6.520605112154433e-05,72
tfidf_only,global_default,,271,3.7136066547831405e-05,6.520605112154433e-05,72
tfidf_only,global_default,,272,3.7136066547831405e-05,6.520605112154433e-05,72
tfidf_only,global_default,,273,3.7136066547831405e-05,6.520605112154433e-05,72
tfidf_only,global_default,,274,3.7136066547831405e-05,6.520605112154433e-05,72
tfidf_only,global_default,,275,3.7136066547831405e-05,6.520605112154433e-05,72
tfidf_only,global_default,,276,3.7136066547831405e-05,6.520605112154433e-05,72
tfidf_only,global_default,,277,3.7136066547831405e-05,6.520605112154433e-05,72
tfidf_only,global_default,,278,3.7136066547831405e-05,6.520605112154433e-05,72
tfidf_only,global_default,,279,3.7136066547831405e-05,6.520605112154433e-05,72
tfidf_only,global_default,,280,3.7136066547831405e-05,6.520605112154433e-05,72
tfidf_only,global_default,,281,3.7136066547831405e-05,6.520605112154433e-05,72
tfidf_only,global_default,,282,3.7136066547831405e-05,6.520605112154433e-05,72
tfidf_only,global_default,,283,3.7136066547831405e-05,6.520605112154433e-05,72
tfidf_only,global_default,,284,3.7136066547831405e-05,6.520605112154433e-05,72
tfidf_only,global_default,,285,3.7136066547831405e-05,6.520605112154433e-05,72
tfidf_only,global_default,,286,3.7136066547831405e-05,6.520605112154433e-05,72
tfidf_only,global_default,,287,3.7136066547831405e-05,6.520605112154433e-05,72
tfidf_only,global_default,,288,3.7136066547831405e-05,6.520605112154433e-05,72
tfidf_only,global_default,,289,3.7136066547831405e-05,6.520605112154433e-05,72
tfidf_only,global_default,,290,3.7136066547831405e-05,6.520605112154433e-05,72
tfidf_only,global_default,,291,3.7136066547831405e-05,6.520605112154433e-05,72
tfidf_only,global_default,,292,3.7136066547831405e-05,6.520605112154433e-05,72
tfidf_only,global_default,,293,3.7136066547831405e-05,6.520605112154433e-05,72
tfidf_only,global_default,,294,3.7136066547831405e-05,6.520605112154433e-05,72
tfidf_only,global_default,,295,3.7136066547831405e-05,6.520605112154433e-05,72
tfidf_only,global_default,,296,3.7136066547831405e-05,6.520605112154433e-05,72
tfidf_only,global_default,,297,3.7136066547831405e-05,6.520605112154433e-05,72
tfidf_only,global_default,,298,3.7136066547831405e-05,6.520605112154433e-05,72
tfidf_only,global_default,,299,3.7136066547831405e-05,6.520605112154433e-05,72
tfidf_only,global_default,,300,3.7136066547831405e-05,6.520605112154433e-05,72
tfidf_only,global_default,,301,3.7136066547831405e-05,6.520605112154433e-05,72
tfidf_only,global_default,,302,3.7136066547831405e-05,6.520605112154433e-05,72
tfidf_only,global_default,,303,3.7136066547831405e-05,6.520605112154433e-05,72
tfidf_only,global_default,,304,3.7136066547831405e-05,6.520605112154433e-05,72
tfidf_only,global_default,,305,3.7136066547831405e-05,6.520605112154433e-05,72
tfidf_only,global_default,,306,3.7136066547831405e-05,6.520605112154433e-05,72
tfidf_only,global_default,,307,3.7136066547831405e-05,6.520605112154433e-05,72
tfidf_only,global_default,,308,3.7136066547831405e-05,6.520605112154433e-05,72
tfidf_only,global_default,,309,3.7136066547831405e-05,6.520605112154433e-05,72
tfidf_only,global_default,,310,3.7136066547831405e-05,6.520605112154433e-05,72
tfidf_only,global_default,,311,3.7136066547831405e-05,6.520605112154433e-05,72
tfidf_only,global_default,,312,3.7136066547831405e-05,6.520605112154433e-05,72
tfidf_only,global_default,,313,3.7136066547831405e-05,6.520605112154433e-05,72
tfidf_only,global_default,,314,3.7136066547831405e-05,6.520605112154433e-05,72
tfidf_only,global_default,,315,3.7136066547831405e-05,6.520605112154433e-05,72
tfidf_only,global_default,,316,3.7136066547831405e-05,6.520605112154433e-05,72
tfidf_only,global_default,,317,3.7136066547831405e-05,6.520605112154433e-05,72
tfidf_only,global_default,,318,3.7136066547831405e-05,6.520605112154433e-05,72
tfidf_only,global_default,,319,3.7136066547831405e-05,6.520605112154433e-05,72
tfidf_only,global_default,,320,3.7136066547831405e-05,6.520605112154433e-05,72
tfidf_only,global_default,,321,3.7136066547831405e-05,6.520605112154433e-05,72
tfidf_only,global_default,,322,3.7136066547831405e-05,6.520605112154433e-05,72
tfidf_only,global_default,,323,3.7136066547831405e-05,6.520605112154433e-05,72
tfidf_only,global_default,,324,3.7136066547831405e-05,6.520605112154433e-05,72
tfidf_only,global_default,,325,3.7136066547831405e-05,6.520605112154433e-05,72
tfidf_only,global_default,,326,3.7136066547831405e-05,6.520605112154433e-05,72
tfidf_only,global_default,,327,3.7136066547831405e-05,6.520605112154433e-05,72
tfidf_only,global_default,,328,3.7136066547831405e-05,6.520605112154433e-05,72
tfidf_only,global_default,,329,3.7136066547831405e-05,6.520605112154433e-05,72
tfidf_only,global_default,,330,3.7136066547831405e-05,6.520605112154433e-05,72
tfidf_only,global_default,,331,3.7136066547831405e-05,6.520605112154433e-05,72
tfidf_only,global_default,,332,3.7136066547831405e-05,6.520605112154433e-05,72
tfidf_only,global_default,,333,3.7136066547831405e-05,6.520605112154433e-05,72
tfidf_only,global_default,,334,3.7136066547831405e-05,6.520605112154433e-05,72
tfidf_only,global_default,,335,3.7136066547831405e-05,6.520605112154433e-05,72
tfidf_only,global_default,,336,3.7136066547831405e-05,6.520605112154433e-05,72
tfidf_only,global_default,,337,3.7136066547831405e-05,6.520605112154433e-05,72
tfidf_only,global_default,,338,3.7136066547831405e-05,6.520605112154433e-05,72
tfidf_only,global_default,,339,3.7136066547831405e-05,6.520605112154433e-05,72
tfidf_only,global_default,,340,3.7136066547831405e-05,6.520605112154433e-05,72
tfidf_only,global_default,,341,3.7136066547831405e-05,6.520605112154433e-05,72
tfidf_only,global_default,,342,3.7136066547831405e-05,6.520605112154433e-05,72
tfidf_only,global_default,,343,3.7136066547831405e-05,6.520605112154433e-05,72
tfidf_only,global_default,,344,3.7136066547831405e-05,6.520605112154433e-05,72
tfidf_only,global_default,,345,3.7136066547831405e-05,6.520605112154433e-05,72
tfidf_only,global_default,,346,3.7136066547831405e-05,6.520605112154433e-05,72
tfidf_only,global_default,,347,3.7136066547831405e-05,6.520605112154433e-05,72
tfidf_only,global_default,,348,3.7136066547831405e-05,6.520605112154433e-05,72
tfidf_only,global_default,,349,3.7136066547831405e-05,6.520605112154433e-05,72
tfidf_only,global_default,,350,3.7136066547831405e-05,6.520605112154433e-05,72
tfidf_only,global_default,,351,3.7136066547831405e-05,6.520605112154433e-05,72
tfidf_only,global_default,,352,3.7136066547831405e-05,6.520605112154433e-05,72
tfidf_only,global_default,,353,3.7136066547831405e-05,6.520605112154433e-05,72
tfidf_only,global_default,,354,3.7136066547831405e-05,6.520605112154433e-05,72
tfidf_only,global_default,,355,3.7136066547831405e-05,6.520605112154433e-05,72
tfidf_only,global_default,,356,3.7136066547831405e-05,6.520605112154433e-05,72
tfidf_only,global_default,,357,3.7136066547831405e-05,6.520605112154433e-05,72
tfidf_only,global_default,,358,3.7136066547831405e-05,6.520605112154433e-05,72
tfidf_only,global_default,,359,3.7136066547831405e-05,6.520605112154433e-05,72
tfidf_only,global_default,,360,3.7136066547831405e-05,6.520605112154433e-05,72
tfidf_only,global_default,,361,3.7136066547831405e-05,6.520605112154433e-05,72
tfidf_only,global_default,,362,3.7136066547831405e-05,6.520605112154433e-05,72
tfidf_only,global_default,,363,3.7136066547831405e-05,6.520605112154433e-05,72
tfidf_only,global_default,,364,3.7136066547831405e-05,6.520605112154433e-05,72
tfidf_only,global_default,,365,3.7136066547831405e-05,6.520605112154433e-05,72
tfidf_only,global_default,,366,3.7136066547831405e-05,6.520605112154433e-05,72
tfidf_only,global_default,,367,3.7136066547831405e-05,6.520605112154433e-05,72
tfidf_only,global_default,,368,3.7136066547831405e-05,6.520605112154433e-05,72
tfidf_only,global_default,,369,3.7136066547831405e-05,6.520605112154433e-05,72
tfidf_only,global_default,,370,3.7136066547831405e-05,6.520605112154433e-05,72
tfidf_only,global_default,,371,3.7136066547831405e-05,6.520605112154433e-05,72
tfidf_only,global_default,,372,3.7136066547831405e-05,6.520605112154433e-05,72
tfidf_only,global_default,,373,3.7136066547831405e-05,6.520605112154433e-05,72
tfidf_only,global_default,,374,3.7136066547831405e-05,6.520605112154433e-05,72
tfidf_only,global_default,,375,3.7136066547831405e-05,6.520605112154433e-05,72
tfidf_only,global_default,,376,3.7136066547831405e-05,6.520605112154433e-05,72
tfidf_only,global_default,,377,3.7136066547831405e-05,6.520605112154433e-05,72
tfidf_only,global_default,,378,3.7136066547831405e-05,6.520605112154433e-05,72
tfidf_only,global_default,,379,3.7136066547831405e-05,6.520605112154433e-05,72
tfidf_only,global_default,,380,3.7136066547831405e-05,6.520605112154433e-05,72
tfidf_only,global_default,,381,3.7136066547831405e-05,6.520605112154433e-05,72
tfidf_only,global_default,,382,3.7136066547831405e-05,6.520605112154433e-05,72
tfidf_only,global_default,,383,3.7136066547831405e-05,6.520605112154433e-05,72
tfidf_only,global_default,,384,3.7136066547831405e-05,6.520605112154433e-05,72
tfidf_only,global_default,,385,3.7136066547831405e-05,6.520605112154433e-05,72
tfidf_only,global_default,,386,3.7136066547831405e-05,6.520605112154433e-05,72
tfidf_only,global_default,,387,3.7136066547831405e-05,6.520605112154433e-05,72
tfidf_only,global_default,,388,3.7136066547831405e-05,6.520605112154433e-05,72
tfidf_only,global_default,,389,3.7136066547831405e-05,6.520605112154433e-05,72
tfidf_only,global_default,,390,3.7136066547831405e-05,6.520605112154433e-05,72
tfidf_only,global_default,,391,3.7136066547831405e-05,6.520605112154433e-05,72
tfidf_only,global_default,,392,3.7136066547831405e-05,6.520605112154433e-05,72
tfidf_only,global_default,,393,3.7136066547831405e-05,6.520605112154433e-05,72
tfidf_only,global_default,,394,3.7136066547831405e-05,6.520605112154433e-05,72
tfidf_only,global_default,,395,3.7136066547831405e-05,6.520605112154433e-05,72
tfidf_only,global_default,,396,3.7136066547831405e-05,6.520605112154433e-05,72
tfidf_only,global_default,,397,3.7136066547831405e-05,6.520605112154433e-05,72
tfidf_only,global_default,,398,3.7136066547831405e-05,6.520605112154433e-05,72
tfidf_only,global_default,,399,3.7136066547831405e-05,6.520605112154433e-05,72
tfidf_only,global_default,,400,3.7136066547831405e-05,6.520605112154433e-05,72
tfidf_only,global_default,,401,3.7136066547831405e-05,6.520605112154433e-05,72
tfidf_only,global_default,,402,3.7136066547831405e-05,6.520605112154433e-05,72
tfidf_only,global_default,,403,3.7136066547831405e-05,6.520605112154433e-05,72
tfidf_only,global_default,,404,3.7136066547831405e-05,6.520605112154433e-05,72
tfidf_only,global_default,,405,3.7136066547831405e-05,6.520605112154433e-05,72
tfidf_only,global_default,,406,3.7136066547831405e-05,6.520605112154433e-05,72
tfidf_only,global_default,,407,3.7136066547831405e-05,6.520605112154433e-05,72
tfidf_only,global_default,,408,3.7136066547831405e-05,6.520605112154433e-05,72
tfidf_only,global_default,,409,3.7136066547831405e-05,6.520605112154433e-05,72
tfidf_only,global_default,,410,3.7136066547831405e-05,6.520605112154433e-05,72
tfidf_only,global_default,,411,0.0,0.0,72
tfidf_only,global_default,,412,0.0,0.0,72
tfidf_only,global_default,,413,0.0,0.0,72
tfidf_only,global_default,,414,0.0,0.0,72
tfidf_only,global_default,,415,0.0,0.0,72
tfidf_only,global_default,,416,0.0,0.0,72
tfidf_only,global_default,,417,0.0,0.0,72
tfidf_only,global_default,,418,0.0,0.0,72
tfidf_only,global_default,,419,0.0,0.0,72
tfidf_only,global_default,,420,0.0,0.0,72
tfidf_only,global_default,,421,0.0,0.0,72
tfidf_only,global_default,,422,0.0,0.0,72
tfidf_only,global_default,,423,0.0,0.0,72
tfidf_only,global_default,,424,0.0,0.0,72
tfidf_only,global_default,,425,0.0,0.0,72
tfidf_only,global_default,,426,0.0,0.0,72
tfidf_only,global_default,,427,0.0,0.0,72
tfidf_only,global_default,,428,0.0,0.0,72
tfidf_only,global_default,,429,0.0,0.0,72
tfidf_only,global_default,,430,0.0,0.0,72
tfidf_only,global_default,,431,0.0,0.0,72
tfidf_only,global_default,,432,0.0,0.0,72
tfidf_only,global_default,,433,0.0,0.0,72
tfidf_only,global_default,,434,0.0,0.0,72
tfidf_only,global_default,,435,0.0,0.0,72
tfidf_only,global_default,,436,0.0,0.0,72
tfidf_only,global_default,,437,0.0,0.0,72
tfidf_only,global_default,,438,0.0,0.0,72
tfidf_only,global_default,,439,0.0,0.0,72
tfidf_only,global_default,,440,0.0,0.0,72
tfidf_only,global_default,,441,0.0,0.0,72
tfidf_only,global_default,,442,0.0,0.0,72
tfidf_only,global_default,,443,0.0,0.0,72
tfidf_only,global_default,,444,0.0,0.0,72
tfidf_only,global_default,,445,0.0,0.0,72
tfidf_only,global_default,,446,0.0,0.0,72
tfidf_only,global_default,,447,0.0,0.0,72
tfidf_only,global_default,,448,0.0,0.0,72
tfidf_only,global_default,,449,0.0,0.0,72
tfidf_only,global_default,,450,0.0,0.0,72
tfidf_only,global_default,,451,0.0,0.0,72
tfidf_only,global_default,,452,0.0,0.0,72
tfidf_only,random,,1,0.11193404874765088,0.2321768045029319,72
tfidf_only,random,,2,0.052167100638781966,0.11602361897695045,72
tfidf_only,random,,3,0.031462026872701686,0.07650247463473742,72
tfidf_only,random,,4,0.022508509064272667,0.0570566151870765,72
tfidf_only,random,,5,0.017352155058767173,0.04494888839953784,72
tfidf_only,random,,6,0.01434911742460044,0.03851662708860938,72
tfidf_only,random,,7,0.012350820495899438,0.033529687158821896,72
tfidf_only,random,,8,0.010773185782008825,0.029434355309935083,72
tfidf_only,random,,9,0.009634424405347836,0.026801643197443645,72
tfidf_only,random,,10,0.008343903672192336,0.02340920010174495,72
tfidf_only,random,,11,0.0077829762946274965,0.021776459209121687,72
tfidf_only,random,,12,0.0070603405300485155,0.01993049133345855,72
tfidf_only,random,,13,0.006536943117879528,0.018564238960706744,72
tfidf_only,random,,14,0.00617068815681994,0.017668382315006118,72
tfidf_only,random,,15,0.005774305346399943,0.016795501435672835,72
tfidf_only,random,,16,0.005443611370778929,0.015938121682415395,72
tfidf_only,random,,17,0.005160276093950971,0.01531024061683632,72
tfidf_only,random,,18,0.004967431300486585,0.014599107493835757,72
tfidf_only,random,,19,0.0047116902090843975,0.01402710048829601,72
tfidf_only,random,,20,0.004569574253053916,0.01364532670053815,72
tfidf_only,random,,21,0.0044162463152595975,0.013126739039832892,72
tfidf_only,random,,22,0.004171223661973357,0.012379962899312424,72
tfidf_only,random,,23,0.004081880440623549,0.012221362138593225,72
tfidf_only,random,,24,0.0038779203410433233,0.01140466798490311,72
tfidf_only,random,,25,0.003714372468202072,0.011037765762932613,72
tfidf_only,random,,26,0.003583193962798414,0.010681876725390563,72
tfidf_only,random,,27,0.003390935665388562,0.010109090688949331,72
tfidf_only,random,,28,0.003287482032779027,0.009813860962770631,72
tfidf_only,random,,29,0.0031624988395378643,0.00950667435776597,72
tfidf_only,random,,30,0.0030053549886218107,0.009146205850989375,72
tfidf_only,random,,31,0.002927617706818527,0.008954531048278298,72
tfidf_only,random,,32,0.002834650195725277,0.008719769991491391,72
tfidf_only,random,,33,0.0027248587147546198,0.008171237277007897,72
tfidf_only,random,,34,0.002649743528175765,0.007990862368257915,72
tfidf_only,random,,35,0.002523911371850736,0.007713569150082168,72
tfidf_only,random,,36,0.0024679484838498896,0.007447211515665851,72
tfidf_only,random,,37,0.0024272508548833106,0.007208632097458062,72
tfidf_only,random,,38,0.002346581189800077,0.007018488573785879,72
tfidf_only,random,,39,0.0022899288973405943,0.0068459242304950855,72
tfidf_only,random,,40,0.0021754204877389516,0.006627505700771205,72
tfidf_only,random,,41,0.002096723437475129,0.0064907811092925986,72
tfidf_only,random,,42,0.002005836125653156,0.0060247201018336725,72
tfidf_only,random,,43,0.0019387669851505729,0.00575456817429197,72
tfidf_only,random,,44,0.0019070200131310522,0.005630457425457011,72
tfidf_only,random,,45,0.0018644564100145525,0.005531518291817341,72
tfidf_only,random,,46,0.0018161672827855548,0.005361139643950525,72
tfidf_only,random,,47,0.0017732531949403536,0.005236223740337607,72
tfidf_only,random,,48,0.0017243544183798898,0.005030332576734011,72
tfidf_only,random,,49,0.0016603667880226896,0.004763456061145276,72
tfidf_only,random,,50,0.0016245655741047417,0.004682985651806922,72
tfidf_only,random,,51,0.0015956541080321654,0.004587761779586449,72
tfidf_only,random,,52,0.0015454328848427267,0.0044055249669433805,72
tfidf_only,random,,53,0.0014953825501635043,0.0042248018726223,72
tfidf_only,random,,54,0.0014466933617086,0.004048426136667737,72
tfidf_only,random,,55,0.0013919123069079484,0.003927447436226609,72
tfidf_only,random,,56,0.0013408830029001404,0.00380944937782964,72
tfidf_only,random,,57,0.001327282313848929,0.0037892496468874648,72
tfidf_only,random,,58,0.0012888079080559754,0.003619020411108088,72
tfidf_only,random,,59,0.001275953129068003,0.0035736027572554735,72
tfidf_only,random,,60,0.0012670290004463936,0.003535480876842394,72
tfidf_only,random,,61,0.001238313152781995,0.0034349012481264224,72
tfidf_only,random,,62,0.0012101241851022904,0.003382366982375511,72
tfidf_only,random,,63,0.0011847778790244898,0.0033264604911070017,72
tfidf_only,random,,64,0.0011510649770662697,0.003183858726428094,72
tfidf_only,random,,65,0.0011161553316434776,0.003119017373576921,72
tfidf_only,random,,66,0.0010861922223455848,0.0030165777788868082,72
tfidf_only,random,,67,0.0010341047310454046,0.0028402910958588157,72
tfidf_only,random,,68,0.0009874154158168694,0.002698754833816919,72
tfidf_only,random,,69,0.0009811693609967764,0.002683796681968378,72
tfidf_only,random,,70,0.0009706034787678287,0.0026590289288477005,72
tfidf_only,random,,71,0.0009496676152437,0.002609415395729853,72
tfidf_only,random,,72,0.0009063350617829004,0.002524238206067929,72
tfidf_only,random,,73,0.0008941963404877924,0.0024879318215944276,72
tfidf_only,random,,74,0.0008747119991664061,0.0024059004247522064,72
tfidf_only,random,,75,0.0008515714109276591,0.002332759896688646,72
tfidf_only,random,,76,0.0008271010762724656,0.0022905981948547847,72
tfidf_only,random,,77,0.0007840640842149045,0.002187511015195295,72
tfidf_only,random,,78,0.0007728604704715166,0.0021463799008381527,72
tfidf_only,random,,79,0.000764443300671942,0.002133224828566656,72
tfidf_only,random,,80,0.0007401870617842203,0.002069534985783263,72
tfidf_only,random,,81,0.0007167423218748873,0.0020140826062539927,72
tfidf_only,random,,82,0.0006962118748033968,0.001961998074791836,72
tfidf_only,random,,83,0.000694134281113336,0.001957787841801502,72
tfidf_only,random,,84,0.0006720291785949185,0.0018920195164984475,72
tfidf_only,random,,85,0.0006628089075614873,0.0018729403249889791,72
tfidf_only,random,,86,0.0006535204428698791,0.0018519402672427807,72
tfidf_only,random,,87,0.0006252757545912601,0.0016868632552598907,72
tfidf_only,random,,88,0.0006089902008864917,0.0016430757598428411,72
tfidf_only,random,,89,0.0005587049827971777,0.0014356405426836534,72
tfidf_only,random,,90,0.000520103538505654,0.0013733912219478026,72
tfidf_only,random,,91,0.0004991303246878127,0.0013134917551429976,72
tfidf_only,random,,92,0.000467107124630195,0.0012171413022441253,72
tfidf_only,random,,93,0.0004576114019850085,0.0011989619778302865,72
tfidf_only,random,,94,0.0004387000938710127,0.0010619136947748295,72
tfidf_only,random,,95,0.00042472004338250924,0.0010375371502937087,72
tfidf_only,random,,96,0.00040886298197389414,0.0010044406503641192,72
tfidf_only,random,,97,0.0003922509023612251,0.00087074918785363,72
tfidf_only,random,,98,0.00038680620264700677,0.0008601728346598032,72
tfidf_only,random,,99,0.0003769703169733579,0.0008446087458229881,72
tfidf_only,random,,100,0.0003414665066341497,0.000762148241701029,72
tfidf_only,random,,101,0.0003378127513810279,0.0007560468955002673,72
tfidf_only,random,,102,0.00033213428238758347,0.0007367963639718251,72
tfidf_only,random,,103,0.00031751546467476355,0.0006948102655443641,72
tfidf_only,random,,104,0.00031552937506366133,0.0006918394360311201,72
tfidf_only,random,,105,0.0003077027278368029,0.000679128269602456,72
tfidf_only,random,,106,0.00030013416184977254,0.0006585793469096098,72
tfidf_only,random,,107,0.00028024325543359843,0.0006183091934749012,72
tfidf_only,random,,108,0.0002766710519506398,0.0006052242845566587,72
tfidf_only,random,,109,0.00027289456605852897,0.000590251710583085,72
tfidf_only,random,,110,0.0002678817419828623,0.0005786687567228724,72
tfidf_only,random,,111,0.00026410758739349015,0.0005694402561789725,72
tfidf_only,random,,112,0.00026344934621392197,0.000567020589125159,72
tfidf_only,random,,113,0.0002577730984420858,0.0005589290653612572,72
tfidf_only,random,,114,0.000254995320664308,0.0005556456400920163,72
tfidf_only,random,,115,0.000246194230800845,0.0005371083970259926,72
tfidf_only,random,,116,0.00024018658768366804,0.0005236240444665938,72
tfidf_only,random,,117,0.00022694425410901118,0.00047214353883850047,72
tfidf_only,random,,118,0.0002156232465428735,0.0004429929359826408,72
tfidf_only,random,,119,0.00021284546876509575,0.00043943396381380316,72
tfidf_only,random,,120,0.00020457396277864356,0.0004225126635181375,72
tfidf_only,random,,121,0.00020345950961763015,0.0004194220892225557,72
tfidf_only,random,,122,0.0001984372644114311,0.00041301777811224023,72
tfidf_only,random,,123,0.00019809004218920877,0.0004126249927929842,72
tfidf_only,random,,124,0.00019809004218920877,0.0004126249927929842,72
tfidf_only,random,,125,0.00018261258067907245,0.00037293975710876666,72
tfidf_only,random,,126,0.00018248622615861304,0.00037279839437198394,72
tfidf_only,random,,127,0.0001790546838273912,0.00036294120868838404,72
tfidf_only,random,,128,0.00017845688026114467,0.00036046164916896036,72
tfidf_only,random,,129,0.0001715366411363807,0.00034704183212803827,72
tfidf_only,random,,130,0.00016630731982142832,0.00033874154644222544,72
tfidf_only,random,,131,0.0001631823198214282,0.00033478978895413173,72
tfidf_only,random,,132,0.00016305596530096877,0.000334648426217349,72
tfidf_only,random,,133,0.00016305596530096877,0.000334648426217349,72
tfidf_only,random,,134,0.00016305596530096877,0.000334648426217349,72
tfidf_only,random,,135,0.00015928181071159678,0.0003254199256734492,72
tfidf_only,random,,136,0.00015606679013546507,0.00032165803810874473,72
tfidf_only,random,,137,0.000155479752607481,0.00032067286683452656,72
tfidf_only,random,,138,0.0001540507434047957,0.0003154797460716773,72
tfidf_only,random,,139,0.00014979047770431264,0.00030573451833021056,72
tfidf_only,random,,140,0.00014524517789246867,0.00028985935280715746,72
tfidf_only,random,,141,0.000140881946439274,0.00027628951017748526,72
tfidf_only,random,,142,0.00013810416866149612,0.0002708106585447873,72
tfidf_only,random,,143,0.000136295719587422,0.00026368815142228,72
tfidf_only,random,,144,0.00013594849736519964,0.00026329536610302396,72
tfidf_only,random,,145,0.00013594849736519964,0.00026329536610302396,72
tfidf_only,random,,146,0.0001344006594305235,0.00025978929320477607,72
tfidf_only,random,,147,0.00013427430491006408,0.00025964793046799335,72
tfidf_only,random,,148,0.00013050015032069207,0.00025041942992409355,72
tfidf_only,random,,149,0.00013050015032069207,0.00025041942992409355,72
tfidf_only,random,,150,0.00013015292809846974,0.00025002664460483753,72
tfidf_only,random,,151,0.00013015292809846974,0.00025002664460483753,72
tfidf_only,random,,152,0.00013015292809846974,0.00025002664460483753,72
tfidf_only,random,,153,0.0001296814790526826,0.00024768844782219613,72
tfidf_only,random,,154,0.00012931326884884137,0.0002470562730297444,72
tfidf_only,random,,155,0.00012374295542043966,0.00023727553489724564,72
tfidf_only,random,,156,0.00012168179730544671,0.00022987030230117294,72
tfidf_only,random,,157,0.00012168179730544671,0.00022987030230117294,72
tfidf_only,random,,158,0.00012168179730544671,0.00022987030230117294,72
tfidf_only,random,,159,0.00011877766500720956,0.0002242500879316926,72
tfidf_only,random,,160,0.00011781165123712179,0.0002211383536198168,72
tfidf_only,random,,161,0.00011395362654576369,0.00021662408854217138,72
tfidf_only,random,,162,0.00011395362654576369,0.00021662408854217138,72
tfidf_only,random,,163,0.0001135854163419225,0.00021599191374971962,72
tfidf_only,random,,164,0.00011104780060118173,0.00020809431583086187,72
tfidf_only,random,,165,0.00010851018486044094,0.00020019671791200416,72
tfidf_only,random,,166,0.00010484493245897523,0.00018981390823341962,72
tfidf_only,random,,167,0.00010484493245897523,0.00018981390823341962,72
tfidf_only,random,,168,0.00010484493245897523,0.00018981390823341962,72
tfidf_only,random,,169,0.00010484493245897523,0.00018981390823341962,72
tfidf_only,random,,170,0.00010484480385815219,0.000189813757757917,72
tfidf_only,random,,171,0.00010484480385815219,0.000189813757757917,72
tfidf_only,random,,172,0.00010420179974292581,0.00018906138024497605,72
tfidf_only,random,,173,0.00010420179974292581,0.00018906138024497605,72
tfidf_only,random,,174,0.0001021184664095924,0.00018495224152045256,72
tfidf_only,random,,175,0.0001021184664095924,0.00018495224152045256,72
tfidf_only,random,,176,0.00010031001733551827,0.00017782973439794524,72
tfidf_only,random,,177,9.358457912993292e-05,0.00016556966974749584,72
tfidf_only,random,,178,9.358457912993292e-05,0.00016556966974749584,72
tfidf_only,random,,179,9.177613005585879e-05,0.00015844716262498852,72
tfidf_only,random,,180,8.718237943692431e-05,0.00014643403213263247,72
tfidf_only,random,,181,8.718237943692431e-05,0.00014643403213263247,72
tfidf_only,random,,182,8.718237943692431e-05,0.00014643403213263247,72
tfidf_only,random,,183,8.718237943692431e-05,0.00014643403213263247,72
tfidf_only,random,,184,8.537393036285019e-05,0.00013931152501012514,72
tfidf_only,random,,185,8.47309262476238e-05,0.00013855914749718418,72
tfidf_only,random,,186,8.47309262476238e-05,0.00013855914749718418,72
tfidf_only,random,,187,8.47309262476238e-05,0.00013855914749718418,72
tfidf_only,random,,188,8.47309262476238e-05,0.00013855914749718418,72
tfidf_only,random,,189,8.47309262476238e-05,0.00013855914749718418,72
tfidf_only,random,,190,8.47309262476238e-05,0.00013855914749718418,72
tfidf_only,random,,191,8.47309262476238e-05,0.00013855914749718418,72
tfidf_only,random,,192,8.47309262476238e-05,0.00013855914749718418,72
tfidf_only,random,,193,8.47309262476238e-05,0.00013855914749718418,72
tfidf_only,random,,194,8.47309262476238e-05,0.00013855914749718418,72
tfidf_only,random,,195,8.47309262476238e-05,0.00013855914749718418,72
tfidf_only,random,,196,8.47309262476238e-05,0.00013855914749718418,72
tfidf_only,random,,197,8.47309262476238e-05,0.00013855914749718418,72
tfidf_only,random,,198,8.47309262476238e-05,0.00013855914749718418,72
tfidf_only,random,,199,8.47309262476238e-05,0.00013855914749718418,72
tfidf_only,random,,200,8.47309262476238e-05,0.00013855914749718418,72
tfidf_only,random,,201,7.972070772530368e-05,0.00012977621631453943,72
tfidf_only,random,,202,7.485216940088292e-05,0.00012077662375590012,72
tfidf_only,random,,203,7.299536607349136e-05,0.0001175163211998229,72
tfidf_only,random,,204,7.299536607349136e-05,0.0001175163211998229,72
tfidf_only,random,,205,7.299536607349136e-05,0.0001175163211998229,72
tfidf_only,random,,206,7.299536607349136e-05,0.0001175163211998229,72
tfidf_only,random,,207,7.299536607349136e-05,0.0001175163211998229,72
tfidf_only,random,,208,7.299536607349136e-05,0.0001175163211998229,72
tfidf_only,random,,209,7.299536607349136e-05,0.0001175163211998229,72
tfidf_only,random,,210,7.113856274609978e-05,0.00011425601864374567,72
tfidf_only,random,,211,7.113856274609978e-05,0.00011425601864374567,72
tfidf_only,random,,212,7.113856274609978e-05,0.00011425601864374567,72
tfidf_only,random,,213,7.113856274609978e-05,0.00011425601864374567,72
tfidf_only,random,,214,6.72805380547417e-05,0.00010974175356610025,72
tfidf_only,random,,215,6.406551747861e-05,0.00010597986600139577,72
tfidf_only,random,,216,6.406551747861e-05,0.00010597986600139577,72
tfidf_only,random,,217,6.406551747861e-05,0.00010597986600139577,72
tfidf_only,random,,218,6.406551747861e-05,0.00010597986600139577,72
tfidf_only,random,,219,6.406551747861e-05,0.00010597986600139577,72
tfidf_only,random,,220,6.0351910823826936e-05,9.945926088924147e-05,72
tfidf_only,random,,221,6.0351910823826936e-05,9.945926088924147e-05,72
tfidf_only,random,,222,6.0351910823826936e-05,9.945926088924147e-05,72
tfidf_only,random,,223,6.0351910823826936e-05,9.945926088924147e-05,72
tfidf_only,random,,224,5.5709902505348014e-05,9.130850449904843e-05,72
tfidf_only,random,,225,5.5709902505348014e-05,9.130850449904843e-05,72
tfidf_only,random,,226,5.5709902505348014e-05,9.130850449904843e-05,72
tfidf_only,random,,227,5.2924697514260655e-05,8.64180506649326e-05,72
tfidf_only,random,,228,5.2924697514260655e-05,8.64180506649326e-05,72
tfidf_only,random,,229,5.084136418092724e-05,8.23089119404091e-05,72
tfidf_only,random,,230,5.084136418092724e-05,8.23089119404091e-05,72
tfidf_only,random,,231,5.047315397708605e-05,8.167673714795738e-05,72
tfidf_only,random,,232,5.047315397708605e-05,8.167673714795738e-05,72
tfidf_only,random,,233,5.047315397708605e-05,8.167673714795738e-05,72
tfidf_only,random,,234,5.047315397708605e-05,8.167673714795738e-05,72
tfidf_only,random,,235,4.802161043991145e-05,7.693542363098215e-05,72
tfidf_only,random,,236,4.802161043991145e-05,7.693542363098215e-05,72
tfidf_only,random,,237,4.802161043991145e-05,7.693542363098215e-05,72
tfidf_only,random,,238,4.802161043991145e-05,7.693542363098215e-05,72
tfidf_only,random,,239,4.802161043991145e-05,7.693542363098215e-05,72
tfidf_only,random,,240,4.802161043991145e-05,7.693542363098215e-05,72
tfidf_only,random,,241,4.802161043991145e-05,7.693542363098215e-05,72
tfidf_only,random,,242,4.802161043991145e-05,7.693542363098215e-05,72
tfidf_only,random,,243,4.802161043991145e-05,7.693542363098215e-05,72
tfidf_only,random,,244,4.802161043991145e-05,7.693542363098215e-05,72
tfidf_only,random,,245,4.802161043991145e-05,7.693542363098215e-05,72
tfidf_only,random,,246,4.616480711251987e-05,7.367512107490495e-05,72
tfidf_only,random,,247,4.430800378512831e-05,7.041481851882772e-05,72
tfidf_only,random,,248,4.430800378512831e-05,7.041481851882772e-05,72
tfidf_only,random,,249,4.430800378512831e-05,7.041481851882772e-05,72
tfidf_only,random,,250,4.430800378512831e-05,7.041481851882772e-05,72
tfidf_only,random,,251,4.222467045179489e-05,6.630567979430422e-05,72
tfidf_only,random,,252,4.222467045179489e-05,6.630567979430422e-05,72
tfidf_only,random,,253,4.222467045179489e-05,6.630567979430422e-05,72
tfidf_only,random,,254,4.222467045179489e-05,6.630567979430422e-05,72
tfidf_only,random,,255,3.6654260469620256e-05,5.652477212607271e-05,72
tfidf_only,random,,256,3.479745714222869e-05,5.3264469569995494e-05,72
tfidf_only,random,,257,3.479745714222869e-05,5.3264469569995494e-05,72
tfidf_only,random,,258,3.479745714222869e-05,5.3264469569995494e-05,72
tfidf_only,random,,259,3.479745714222869e-05,5.3264469569995494e-05,72
tfidf_only,random,,260,3.479745714222869e-05,5.3264469569995494e-05,72
tfidf_only,random,,261,3.479745714222869e-05,5.3264469569995494e-05,72
tfidf_only,random,,262,3.479745714222869e-05,5.3264469569995494e-05,72
tfidf_only,random,,263,3.271412380889528e-05,4.9155330845471997e-05,72
tfidf_only,random,,264,3.271412380889528e-05,4.9155330845471997e-05,72
tfidf_only,random,,265,3.271412380889528e-05,4.9155330845471997e-05,72
tfidf_only,random,,266,3.271412380889528e-05,4.9155330845471997e-05,72
tfidf_only,random,,267,3.271412380889528e-05,4.9155330845471997e-05,72
tfidf_only,random,,268,3.271412380889528e-05,4.9155330845471997e-05,72
tfidf_only,random,,269,3.271412380889528e-05,4.9155330845471997e-05,72
tfidf_only,random,,270,3.271412380889528e-05,4.9155330845471997e-05,72
tfidf_only,random,,271,3.271412380889528e-05,4.9155330845471997e-05,72
tfidf_only,random,,272,3.271412380889528e-05,4.9155330845471997e-05,72
tfidf_only,random,,273,3.271412380889528e-05,4.9155330845471997e-05,72
tfidf_only,random,,274,3.271412380889528e-05,4.9155330845471997e-05,72
tfidf_only,random,,275,3.271412380889528e-05,4.9155330845471997e-05,72
tfidf_only,random,,276,3.271412380889528e-05,4.9155330845471997e-05,72
tfidf_only,random,,277,3.271412380889528e-05,4.9155330845471997e-05,72
tfidf_only,random,,278,3.271412380889528e-05,4.9155330845471997e-05,72
tfidf_only,random,,279,2.9499103232763575e-05,4.539344328076752e-05,72
tfidf_only,random,,280,2.9499103232763575e-05,4.539344328076752e-05,72
tfidf_only,random,,281,2.9499103232763575e-05,4.539344328076752e-05,72
tfidf_only,random,,282,2.9499103232763575e-05,4.539344328076752e-05,72
tfidf_only,random,,283,2.9499103232763575e-05,4.539344328076752e-05,72
tfidf_only,random,,284,2.9499103232763575e-05,4.539344328076752e-05,72
tfidf_only,random,,285,2.9499103232763575e-05,4.539344328076752e-05,72
tfidf_only,random,,286,2.9499103232763575e-05,4.539344328076752e-05,72
tfidf_only,random,,287,2.9499103232763575e-05,4.539344328076752e-05,72
tfidf_only,random,,288,2.564107854140549e-05,4.0879178203122085e-05,72
tfidf_only,random,,289,2.2855873550318135e-05,3.598872436900626e-05,72
tfidf_only,random,,290,2.2855873550318135e-05,3.598872436900626e-05,72
tfidf_only,random,,291,2.2855873550318135e-05,3.598872436900626e-05,72
tfidf_only,random,,292,2.2855873550318135e-05,3.598872436900626e-05,72
tfidf_only,random,,293,2.2855873550318135e-05,3.598872436900626e-05,72
tfidf_only,random,,294,2.2855873550318135e-05,3.598872436900626e-05,72
tfidf_only,random,,295,2.007066855923078e-05,3.1098270534890435e-05,72
tfidf_only,random,,296,1.435584054048112e-05,2.3323702901167786e-05,72
tfidf_only,random,,297,1.435584054048112e-05,2.3323702901167786e-05,72
tfidf_only,random,,298,1.435584054048112e-05,2.3323702901167786e-05,72
tfidf_only,random,,299,1.435584054048112e-05,2.3323702901167786e-05,72
tfidf_only,random,,300,1.114081996434942e-05,1.95618153364633e-05,72
tfidf_only,random,,301,1.114081996434942e-05,1.95618153364633e-05,72
tfidf_only,random,,302,1.114081996434942e-05,1.95618153364633e-05,72
tfidf_only,random,,303,1.114081996434942e-05,1.95618153364633e-05,72
tfidf_only,random,,304,9.284016636957851e-06,1.6301512780386083e-05,72
tfidf_only,random,,305,9.284016636957851e-06,1.6301512780386083e-05,72
tfidf_only,random,,306,9.284016636957851e-06,1.6301512780386083e-05,72
tfidf_only,random,,307,9.284016636957851e-06,1.6301512780386083e-05,72
tfidf_only,random,,308,9.284016636957851e-06,1.6301512780386083e-05,72
tfidf_only,random,,309,9.284016636957851e-06,1.6301512780386083e-05,72
tfidf_only,random,,310,9.284016636957851e-06,1.6301512780386083e-05,72
tfidf_only,random,,311,9.284016636957851e-06,1.6301512780386083e-05,72
tfidf_only,random,,312,9.284016636957851e-06,1.6301512780386083e-05,72
tfidf_only,random,,313,7.427213309566281e-06,1.3041210224308867e-05,72
tfidf_only,random,,314,7.427213309566281e-06,1.3041210224308867e-05,72
tfidf_only,random,,315,7.427213309566281e-06,1.3041210224308867e-05,72
tfidf_only,random,,316,7.427213309566281e-06,1.3041210224308867e-05,72
tfidf_only,random,,317,7.427213309566281e-06,1.3041210224308867e-05,72
tfidf_only,random,,318,7.427213309566281e-06,1.3041210224308867e-05,72
tfidf_only,random,,319,7.427213309566281e-06,1.3041210224308867e-05,72
tfidf_only,random,,320,7.427213309566281e-06,1.3041210224308867e-05,72
tfidf_only,random,,321,7.427213309566281e-06,1.3041210224308867e-05,72
tfidf_only,random,,322,7.427213309566281e-06,1.3041210224308867e-05,72
tfidf_only,random,,323,7.427213309566281e-06,1.3041210224308867e-05,72
tfidf_only,random,,324,7.427213309566281e-06,1.3041210224308867e-05,72
tfidf_only,random,,325,7.427213309566281e-06,1.3041210224308867e-05,72
tfidf_only,random,,326,7.427213309566281e-06,1.3041210224308867e-05,72
tfidf_only,random,,327,7.427213309566281e-06,1.3041210224308867e-05,72
tfidf_only,random,,328,7.427213309566281e-06,1.3041210224308867e-05,72
tfidf_only,random,,329,7.427213309566281e-06,1.3041210224308867e-05,72
tfidf_only,random,,330,7.427213309566281e-06,1.3041210224308867e-05,72
tfidf_only,random,,331,5.57040998217471e-06,9.78090766823165e-06,72
tfidf_only,random,,332,5.57040998217471e-06,9.78090766823165e-06,72
tfidf_only,random,,333,5.57040998217471e-06,9.78090766823165e-06,72
tfidf_only,random,,334,5.57040998217471e-06,9.78090766823165e-06,72
tfidf_only,random,,335,5.57040998217471e-06,9.78090766823165e-06,72
tfidf_only,random,,336,5.57040998217471e-06,9.78090766823165e-06,72
tfidf_only,random,,337,5.57040998217471e-06,9.78090766823165e-06,72
tfidf_only,random,,338,5.57040998217471e-06,9.78090766823165e-06,72
tfidf_only,random,,339,5.57040998217471e-06,9.78090766823165e-06,72
tfidf_only,random,,340,5.57040998217471e-06,9.78090766823165e-06,72
tfidf_only,random,,341,5.57040998217471e-06,9.78090766823165e-06,72
tfidf_only,random,,342,5.57040998217471e-06,9.78090766823165e-06,72
tfidf_only,random,,343,5.57040998217471e-06,9.78090766823165e-06,72
tfidf_only,random,,344,5.57040998217471e-06,9.78090766823165e-06,72
tfidf_only,random,,345,5.57040998217471e-06,9.78090766823165e-06,72
tfidf_only,random,,346,5.57040998217471e-06,9.78090766823165e-06,72
tfidf_only,random,,347,5.57040998217471e-06,9.78090766823165e-06,72
tfidf_only,random,,348,5.57040998217471e-06,9.78090766823165e-06,72
tfidf_only,random,,349,5.57040998217471e-06,9.78090766823165e-06,72
tfidf_only,random,,350,5.57040998217471e-06,9.78090766823165e-06,72
tfidf_only,random,,351,5.57040998217471e-06,9.78090766823165e-06,72
tfidf_only,random,,352,5.57040998217471e-06,9.78090766823165e-06,72
tfidf_only,random,,353,5.57040998217471e-06,9.78090766823165e-06,72
tfidf_only,random,,354,5.57040998217471e-06,9.78090766823165e-06,72
tfidf_only,random,,355,5.57040998217471e-06,9.78090766823165e-06,72
tfidf_only,random,,356,5.57040998217471e-06,9.78090766823165e-06,72
tfidf_only,random,,357,5.57040998217471e-06,9.78090766823165e-06,72
tfidf_only,random,,358,5.57040998217471e-06,9.78090766823165e-06,72
tfidf_only,random,,359,5.57040998217471e-06,9.78090766823165e-06,72
tfidf_only,random,,360,5.57040998217471e-06,9.78090766823165e-06,72
tfidf_only,random,,361,3.7136066547831405e-06,6.520605112154433e-06,72
tfidf_only,random,,362,3.7136066547831405e-06,6.520605112154433e-06,72
tfidf_only,random,,363,3.7136066547831405e-06,6.520605112154433e-06,72
tfidf_only,random,,364,3.7136066547831405e-06,6.520605112154433e-06,72
tfidf_only,random,,365,3.7136066547831405e-06,6.520605112154433e-06,72
tfidf_only,random,,366,3.7136066547831405e-06,6.520605112154433e-06,72
tfidf_only,random,,367,3.7136066547831405e-06,6.520605112154433e-06,72
tfidf_only,random,,368,3.7136066547831405e-06,6.520605112154433e-06,72
tfidf_only,random,,369,3.7136066547831405e-06,6.520605112154433e-06,72
tfidf_only,random,,370,3.7136066547831405e-06,6.520605112154433e-06,72
tfidf_only,random,,371,3.7136066547831405e-06,6.520605112154433e-06,72
tfidf_only,random,,372,3.7136066547831405e-06,6.520605112154433e-06,72
tfidf_only,random,,373,3.7136066547831405e-06,6.520605112154433e-06,72
tfidf_only,random,,374,3.7136066547831405e-06,6.520605112154433e-06,72
tfidf_only,random,,375,3.7136066547831405e-06,6.520605112154433e-06,72
tfidf_only,random,,376,3.7136066547831405e-06,6.520605112154433e-06,72
tfidf_only,random,,377,3.7136066547831405e-06,6.520605112154433e-06,72
tfidf_only,random,,378,3.7136066547831405e-06,6.520605112154433e-06,72
tfidf_only,random,,379,3.7136066547831405e-06,6.520605112154433e-06,72
tfidf_only,random,,380,3.7136066547831405e-06,6.520605112154433e-06,72
tfidf_only,random,,381,3.7136066547831405e-06,6.520605112154433e-06,72
tfidf_only,random,,382,3.7136066547831405e-06,6.520605112154433e-06,72
tfidf_only,random,,383,3.7136066547831405e-06,6.520605112154433e-06,72
tfidf_only,random,,384,3.7136066547831405e-06,6.520605112154433e-06,72
tfidf_only,random,,385,3.7136066547831405e-06,6.520605112154433e-06,72
tfidf_only,random,,386,3.7136066547831405e-06,6.520605112154433e-06,72
tfidf_only,random,,387,3.7136066547831405e-06,6.520605112154433e-06,72
tfidf_only,random,,388,3.7136066547831405e-06,6.520605112154433e-06,72
tfidf_only,random,,389,3.7136066547831405e-06,6.520605112154433e-06,72
tfidf_only,random,,390,3.7136066547831405e-06,6.520605112154433e-06,72
tfidf_only,random,,391,3.7136066547831405e-06,6.520605112154433e-06,72
tfidf_only,random,,392,3.7136066547831405e-06,6.520605112154433e-06,72
tfidf_only,random,,393,3.7136066547831405e-06,6.520605112154433e-06,72
tfidf_only,random,,394,3.7136066547831405e-06,6.520605112154433e-06,72
tfidf_only,random,,395,3.7136066547831405e-06,6.520605112154433e-06,72
tfidf_only,random,,396,3.7136066547831405e-06,6.520605112154433e-06,72
tfidf_only,random,,397,3.7136066547831405e-06,6.520605112154433e-06,72
tfidf_only,random,,398,3.7136066547831405e-06,6.520605112154433e-06,72
tfidf_only,random,,399,3.7136066547831405e-06,6.520605112154433e-06,72
tfidf_only,random,,400,3.7136066547831405e-06,6.520605112154433e-06,72
tfidf_only,random,,401,3.7136066547831405e-06,6.520605112154433e-06,72
tfidf_only,random,,402,3.7136066547831405e-06,6.520605112154433e-06,72
tfidf_only,random,,403,3.7136066547831405e-06,6.520605112154433e-06,72
tfidf_only,random,,404,3.7136066547831405e-06,6.520605112154433e-06,72
tfidf_only,random,,405,3.7136066547831405e-06,6.520605112154433e-06,72
tfidf_only,random,,406,3.7136066547831405e-06,6.520605112154433e-06,72
tfidf_only,random,,407,3.7136066547831405e-06,6.520605112154433e-06,72
tfidf_only,random,,408,3.7136066547831405e-06,6.520605112154433e-06,72
tfidf_only,random,,409,3.7136066547831405e-06,6.520605112154433e-06,72
tfidf_only,random,,410,3.7136066547831405e-06,6.520605112154433e-06,72
tfidf_only,random,,411,1.8568033273915703e-06,3.2603025560772167e-06,72
tfidf_only,random,,412,1.8568033273915703e-06,3.2603025560772167e-06,72
tfidf_only,random,,413,1.8568033273915703e-06,3.2603025560772167e-06,72
tfidf_only,random,,414,1.8568033273915703e-06,3.2603025560772167e-06,72
tfidf_only,random,,415,1.8568033273915703e-06,3.2603025560772167e-06,72
tfidf_only,random,,416,0.0,0.0,72
tfidf_only,random,,417,0.0,0.0,72
tfidf_only,random,,418,0.0,0.0,72
tfidf_only,random,,419,0.0,0.0,72
tfidf_only,random,,420,0.0,0.0,72
tfidf_only,random,,421,0.0,0.0,72
tfidf_only,random,,422,0.0,0.0,72
tfidf_only,random,,423,0.0,0.0,72
tfidf_only,random,,424,0.0,0.0,72
tfidf_only,random,,425,0.0,0.0,72
tfidf_only,random,,426,0.0,0.0,72
tfidf_only,random,,427,0.0,0.0,72
tfidf_only,random,,428,0.0,0.0,72
tfidf_only,random,,429,0.0,0.0,72
tfidf_only,random,,430,0.0,0.0,72
tfidf_only,random,,431,0.0,0.0,72
tfidf_only,random,,432,0.0,0.0,72
tfidf_only,random,,433,0.0,0.0,72
tfidf_only,random,,434,0.0,0.0,72
tfidf_only,random,,435,0.0,0.0,72
tfidf_only,random,,436,0.0,0.0,72
tfidf_only,random,,437,0.0,0.0,72
tfidf_only,random,,438,0.0,0.0,72
tfidf_only,random,,439,0.0,0.0,72
tfidf_only,random,,440,0.0,0.0,72
tfidf_only,random,,441,0.0,0.0,72
tfidf_only,random,,442,0.0,0.0,72
tfidf_only,random,,443,0.0,0.0,72
tfidf_only,random,,444,0.0,0.0,72
tfidf_only,random,,445,0.0,0.0,72
tfidf_only,random,,446,0.0,0.0,72
tfidf_only,random,,447,0.0,0.0,72
tfidf_only,random,,448,0.0,0.0,72
tfidf_only,random,,449,0.0,0.0,72
tfidf_only,random,,450,0.0,0.0,72
tfidf_only,random,,451,0.0,0.0,72
tfidf_only,random,,452,0.0,0.0,72
tfidf_meta,model,extra_trees,1,0.014849292509045006,0.031412663480701944,72
tfidf_meta,model,extra_trees,2,0.005756504765892706,0.013848204363939498,72
tfidf_meta,model,extra_trees,3,0.005049339368023082,0.012746540745294948,72
tfidf_meta,model,extra_trees,4,0.00425854167062644,0.01085854090083302,72
tfidf_meta,model,extra_trees,5,0.0036736836308439314,0.010033811373568508,72
tfidf_meta,model,extra_trees,6,0.0033128536524727886,0.009068874651049812,72
tfidf_meta,model,extra_trees,7,0.0029758166868449234,0.008319531958190234,72
tfidf_meta,model,extra_trees,8,0.002724182962903437,0.007295952876745865,72
tfidf_meta,model,extra_trees,9,0.002461823233060428,0.006123742098948304,72
tfidf_meta,model,extra_trees,10,0.0024351650969973004,0.006082812170984976,72
tfidf_meta,model,extra_trees,11,0.002402069432308395,0.005999148830876032,72
tfidf_meta,model,extra_trees,12,0.0022699740216803755,0.00567615131183954,72
tfidf_meta,model,extra_trees,13,0.0022603774415355152,0.005665826428770328,72
tfidf_meta,model,extra_trees,14,0.0022055517421233767,0.0055808295944992205,72
tfidf_meta,model,extra_trees,15,0.002026638419358667,0.0049634464419613805,72
tfidf_meta,model,extra_trees,16,0.0016428967450980174,0.003418874756243526,72
tfidf_meta,model,extra_trees,17,0.001628888862054907,0.0033805033200903743,72
tfidf_meta,model,extra_trees,18,0.001628888862054907,0.0033805033200903743,72
tfidf_meta,model,extra_trees,19,0.0005967163767039321,0.001603473765283041,72
tfidf_meta,model,extra_trees,20,0.000541012276882185,0.0015056646886007245,72
tfidf_meta,model,extra_trees,21,0.000541012276882185,0.0015056646886007245,72
tfidf_meta,model,extra_trees,22,0.000541012276882185,0.0015056646886007245,72
tfidf_meta,model,extra_trees,23,0.000541012276882185,0.0015056646886007245,72
tfidf_meta,model,extra_trees,24,0.0004933660028208173,0.001238571375194864,72
tfidf_meta,model,extra_trees,25,0.00039217552663034044,0.0011246914180673177,72
tfidf_meta,model,extra_trees,26,0.00039217552663034044,0.0011246914180673177,72
tfidf_meta,model,extra_trees,27,0.00039217552663034044,0.0011246914180673177,72
tfidf_meta,model,extra_trees,28,0.00039217552663034044,0.0011246914180673177,72
tfidf_meta,model,extra_trees,29,0.000352658377902667,0.000989615915504822,72
tfidf_meta,model,extra_trees,30,0.00033620915401421584,0.0009289429412204913,72
tfidf_meta,model,extra_trees,31,0.00033620915401421584,0.0009289429412204913,72
tfidf_meta,model,extra_trees,32,0.00033620915401421584,0.0009289429412204913,72
tfidf_meta,model,extra_trees,33,0.00033620915401421584,0.0009289429412204913,72
tfidf_meta,model,extra_trees,34,0.00031817079372540983,0.0009065040461200828,72
tfidf_meta,model,extra_trees,35,0.00031817079372540983,0.0009065040461200828,72
tfidf_meta,model,extra_trees,36,0.00031817079372540983,0.0009065040461200828,72
tfidf_meta,model,extra_trees,37,0.00031817079372540983,0.0009065040461200828,72
tfidf_meta,model,extra_trees,38,0.00031817079372540983,0.0009065040461200828,72
tfidf_meta,model,extra_trees,39,0.00031817079372540983,0.0009065040461200828,72
tfidf_meta,model,extra_trees,40,0.00031817079372540983,0.0009065040461200828,72
tfidf_meta,model,extra_trees,41,0.00031817079372540983,0.0009065040461200828,72
tfidf_meta,model,extra_trees,42,0.0002765041270587416,0.0008243212716296129,72
tfidf_meta,model,extra_trees,43,0.0002765041270587416,0.0008243212716296129,72
tfidf_meta,model,extra_trees,44,0.0002600870007125364,0.0007986011070205581,72
tfidf_meta,model,extra_trees,45,0.0002600870007125364,0.0007986011070205581,72
tfidf_meta,model,extra_trees,46,0.0002600870007125364,0.0007986011070205581,72
tfidf_meta,model,extra_trees,47,0.00025573311704830807,0.0007906373011598885,72
tfidf_meta,model,extra_trees,48,0.00015851089482608573,0.0006757174167364578,72
tfidf_meta,model,extra_trees,49,0.00014908191391034244,0.00062895348108363,72
tfidf_meta,model,extra_trees,50,0.00014908191391034244,0.00062895348108363,72
tfidf_meta,model,extra_trees,51,0.00014908191391034244,0.00062895348108363,72
tfidf_meta,model,extra_trees,52,0.00014908191391034244,0.00062895348108363,72
tfidf_meta,model,extra_trees,53,0.00014908191391034244,0.00062895348108363,72
tfidf_meta,model,extra_trees,54,0.00014908191391034244,0.00062895348108363,72
tfidf_meta,model,extra_trees,55,0.00014908191391034244,0.00062895348108363,72
tfidf_meta,model,extra_trees,56,0.00014908191391034244,0.00062895348108363,72
tfidf_meta,model,extra_trees,57,0.00014908191391034244,0.00062895348108363,72
tfidf_meta,model,extra_trees,58,0.00014908191391034244,0.00062895348108363,72
tfidf_meta,model,extra_trees,59,0.00014908191391034244,0.00062895348108363,72
tfidf_meta,model,extra_trees,60,0.00014908191391034244,0.00062895348108363,72
tfidf_meta,model,extra_trees,61,0.00014908191391034244,0.00062895348108363,72
tfidf_meta,model,extra_trees,62,0.00014908191391034244,0.00062895348108363,72
tfidf_meta,model,extra_trees,63,0.00014908191391034244,0.00062895348108363,72
tfidf_meta,model,extra_trees,64,6.574858057701059e-05,9.476544689560493e-05,72
tfidf_meta,model,extra_trees,65,6.574858057701059e-05,9.476544689560493e-05,72
tfidf_meta,model,extra_trees,66,6.574858057701059e-05,9.476544689560493e-05,72
tfidf_meta,model,extra_trees,67,6.574858057701059e-05,9.476544689560493e-05,72
tfidf_meta,model,extra_trees,68,6.574858057701059e-05,9.476544689560493e-05,72
tfidf_meta,model,extra_trees,69,6.574858057701059e-05,9.476544689560493e-05,72
tfidf_meta,model,extra_trees,70,6.574858057701059e-05,9.476544689560493e-05,72
tfidf_meta,model,extra_trees,71,6.574858057701059e-05,9.476544689560493e-05,72
tfidf_meta,model,extra_trees,72,5.171939988116467e-05,8.070786704855287e-05,72
tfidf_meta,model,extra_trees,73,5.171939988116467e-05,8.070786704855287e-05,72
tfidf_meta,model,extra_trees,74,3.7136066547831405e-05,6.520605112154433e-05,72
tfidf_meta,model,extra_trees,75,3.7136066547831405e-05,6.520605112154433e-05,72
tfidf_meta,model,extra_trees,76,3.7136066547831405e-05,6.520605112154433e-05,72
tfidf_meta,model,extra_trees,77,3.7136066547831405e-05,6.520605112154433e-05,72
tfidf_meta,model,extra_trees,78,3.7136066547831405e-05,6.520605112154433e-05,72
tfidf_meta,model,extra_trees,79,3.7136066547831405e-05,6.520605112154433e-05,72
tfidf_meta,model,extra_trees,80,3.7136066547831405e-05,6.520605112154433e-05,72
tfidf_meta,model,extra_trees,81,3.7136066547831405e-05,6.520605112154433e-05,72
tfidf_meta,model,extra_trees,82,3.7136066547831405e-05,6.520605112154433e-05,72
tfidf_meta,model,extra_trees,83,3.7136066547831405e-05,6.520605112154433e-05,72
tfidf_meta,model,extra_trees,84,3.7136066547831405e-05,6.520605112154433e-05,72
tfidf_meta,model,extra_trees,85,3.7136066547831405e-05,6.520605112154433e-05,72
tfidf_meta,model,extra_trees,86,3.7136066547831405e-05,6.520605112154433e-05,72
tfidf_meta,model,extra_trees,87,3.7136066547831405e-05,6.520605112154433e-05,72
tfidf_meta,model,extra_trees,88,3.7136066547831405e-05,6.520605112154433e-05,72
tfidf_meta,model,extra_trees,89,3.7136066547831405e-05,6.520605112154433e-05,72
tfidf_meta,model,extra_trees,90,3.7136066547831405e-05,6.520605112154433e-05,72
tfidf_meta,model,extra_trees,91,3.7136066547831405e-05,6.520605112154433e-05,72
tfidf_meta,model,extra_trees,92,3.7136066547831405e-05,6.520605112154433e-05,72
tfidf_meta,model,extra_trees,93,3.7136066547831405e-05,6.520605112154433e-05,72
tfidf_meta,model,extra_trees,94,3.7136066547831405e-05,6.520605112154433e-05,72
tfidf_meta,model,extra_trees,95,3.7136066547831405e-05,6.520605112154433e-05,72
tfidf_meta,model,extra_trees,96,3.7136066547831405e-05,6.520605112154433e-05,72
tfidf_meta,model,extra_trees,97,3.7136066547831405e-05,6.520605112154433e-05,72
tfidf_meta,model,extra_trees,98,3.7136066547831405e-05,6.520605112154433e-05,72
tfidf_meta,model,extra_trees,99,3.7136066547831405e-05,6.520605112154433e-05,72
tfidf_meta,model,extra_trees,100,3.7136066547831405e-05,6.520605112154433e-05,72
tfidf_meta,model,extra_trees,101,3.7136066547831405e-05,6.520605112154433e-05,72
tfidf_meta,model,extra_trees,102,3.7136066547831405e-05,6.520605112154433e-05,72
tfidf_meta,model,extra_trees,103,3.7136066547831405e-05,6.520605112154433e-05,72
tfidf_meta,model,extra_trees,104,3.7136066547831405e-05,6.520605112154433e-05,72
tfidf_meta,model,extra_trees,105,3.7136066547831405e-05,6.520605112154433e-05,72
tfidf_meta,model,extra_trees,106,3.7136066547831405e-05,6.520605112154433e-05,72
tfidf_meta,model,extra_trees,107,3.7136066547831405e-05,6.520605112154433e-05,72
tfidf_meta,model,extra_trees,108,3.7136066547831405e-05,6.520605112154433e-05,72
tfidf_meta,model,extra_trees,109,3.7136066547831405e-05,6.520605112154433e-05,72
tfidf_meta,model,extra_trees,110,3.7136066547831405e-05,6.520605112154433e-05,72
tfidf_meta,model,extra_trees,111,3.7136066547831405e-05,6.520605112154433e-05,72
tfidf_meta,model,extra_trees,112,3.7136066547831405e-05,6.520605112154433e-05,72
tfidf_meta,model,extra_trees,113,3.7136066547831405e-05,6.520605112154433e-05,72
tfidf_meta,model,extra_trees,114,3.7136066547831405e-05,6.520605112154433e-05,72
tfidf_meta,model,extra_trees,115,3.7136066547831405e-05,6.520605112154433e-05,72
tfidf_meta,model,extra_trees,116,3.7136066547831405e-05,6.520605112154433e-05,72
tfidf_meta,model,extra_trees,117,3.7136066547831405e-05,6.520605112154433e-05,72
tfidf_meta,model,extra_trees,118,3.7136066547831405e-05,6.520605112154433e-05,72
tfidf_meta,model,extra_trees,119,3.7136066547831405e-05,6.520605112154433e-05,72
tfidf_meta,model,extra_trees,120,3.7136066547831405e-05,6.520605112154433e-05,72
tfidf_meta,model,extra_trees,121,3.7136066547831405e-05,6.520605112154433e-05,72
tfidf_meta,model,extra_trees,122,3.7136066547831405e-05,6.520605112154433e-05,72
tfidf_meta,model,extra_trees,123,3.7136066547831405e-05,6.520605112154433e-05,72
tfidf_meta,model,extra_trees,124,3.7136066547831405e-05,6.520605112154433e-05,72
tfidf_meta,model,extra_trees,125,3.7136066547831405e-05,6.520605112154433e-05,72
tfidf_meta,model,extra_trees,126,3.7136066547831405e-05,6.520605112154433e-05,72
tfidf_meta,model,extra_trees,127,3.7136066547831405e-05,6.520605112154433e-05,72
tfidf_meta,model,extra_trees,128,3.7136066547831405e-05,6.520605112154433e-05,72
tfidf_meta,model,extra_trees,129,3.7136066547831405e-05,6.520605112154433e-05,72
tfidf_meta,model,extra_trees,130,3.7136066547831405e-05,6.520605112154433e-05,72
tfidf_meta,model,extra_trees,131,3.7136066547831405e-05,6.520605112154433e-05,72
tfidf_meta,model,extra_trees,132,3.7136066547831405e-05,6.520605112154433e-05,72
tfidf_meta,model,extra_trees,133,3.7136066547831405e-05,6.520605112154433e-05,72
tfidf_meta,model,extra_trees,134,3.7136066547831405e-05,6.520605112154433e-05,72
tfidf_meta,model,extra_trees,135,3.7136066547831405e-05,6.520605112154433e-05,72
tfidf_meta,model,extra_trees,136,3.7136066547831405e-05,6.520605112154433e-05,72
tfidf_meta,model,extra_trees,137,3.7136066547831405e-05,6.520605112154433e-05,72
tfidf_meta,model,extra_trees,138,3.7136066547831405e-05,6.520605112154433e-05,72
tfidf_meta,model,extra_trees,139,3.7136066547831405e-05,6.520605112154433e-05,72
tfidf_meta,model,extra_trees,140,3.7136066547831405e-05,6.520605112154433e-05,72
tfidf_meta,model,extra_trees,141,3.7136066547831405e-05,6.520605112154433e-05,72
tfidf_meta,model,extra_trees,142,3.7136066547831405e-05,6.520605112154433e-05,72
tfidf_meta,model,extra_trees,143,3.7136066547831405e-05,6.520605112154433e-05,72
tfidf_meta,model,extra_trees,144,3.7136066547831405e-05,6.520605112154433e-05,72
tfidf_meta,model,extra_trees,145,3.7136066547831405e-05,6.520605112154433e-05,72
tfidf_meta,model,extra_trees,146,3.7136066547831405e-05,6.520605112154433e-05,72
tfidf_meta,model,extra_trees,147,3.7136066547831405e-05,6.520605112154433e-05,72
tfidf_meta,model,extra_trees,148,3.7136066547831405e-05,6.520605112154433e-05,72
tfidf_meta,model,extra_trees,149,3.7136066547831405e-05,6.520605112154433e-05,72
tfidf_meta,model,extra_trees,150,3.7136066547831405e-05,6.520605112154433e-05,72
tfidf_meta,model,extra_trees,151,3.7136066547831405e-05,6.520605112154433e-05,72
tfidf_meta,model,extra_trees,152,3.7136066547831405e-05,6.520605112154433e-05,72
tfidf_meta,model,extra_trees,153,3.7136066547831405e-05,6.520605112154433e-05,72
tfidf_meta,model,extra_trees,154,3.7136066547831405e-05,6.520605112154433e-05,72
tfidf_meta,model,extra_trees,155,3.7136066547831405e-05,6.520605112154433e-05,72
tfidf_meta,model,extra_trees,156,3.7136066547831405e-05,6.520605112154433e-05,72
tfidf_meta,model,extra_trees,157,3.7136066547831405e-05,6.520605112154433e-05,72
tfidf_meta,model,extra_trees,158,3.7136066547831405e-05,6.520605112154433e-05,72
tfidf_meta,model,extra_trees,159,3.7136066547831405e-05,6.520605112154433e-05,72
tfidf_meta,model,extra_trees,160,3.7136066547831405e-05,6.520605112154433e-05,72
tfidf_meta,model,extra_trees,161,3.7136066547831405e-05,6.520605112154433e-05,72
tfidf_meta,model,extra_trees,162,3.7136066547831405e-05,6.520605112154433e-05,72
tfidf_meta,model,extra_trees,163,3.7136066547831405e-05,6.520605112154433e-05,72
tfidf_meta,model,extra_trees,164,3.7136066547831405e-05,6.520605112154433e-05,72
tfidf_meta,model,extra_trees,165,3.7136066547831405e-05,6.520605112154433e-05,72
tfidf_meta,model,extra_trees,166,3.7136066547831405e-05,6.520605112154433e-05,72
tfidf_meta,model,extra_trees,167,3.7136066547831405e-05,6.520605112154433e-05,72
tfidf_meta,model,extra_trees,168,3.7136066547831405e-05,6.520605112154433e-05,72
tfidf_meta,model,extra_trees,169,3.7136066547831405e-05,6.520605112154433e-05,72
tfidf_meta,model,extra_trees,170,3.7136066547831405e-05,6.520605112154433e-05,72
tfidf_meta,model,extra_trees,171,3.7136066547831405e-05,6.520605112154433e-05,72
tfidf_meta,model,extra_trees,172,3.7136066547831405e-05,6.520605112154433e-05,72
tfidf_meta,model,extra_trees,173,3.7136066547831405e-05,6.520605112154433e-05,72
tfidf_meta,model,extra_trees,174,3.7136066547831405e-05,6.520605112154433e-05,72
tfidf_meta,model,extra_trees,175,3.7136066547831405e-05,6.520605112154433e-05,72
tfidf_meta,model,extra_trees,176,3.7136066547831405e-05,6.520605112154433e-05,72
tfidf_meta,model,extra_trees,177,3.7136066547831405e-05,6.520605112154433e-05,72
tfidf_meta,model,extra_trees,178,3.7136066547831405e-05,6.520605112154433e-05,72
tfidf_meta,model,extra_trees,179,3.7136066547831405e-05,6.520605112154433e-05,72
tfidf_meta,model,extra_trees,180,3.7136066547831405e-05,6.520605112154433e-05,72
tfidf_meta,model,extra_trees,181,3.7136066547831405e-05,6.520605112154433e-05,72
tfidf_meta,model,extra_trees,182,3.7136066547831405e-05,6.520605112154433e-05,72
tfidf_meta,model,extra_trees,183,3.7136066547831405e-05,6.520605112154433e-05,72
tfidf_meta,model,extra_trees,184,3.7136066547831405e-05,6.520605112154433e-05,72
tfidf_meta,model,extra_trees,185,3.7136066547831405e-05,6.520605112154433e-05,72
tfidf_meta,model,extra_trees,186,3.7136066547831405e-05,6.520605112154433e-05,72
tfidf_meta,model,extra_trees,187,3.7136066547831405e-05,6.520605112154433e-05,72
tfidf_meta,model,extra_trees,188,3.7136066547831405e-05,6.520605112154433e-05,72
tfidf_meta,model,extra_trees,189,3.7136066547831405e-05,6.520605112154433e-05,72
tfidf_meta,model,extra_trees,190,3.7136066547831405e-05,6.520605112154433e-05,72
tfidf_meta,model,extra_trees,191,3.7136066547831405e-05,6.520605112154433e-05,72
tfidf_meta,model,extra_trees,192,3.7136066547831405e-05,6.520605112154433e-05,72
tfidf_meta,model,extra_trees,193,3.7136066547831405e-05,6.520605112154433e-05,72
tfidf_meta,model,extra_trees,194,3.7136066547831405e-05,6.520605112154433e-05,72
tfidf_meta,model,extra_trees,195,3.7136066547831405e-05,6.520605112154433e-05,72
tfidf_meta,model,extra_trees,196,3.7136066547831405e-05,6.520605112154433e-05,72
tfidf_meta,model,extra_trees,197,3.7136066547831405e-05,6.520605112154433e-05,72
tfidf_meta,model,extra_trees,198,3.7136066547831405e-05,6.520605112154433e-05,72
tfidf_meta,model,extra_trees,199,3.7136066547831405e-05,6.520605112154433e-05,72
tfidf_meta,model,extra_trees,200,3.7136066547831405e-05,6.520605112154433e-05,72
tfidf_meta,model,extra_trees,201,3.7136066547831405e-05,6.520605112154433e-05,72
tfidf_meta,model,extra_trees,202,3.7136066547831405e-05,6.520605112154433e-05,72
tfidf_meta,model,extra_trees,203,3.7136066547831405e-05,6.520605112154433e-05,72
tfidf_meta,model,extra_trees,204,3.7136066547831405e-05,6.520605112154433e-05,72
tfidf_meta,model,extra_trees,205,3.7136066547831405e-05,6.520605112154433e-05,72
tfidf_meta,model,extra_trees,206,3.7136066547831405e-05,6.520605112154433e-05,72
tfidf_meta,model,extra_trees,207,3.7136066547831405e-05,6.520605112154433e-05,72
tfidf_meta,model,extra_trees,208,3.7136066547831405e-05,6.520605112154433e-05,72
tfidf_meta,model,extra_trees,209,3.7136066547831405e-05,6.520605112154433e-05,72
tfidf_meta,model,extra_trees,210,3.7136066547831405e-05,6.520605112154433e-05,72
tfidf_meta,model,extra_trees,211,3.7136066547831405e-05,6.520605112154433e-05,72
tfidf_meta,model,extra_trees,212,3.7136066547831405e-05,6.520605112154433e-05,72
tfidf_meta,model,extra_trees,213,3.7136066547831405e-05,6.520605112154433e-05,72
tfidf_meta,model,extra_trees,214,3.7136066547831405e-05,6.520605112154433e-05,72
tfidf_meta,model,extra_trees,215,3.7136066547831405e-05,6.520605112154433e-05,72
tfidf_meta,model,extra_trees,216,3.7136066547831405e-05,6.520605112154433e-05,72
tfidf_meta,model,extra_trees,217,3.7136066547831405e-05,6.520605112154433e-05,72
tfidf_meta,model,extra_trees,218,3.7136066547831405e-05,6.520605112154433e-05,72
tfidf_meta,model,extra_trees,219,3.7136066547831405e-05,6.520605112154433e-05,72
tfidf_meta,model,extra_trees,220,3.7136066547831405e-05,6.520605112154433e-05,72
tfidf_meta,model,extra_trees,221,3.7136066547831405e-05,6.520605112154433e-05,72
tfidf_meta,model,extra_trees,222,3.7136066547831405e-05,6.520605112154433e-05,72
tfidf_meta,model,extra_trees,223,3.7136066547831405e-05,6.520605112154433e-05,72
tfidf_meta,model,extra_trees,224,3.7136066547831405e-05,6.520605112154433e-05,72
tfidf_meta,model,extra_trees,225,3.7136066547831405e-05,6.520605112154433e-05,72
tfidf_meta,model,extra_trees,226,3.7136066547831405e-05,6.520605112154433e-05,72
tfidf_meta,model,extra_trees,227,3.7136066547831405e-05,6.520605112154433e-05,72
tfidf_meta,model,extra_trees,228,3.7136066547831405e-05,6.520605112154433e-05,72
tfidf_meta,model,extra_trees,229,3.7136066547831405e-05,6.520605112154433e-05,72
tfidf_meta,model,extra_trees,230,3.7136066547831405e-05,6.520605112154433e-05,72
tfidf_meta,model,extra_trees,231,3.7136066547831405e-05,6.520605112154433e-05,72
tfidf_meta,model,extra_trees,232,3.7136066547831405e-05,6.520605112154433e-05,72
tfidf_meta,model,extra_trees,233,3.7136066547831405e-05,6.520605112154433e-05,72
tfidf_meta,model,extra_trees,234,3.7136066547831405e-05,6.520605112154433e-05,72
tfidf_meta,model,extra_trees,235,3.7136066547831405e-05,6.520605112154433e-05,72
tfidf_meta,model,extra_trees,236,3.7136066547831405e-05,6.520605112154433e-05,72
tfidf_meta,model,extra_trees,237,3.7136066547831405e-05,6.520605112154433e-05,72
tfidf_meta,model,extra_trees,238,3.7136066547831405e-05,6.520605112154433e-05,72
tfidf_meta,model,extra_trees,239,3.7136066547831405e-05,6.520605112154433e-05,72
tfidf_meta,model,extra_trees,240,3.7136066547831405e-05,6.520605112154433e-05,72
tfidf_meta,model,extra_trees,241,3.7136066547831405e-05,6.520605112154433e-05,72
tfidf_meta,model,extra_trees,242,3.7136066547831405e-05,6.520605112154433e-05,72
tfidf_meta,model,extra_trees,243,3.7136066547831405e-05,6.520605112154433e-05,72
tfidf_meta,model,extra_trees,244,3.7136066547831405e-05,6.520605112154433e-05,72
tfidf_meta,model,extra_trees,245,3.7136066547831405e-05,6.520605112154433e-05,72
tfidf_meta,model,extra_trees,246,3.7136066547831405e-05,6.520605112154433e-05,72
tfidf_meta,model,extra_trees,247,3.7136066547831405e-05,6.520605112154433e-05,72
tfidf_meta,model,extra_trees,248,3.7136066547831405e-05,6.520605112154433e-05,72
tfidf_meta,model,extra_trees,249,3.7136066547831405e-05,6.520605112154433e-05,72
tfidf_meta,model,extra_trees,250,3.7136066547831405e-05,6.520605112154433e-05,72
tfidf_meta,model,extra_trees,251,3.7136066547831405e-05,6.520605112154433e-05,72
tfidf_meta,model,extra_trees,252,3.7136066547831405e-05,6.520605112154433e-05,72
tfidf_meta,model,extra_trees,253,3.7136066547831405e-05,6.520605112154433e-05,72
tfidf_meta,model,extra_trees,254,3.7136066547831405e-05,6.520605112154433e-05,72
tfidf_meta,model,extra_trees,255,3.7136066547831405e-05,6.520605112154433e-05,72
tfidf_meta,model,extra_trees,256,3.7136066547831405e-05,6.520605112154433e-05,72
tfidf_meta,model,extra_trees,257,3.7136066547831405e-05,6.520605112154433e-05,72
tfidf_meta,model,extra_trees,258,3.7136066547831405e-05,6.520605112154433e-05,72
tfidf_meta,model,extra_trees,259,3.7136066547831405e-05,6.520605112154433e-05,72
tfidf_meta,model,extra_trees,260,3.7136066547831405e-05,6.520605112154433e-05,72
tfidf_meta,model,extra_trees,261,3.7136066547831405e-05,6.520605112154433e-05,72
tfidf_meta,model,extra_trees,262,3.7136066547831405e-05,6.520605112154433e-05,72
tfidf_meta,model,extra_trees,263,3.7136066547831405e-05,6.520605112154433e-05,72
tfidf_meta,model,extra_trees,264,3.7136066547831405e-05,6.520605112154433e-05,72
tfidf_meta,model,extra_trees,265,3.7136066547831405e-05,6.520605112154433e-05,72
tfidf_meta,model,extra_trees,266,3.7136066547831405e-05,6.520605112154433e-05,72
tfidf_meta,model,extra_trees,267,3.7136066547831405e-05,6.520605112154433e-05,72
tfidf_meta,model,extra_trees,268,3.7136066547831405e-05,6.520605112154433e-05,72
tfidf_meta,model,extra_trees,269,3.7136066547831405e-05,6.520605112154433e-05,72
tfidf_meta,model,extra_trees,270,3.7136066547831405e-05,6.520605112154433e-05,72
tfidf_meta,model,extra_trees,271,3.7136066547831405e-05,6.520605112154433e-05,72
tfidf_meta,model,extra_trees,272,3.7136066547831405e-05,6.520605112154433e-05,72
tfidf_meta,model,extra_trees,273,3.7136066547831405e-05,6.520605112154433e-05,72
tfidf_meta,model,extra_trees,274,3.7136066547831405e-05,6.520605112154433e-05,72
tfidf_meta,model,extra_trees,275,3.7136066547831405e-05,6.520605112154433e-05,72
tfidf_meta,model,extra_trees,276,3.7136066547831405e-05,6.520605112154433e-05,72
tfidf_meta,model,extra_trees,277,3.7136066547831405e-05,6.520605112154433e-05,72
tfidf_meta,model,extra_trees,278,3.7136066547831405e-05,6.520605112154433e-05,72
tfidf_meta,model,extra_trees,279,3.7136066547831405e-05,6.520605112154433e-05,72
tfidf_meta,model,extra_trees,280,3.7136066547831405e-05,6.520605112154433e-05,72
tfidf_meta,model,extra_trees,281,3.7136066547831405e-05,6.520605112154433e-05,72
tfidf_meta,model,extra_trees,282,3.7136066547831405e-05,6.520605112154433e-05,72
tfidf_meta,model,extra_trees,283,3.7136066547831405e-05,6.520605112154433e-05,72
tfidf_meta,model,extra_trees,284,3.7136066547831405e-05,6.520605112154433e-05,72
tfidf_meta,model,extra_trees,285,3.7136066547831405e-05,6.520605112154433e-05,72
tfidf_meta,model,extra_trees,286,3.7136066547831405e-05,6.520605112154433e-05,72
tfidf_meta,model,extra_trees,287,3.7136066547831405e-05,6.520605112154433e-05,72
tfidf_meta,model,extra_trees,288,3.7136066547831405e-05,6.520605112154433e-05,72
tfidf_meta,model,extra_trees,289,3.7136066547831405e-05,6.520605112154433e-05,72
tfidf_meta,model,extra_trees,290,3.7136066547831405e-05,6.520605112154433e-05,72
tfidf_meta,model,extra_trees,291,3.7136066547831405e-05,6.520605112154433e-05,72
tfidf_meta,model,extra_trees,292,3.7136066547831405e-05,6.520605112154433e-05,72
tfidf_meta,model,extra_trees,293,3.7136066547831405e-05,6.520605112154433e-05,72
tfidf_meta,model,extra_trees,294,3.7136066547831405e-05,6.520605112154433e-05,72
tfidf_meta,model,extra_trees,295,3.7136066547831405e-05,6.520605112154433e-05,72
tfidf_meta,model,extra_trees,296,3.7136066547831405e-05,6.520605112154433e-05,72
tfidf_meta,model,extra_trees,297,3.7136066547831405e-05,6.520605112154433e-05,72
tfidf_meta,model,extra_trees,298,3.7136066547831405e-05,6.520605112154433e-05,72
tfidf_meta,model,extra_trees,299,3.7136066547831405e-05,6.520605112154433e-05,72
tfidf_meta,model,extra_trees,300,3.7136066547831405e-05,6.520605112154433e-05,72
tfidf_meta,model,extra_trees,301,3.7136066547831405e-05,6.520605112154433e-05,72
tfidf_meta,model,extra_trees,302,3.7136066547831405e-05,6.520605112154433e-05,72
tfidf_meta,model,extra_trees,303,3.7136066547831405e-05,6.520605112154433e-05,72
tfidf_meta,model,extra_trees,304,3.7136066547831405e-05,6.520605112154433e-05,72
tfidf_meta,model,extra_trees,305,3.7136066547831405e-05,6.520605112154433e-05,72
tfidf_meta,model,extra_trees,306,3.7136066547831405e-05,6.520605112154433e-05,72
tfidf_meta,model,extra_trees,307,3.7136066547831405e-05,6.520605112154433e-05,72
tfidf_meta,model,extra_trees,308,3.7136066547831405e-05,6.520605112154433e-05,72
tfidf_meta,model,extra_trees,309,3.7136066547831405e-05,6.520605112154433e-05,72
tfidf_meta,model,extra_trees,310,3.7136066547831405e-05,6.520605112154433e-05,72
tfidf_meta,model,extra_trees,311,3.7136066547831405e-05,6.520605112154433e-05,72
tfidf_meta,model,extra_trees,312,3.7136066547831405e-05,6.520605112154433e-05,72
tfidf_meta,model,extra_trees,313,3.7136066547831405e-05,6.520605112154433e-05,72
tfidf_meta,model,extra_trees,314,3.7136066547831405e-05,6.520605112154433e-05,72
tfidf_meta,model,extra_trees,315,3.7136066547831405e-05,6.520605112154433e-05,72
tfidf_meta,model,extra_trees,316,3.7136066547831405e-05,6.520605112154433e-05,72
tfidf_meta,model,extra_trees,317,3.7136066547831405e-05,6.520605112154433e-05,72
tfidf_meta,model,extra_trees,318,3.7136066547831405e-05,6.520605112154433e-05,72
tfidf_meta,model,extra_trees,319,3.7136066547831405e-05,6.520605112154433e-05,72
tfidf_meta,model,extra_trees,320,3.7136066547831405e-05,6.520605112154433e-05,72
tfidf_meta,model,extra_trees,321,3.7136066547831405e-05,6.520605112154433e-05,72
tfidf_meta,model,extra_trees,322,3.7136066547831405e-05,6.520605112154433e-05,72
tfidf_meta,model,extra_trees,323,3.7136066547831405e-05,6.520605112154433e-05,72
tfidf_meta,model,extra_trees,324,3.7136066547831405e-05,6.520605112154433e-05,72
tfidf_meta,model,extra_trees,325,3.7136066547831405e-05,6.520605112154433e-05,72
tfidf_meta,model,extra_trees,326,3.7136066547831405e-05,6.520605112154433e-05,72
tfidf_meta,model,extra_trees,327,3.7136066547831405e-05,6.520605112154433e-05,72
tfidf_meta,model,extra_trees,328,3.7136066547831405e-05,6.520605112154433e-05,72
tfidf_meta,model,extra_trees,329,3.7136066547831405e-05,6.520605112154433e-05,72
tfidf_meta,model,extra_trees,330,3.7136066547831405e-05,6.520605112154433e-05,72
tfidf_meta,model,extra_trees,331,3.7136066547831405e-05,6.520605112154433e-05,72
tfidf_meta,model,extra_trees,332,3.7136066547831405e-05,6.520605112154433e-05,72
tfidf_meta,model,extra_trees,333,3.7136066547831405e-05,6.520605112154433e-05,72
tfidf_meta,model,extra_trees,334,3.7136066547831405e-05,6.520605112154433e-05,72
tfidf_meta,model,extra_trees,335,3.7136066547831405e-05,6.520605112154433e-05,72
tfidf_meta,model,extra_trees,336,3.7136066547831405e-05,6.520605112154433e-05,72
tfidf_meta,model,extra_trees,337,3.7136066547831405e-05,6.520605112154433e-05,72
tfidf_meta,model,extra_trees,338,3.7136066547831405e-05,6.520605112154433e-05,72
tfidf_meta,model,extra_trees,339,3.7136066547831405e-05,6.520605112154433e-05,72
tfidf_meta,model,extra_trees,340,3.7136066547831405e-05,6.520605112154433e-05,72
tfidf_meta,model,extra_trees,341,3.7136066547831405e-05,6.520605112154433e-05,72
tfidf_meta,model,extra_trees,342,3.7136066547831405e-05,6.520605112154433e-05,72
tfidf_meta,model,extra_trees,343,3.7136066547831405e-05,6.520605112154433e-05,72
tfidf_meta,model,extra_trees,344,3.7136066547831405e-05,6.520605112154433e-05,72
tfidf_meta,model,extra_trees,345,3.7136066547831405e-05,6.520605112154433e-05,72
tfidf_meta,model,extra_trees,346,3.7136066547831405e-05,6.520605112154433e-05,72
tfidf_meta,model,extra_trees,347,3.7136066547831405e-05,6.520605112154433e-05,72
tfidf_meta,model,extra_trees,348,3.7136066547831405e-05,6.520605112154433e-05,72
tfidf_meta,model,extra_trees,349,3.7136066547831405e-05,6.520605112154433e-05,72
tfidf_meta,model,extra_trees,350,3.7136066547831405e-05,6.520605112154433e-05,72
tfidf_meta,model,extra_trees,351,3.7136066547831405e-05,6.520605112154433e-05,72
tfidf_meta,model,extra_trees,352,3.7136066547831405e-05,6.520605112154433e-05,72
tfidf_meta,model,extra_trees,353,3.7136066547831405e-05,6.520605112154433e-05,72
tfidf_meta,model,extra_trees,354,3.7136066547831405e-05,6.520605112154433e-05,72
tfidf_meta,model,extra_trees,355,3.7136066547831405e-05,6.520605112154433e-05,72
tfidf_meta,model,extra_trees,356,3.7136066547831405e-05,6.520605112154433e-05,72
tfidf_meta,model,extra_trees,357,3.7136066547831405e-05,6.520605112154433e-05,72
tfidf_meta,model,extra_trees,358,3.7136066547831405e-05,6.520605112154433e-05,72
tfidf_meta,model,extra_trees,359,3.7136066547831405e-05,6.520605112154433e-05,72
tfidf_meta,model,extra_trees,360,3.7136066547831405e-05,6.520605112154433e-05,72
tfidf_meta,model,extra_trees,361,3.7136066547831405e-05,6.520605112154433e-05,72
tfidf_meta,model,extra_trees,362,0.0,0.0,72
tfidf_meta,model,extra_trees,363,0.0,0.0,72
tfidf_meta,model,extra_trees,364,0.0,0.0,72
tfidf_meta,model,extra_trees,365,0.0,0.0,72
tfidf_meta,model,extra_trees,366,0.0,0.0,72
tfidf_meta,model,extra_trees,367,0.0,0.0,72
tfidf_meta,model,extra_trees,368,0.0,0.0,72
tfidf_meta,model,extra_trees,369,0.0,0.0,72
tfidf_meta,model,extra_trees,370,0.0,0.0,72
tfidf_meta,model,extra_trees,371,0.0,0.0,72
tfidf_meta,model,extra_trees,372,0.0,0.0,72
tfidf_meta,model,extra_trees,373,0.0,0.0,72
tfidf_meta,model,extra_trees,374,0.0,0.0,72
tfidf_meta,model,extra_trees,375,0.0,0.0,72
tfidf_meta,model,extra_trees,376,0.0,0.0,72
tfidf_meta,model,extra_trees,377,0.0,0.0,72
tfidf_meta,model,extra_trees,378,0.0,0.0,72
tfidf_meta,model,extra_trees,379,0.0,0.0,72
tfidf_meta,model,extra_trees,380,0.0,0.0,72
tfidf_meta,model,extra_trees,381,0.0,0.0,72
tfidf_meta,model,extra_trees,382,0.0,0.0,72
tfidf_meta,model,extra_trees,383,0.0,0.0,72
tfidf_meta,model,extra_trees,384,0.0,0.0,72
tfidf_meta,model,extra_trees,385,0.0,0.0,72
tfidf_meta,model,extra_trees,386,0.0,0.0,72
tfidf_meta,model,extra_trees,387,0.0,0.0,72
tfidf_meta,model,extra_trees,388,0.0,0.0,72
tfidf_meta,model,extra_trees,389,0.0,0.0,72
tfidf_meta,model,extra_trees,390,0.0,0.0,72
tfidf_meta,model,extra_trees,391,0.0,0.0,72
tfidf_meta,model,extra_trees,392,0.0,0.0,72
tfidf_meta,model,extra_trees,393,0.0,0.0,72
tfidf_meta,model,extra_trees,394,0.0,0.0,72
tfidf_meta,model,extra_trees,395,0.0,0.0,72
tfidf_meta,model,extra_trees,396,0.0,0.0,72
tfidf_meta,model,extra_trees,397,0.0,0.0,72
tfidf_meta,model,extra_trees,398,0.0,0.0,72
tfidf_meta,model,extra_trees,399,0.0,0.0,72
tfidf_meta,model,extra_trees,400,0.0,0.0,72
tfidf_meta,model,extra_trees,401,0.0,0.0,72
tfidf_meta,model,extra_trees,402,0.0,0.0,72
tfidf_meta,model,extra_trees,403,0.0,0.0,72
tfidf_meta,model,extra_trees,404,0.0,0.0,72
tfidf_meta,model,extra_trees,405,0.0,0.0,72
tfidf_meta,model,extra_trees,406,0.0,0.0,72
tfidf_meta,model,extra_trees,407,0.0,0.0,72
tfidf_meta,model,extra_trees,408,0.0,0.0,72
tfidf_meta,model,extra_trees,409,0.0,0.0,72
tfidf_meta,model,extra_trees,410,0.0,0.0,72
tfidf_meta,model,extra_trees,411,0.0,0.0,72
tfidf_meta,model,extra_trees,412,0.0,0.0,72
tfidf_meta,model,extra_trees,413,0.0,0.0,72
tfidf_meta,model,extra_trees,414,0.0,0.0,72
tfidf_meta,model,extra_trees,415,0.0,0.0,72
tfidf_meta,model,extra_trees,416,0.0,0.0,72
tfidf_meta,model,extra_trees,417,0.0,0.0,72
tfidf_meta,model,extra_trees,418,0.0,0.0,72
tfidf_meta,model,extra_trees,419,0.0,0.0,72
tfidf_meta,model,extra_trees,420,0.0,0.0,72
tfidf_meta,model,extra_trees,421,0.0,0.0,72
tfidf_meta,model,extra_trees,422,0.0,0.0,72
tfidf_meta,model,extra_trees,423,0.0,0.0,72
tfidf_meta,model,extra_trees,424,0.0,0.0,72
tfidf_meta,model,extra_trees,425,0.0,0.0,72
tfidf_meta,model,extra_trees,426,0.0,0.0,72
tfidf_meta,model,extra_trees,427,0.0,0.0,72
tfidf_meta,model,extra_trees,428,0.0,0.0,72
tfidf_meta,model,extra_trees,429,0.0,0.0,72
tfidf_meta,model,extra_trees,430,0.0,0.0,72
tfidf_meta,model,extra_trees,431,0.0,0.0,72
tfidf_meta,model,extra_trees,432,0.0,0.0,72
tfidf_meta,model,extra_trees,433,0.0,0.0,72
tfidf_meta,model,extra_trees,434,0.0,0.0,72
tfidf_meta,model,extra_trees,435,0.0,0.0,72
tfidf_meta,model,extra_trees,436,0.0,0.0,72
tfidf_meta,model,extra_trees,437,0.0,0.0,72
tfidf_meta,model,extra_trees,438,0.0,0.0,72
tfidf_meta,model,extra_trees,439,0.0,0.0,72
tfidf_meta,model,extra_trees,440,0.0,0.0,72
tfidf_meta,model,extra_trees,441,0.0,0.0,72
tfidf_meta,model,extra_trees,442,0.0,0.0,72
tfidf_meta,model,extra_trees,443,0.0,0.0,72
tfidf_meta,model,extra_trees,444,0.0,0.0,72
tfidf_meta,model,extra_trees,445,0.0,0.0,72
tfidf_meta,model,extra_trees,446,0.0,0.0,72
tfidf_meta,model,extra_trees,447,0.0,0.0,72
tfidf_meta,model,extra_trees,448,0.0,0.0,72
tfidf_meta,model,extra_trees,449,0.0,0.0,72
tfidf_meta,model,extra_trees,450,0.0,0.0,72
tfidf_meta,model,extra_trees,451,0.0,0.0,72
tfidf_meta,model,extra_trees,452,0.0,0.0,72
tfidf_meta,global_default,,1,0.0360121257091275,0.09458661864357781,72
tfidf_meta,global_default,,2,0.017112565193282483,0.05234838578932467,72
tfidf_meta,global_default,,3,0.008998916769875498,0.02573861199201796,72
tfidf_meta,global_default,,4,0.00664143203001943,0.020464836154834642,72
tfidf_meta,global_default,,5,0.004863231875964684,0.015769144775834562,72
tfidf_meta,global_default,,6,0.0038461413367545175,0.01336811707245806,72
tfidf_meta,global_default,,7,0.0033402625235658314,0.012237955707910147,72
tfidf_meta,global_default,,8,0.0026092634830223163,0.010598929794926017,72
tfidf_meta,global_default,,9,0.0020774511168698043,0.0060952317957620504,72
tfidf_meta,global_default,,10,0.0020774511168698043,0.0060952317957620504,72
tfidf_meta,global_default,,11,0.001538764005760068,0.004482674564570527,72
tfidf_meta,global_default,,12,0.0013033405618706304,0.003814649665661677,72
tfidf_meta,global_default,,13,0.0011955979334777368,0.0032388781318063004,72
tfidf_meta,global_default,,14,0.0010206012967441406,0.0028803090835914703,72
tfidf_meta,global_default,,15,0.0008159374222378122,0.002113629757440213,72
tfidf_meta,global_default,,16,0.0007930441342129468,0.0020582745480345888,72
tfidf_meta,global_default,,17,0.0007766209559684489,0.0020325433137353883,72
tfidf_meta,global_default,,18,0.0007671904004128935,0.0019857715685053113,72
tfidf_meta,global_default,,19,0.0006928859902883987,0.0016777483271361226,72
tfidf_meta,global_default,,20,0.0006834702133014468,0.0016671521138668507,72
tfidf_meta,global_default,,21,0.0006421624581779016,0.0015930485831869212,72
tfidf_meta,global_default,,22,0.000618339321147217,0.0014595019264839865,72
tfidf_meta,global_default,,23,0.0004904458026286964,0.0011034221982069408,72
tfidf_meta,global_default,,24,0.0004904458026286964,0.0011034221982069408,72
tfidf_meta,global_default,,25,0.0004904458026286964,0.0011034221982069408,72
tfidf_meta,global_default,,26,0.0004625319417981709,0.0010736840373403497,72
tfidf_meta,global_default,,27,0.0004625319417981709,0.0010736840373403497,72
tfidf_meta,global_default,,28,0.0004625319417981709,0.0010736840373403497,72
tfidf_meta,global_default,,29,0.00043619534862605273,0.0009836616376216012,72
tfidf_meta,global_default,,30,0.00041815783058853393,0.0009612240142146716,72
tfidf_meta,global_default,,31,0.00037669515992397936,0.0007759030475475035,72
tfidf_meta,global_default,,32,0.00037669515992397936,0.0007759030475475035,72
tfidf_meta,global_default,,33,0.000279472937701757,0.0006609831631240729,72
tfidf_meta,global_default,,34,0.000279472937701757,0.0006609831631240729,72
tfidf_meta,global_default,,35,0.000279472937701757,0.0006609831631240729,72
tfidf_meta,global_default,,36,0.000279472937701757,0.0006609831631240729,72
tfidf_meta,global_default,,37,0.000279472937701757,0.0006609831631240729,72
tfidf_meta,global_default,,38,0.000279472937701757,0.0006609831631240729,72
tfidf_meta,global_default,,39,0.00022376883788000992,0.0005631740864417564,72
tfidf_meta,global_default,,40,0.00010799502835619972,0.00043379231338720145,72
tfidf_meta,global_default,,41,5.0919773379090286e-05,0.00011993506432852074,72
tfidf_meta,global_default,,42,5.0919773379090286e-05,0.00011993506432852074,72
tfidf_meta,global_default,,43,5.0919773379090286e-05,0.00011993506432852074,72
tfidf_meta,global_default,,44,5.0919773379090286e-05,0.00011993506432852074,72
tfidf_meta,global_default,,45,5.0919773379090286e-05,0.00011993506432852074,72
tfidf_meta,global_default,,46,5.0919773379090286e-05,0.00011993506432852074,72
tfidf_meta,global_default,,47,5.0919773379090286e-05,0.00011993506432852074,72
tfidf_meta,global_default,,48,5.0919773379090286e-05,0.00011993506432852074,72
tfidf_meta,global_default,,49,5.0919773379090286e-05,0.00011993506432852074,72
tfidf_meta,global_default,,50,5.0919773379090286e-05,0.00011993506432852074,72
tfidf_meta,global_default,,51,4.1490792463346996e-05,7.31711286756929e-05,72
tfidf_meta,global_default,,52,4.1490792463346996e-05,7.31711286756929e-05,72
tfidf_meta,global_default,,53,4.1490792463346996e-05,7.31711286756929e-05,72
tfidf_meta,global_default,,54,4.1490792463346996e-05,7.31711286756929e-05,72
tfidf_meta,global_default,,55,4.1490792463346996e-05,7.31711286756929e-05,72
tfidf_meta,global_default,,56,4.1490792463346996e-05,7.31711286756929e-05,72
tfidf_meta,global_default,,57,4.1490792463346996e-05,7.31711286756929e-05,72
tfidf_meta,global_default,,58,4.1490792463346996e-05,7.31711286756929e-05,72
tfidf_meta,global_default,,59,4.1490792463346996e-05,7.31711286756929e-05,72
tfidf_meta,global_default,,60,4.1490792463346996e-05,7.31711286756929e-05,72
tfidf_meta,global_default,,61,4.1490792463346996e-05,7.31711286756929e-05,72
tfidf_meta,global_default,,62,4.1490792463346996e-05,7.31711286756929e-05,72
tfidf_meta,global_default,,63,4.1490792463346996e-05,7.31711286756929e-05,72
tfidf_meta,global_default,,64,4.1490792463346996e-05,7.31711286756929e-05,72
tfidf_meta,global_default,,65,4.1490792463346996e-05,7.31711286756929e-05,72
tfidf_meta,global_default,,66,4.1490792463346996e-05,7.31711286756929e-05,72
tfidf_meta,global_default,,67,4.1490792463346996e-05,7.31711286756929e-05,72
tfidf_meta,global_default,,68,4.1490792463346996e-05,7.31711286756929e-05,72
tfidf_meta,global_default,,69,4.1490792463346996e-05,7.31711286756929e-05,72
tfidf_meta,global_default,,70,4.1490792463346996e-05,7.31711286756929e-05,72
tfidf_meta,global_default,,71,4.1490792463346996e-05,7.31711286756929e-05,72
tfidf_meta,global_default,,72,4.1490792463346996e-05,7.31711286756929e-05,72
tfidf_meta,global_default,,73,4.1490792463346996e-05,7.31711286756929e-05,72
tfidf_meta,global_default,,74,4.1490792463346996e-05,7.31711286756929e-05,72
tfidf_meta,global_default,,75,4.1490792463346996e-05,7.31711286756929e-05,72
tfidf_meta,global_default,,76,4.1490792463346996e-05,7.31711286756929e-05,72
tfidf_meta,global_default,,77,4.1490792463346996e-05,7.31711286756929e-05,72
tfidf_meta,global_default,,78,4.1490792463346996e-05,7.31711286756929e-05,72
tfidf_meta,global_default,,79,4.1490792463346996e-05,7.31711286756929e-05,72
tfidf_meta,global_default,,80,4.1490792463346996e-05,7.31711286756929e-05,72
tfidf_meta,global_default,,81,4.1490792463346996e-05,7.31711286756929e-05,72
tfidf_meta,global_default,,82,4.1490792463346996e-05,7.31711286756929e-05,72
tfidf_meta,global_default,,83,3.7136066547831405e-05,6.520605112154433e-05,72
tfidf_meta,global_default,,84,3.7136066547831405e-05,6.520605112154433e-05,72
tfidf_meta,global_default,,85,3.7136066547831405e-05,6.520605112154433e-05,72
tfidf_meta,global_default,,86,3.7136066547831405e-05,6.520605112154433e-05,72
tfidf_meta,global_default,,87,3.7136066547831405e-05,6.520605112154433e-05,72
tfidf_meta,global_default,,88,3.7136066547831405e-05,6.520605112154433e-05,72
tfidf_meta,global_default,,89,3.7136066547831405e-05,6.520605112154433e-05,72
tfidf_meta,global_default,,90,3.7136066547831405e-05,6.520605112154433e-05,72
tfidf_meta,global_default,,91,3.7136066547831405e-05,6.520605112154433e-05,72
tfidf_meta,global_default,,92,3.7136066547831405e-05,6.520605112154433e-05,72
tfidf_meta,global_default,,93,3.7136066547831405e-05,6.520605112154433e-05,72
tfidf_meta,global_default,,94,3.7136066547831405e-05,6.520605112154433e-05,72
tfidf_meta,global_default,,95,3.7136066547831405e-05,6.520605112154433e-05,72
tfidf_meta,global_default,,96,3.7136066547831405e-05,6.520605112154433e-05,72
tfidf_meta,global_default,,97,3.7136066547831405e-05,6.520605112154433e-05,72
tfidf_meta,global_default,,98,3.7136066547831405e-05,6.520605112154433e-05,72
tfidf_meta,global_default,,99,3.7136066547831405e-05,6.520605112154433e-05,72
tfidf_meta,global_default,,100,3.7136066547831405e-05,6.520605112154433e-05,72
tfidf_meta,global_default,,101,3.7136066547831405e-05,6.520605112154433e-05,72
tfidf_meta,global_default,,102,3.7136066547831405e-05,6.520605112154433e-05,72
tfidf_meta,global_default,,103,3.7136066547831405e-05,6.520605112154433e-05,72
tfidf_meta,global_default,,104,3.7136066547831405e-05,6.520605112154433e-05,72
tfidf_meta,global_default,,105,3.7136066547831405e-05,6.520605112154433e-05,72
tfidf_meta,global_default,,106,3.7136066547831405e-05,6.520605112154433e-05,72
tfidf_meta,global_default,,107,3.7136066547831405e-05,6.520605112154433e-05,72
tfidf_meta,global_default,,108,3.7136066547831405e-05,6.520605112154433e-05,72
tfidf_meta,global_default,,109,3.7136066547831405e-05,6.520605112154433e-05,72
tfidf_meta,global_default,,110,3.7136066547831405e-05,6.520605112154433e-05,72
tfidf_meta,global_default,,111,3.7136066547831405e-05,6.520605112154433e-05,72
tfidf_meta,global_default,,112,3.7136066547831405e-05,6.520605112154433e-05,72
tfidf_meta,global_default,,113,3.7136066547831405e-05,6.520605112154433e-05,72
tfidf_meta,global_default,,114,3.7136066547831405e-05,6.520605112154433e-05,72
tfidf_meta,global_default,,115,3.7136066547831405e-05,6.520605112154433e-05,72
tfidf_meta,global_default,,116,3.7136066547831405e-05,6.520605112154433e-05,72
tfidf_meta,global_default,,117,3.7136066547831405e-05,6.520605112154433e-05,72
tfidf_meta,global_default,,118,3.7136066547831405e-05,6.520605112154433e-05,72
tfidf_meta,global_default,,119,3.7136066547831405e-05,6.520605112154433e-05,72
tfidf_meta,global_default,,120,3.7136066547831405e-05,6.520605112154433e-05,72
tfidf_meta,global_default,,121,3.7136066547831405e-05,6.520605112154433e-05,72
tfidf_meta,global_default,,122,3.7136066547831405e-05,6.520605112154433e-05,72
tfidf_meta,global_default,,123,3.7136066547831405e-05,6.520605112154433e-05,72
tfidf_meta,global_default,,124,3.7136066547831405e-05,6.520605112154433e-05,72
tfidf_meta,global_default,,125,3.7136066547831405e-05,6.520605112154433e-05,72
tfidf_meta,global_default,,126,3.7136066547831405e-05,6.520605112154433e-05,72
tfidf_meta,global_default,,127,3.7136066547831405e-05,6.520605112154433e-05,72
tfidf_meta,global_default,,128,3.7136066547831405e-05,6.520605112154433e-05,72
tfidf_meta,global_default,,129,3.7136066547831405e-05,6.520605112154433e-05,72
tfidf_meta,global_default,,130,3.7136066547831405e-05,6.520605112154433e-05,72
tfidf_meta,global_default,,131,3.7136066547831405e-05,6.520605112154433e-05,72
tfidf_meta,global_default,,132,3.7136066547831405e-05,6.520605112154433e-05,72
tfidf_meta,global_default,,133,3.7136066547831405e-05,6.520605112154433e-05,72
tfidf_meta,global_default,,134,3.7136066547831405e-05,6.520605112154433e-05,72
tfidf_meta,global_default,,135,3.7136066547831405e-05,6.520605112154433e-05,72
tfidf_meta,global_default,,136,3.7136066547831405e-05,6.520605112154433e-05,72
tfidf_meta,global_default,,137,3.7136066547831405e-05,6.520605112154433e-05,72
tfidf_meta,global_default,,138,3.7136066547831405e-05,6.520605112154433e-05,72
tfidf_meta,global_default,,139,3.7136066547831405e-05,6.520605112154433e-05,72
tfidf_meta,global_default,,140,3.7136066547831405e-05,6.520605112154433e-05,72
tfidf_meta,global_default,,141,3.7136066547831405e-05,6.520605112154433e-05,72
tfidf_meta,global_default,,142,3.7136066547831405e-05,6.520605112154433e-05,72
tfidf_meta,global_default,,143,3.7136066547831405e-05,6.520605112154433e-05,72
tfidf_meta,global_default,,144,3.7136066547831405e-05,6.520605112154433e-05,72
tfidf_meta,global_default,,145,3.7136066547831405e-05,6.520605112154433e-05,72
tfidf_meta,global_default,,146,3.7136066547831405e-05,6.520605112154433e-05,72
tfidf_meta,global_default,,147,3.7136066547831405e-05,6.520605112154433e-05,72
tfidf_meta,global_default,,148,3.7136066547831405e-05,6.520605112154433e-05,72
tfidf_meta,global_default,,149,3.7136066547831405e-05,6.520605112154433e-05,72
tfidf_meta,global_default,,150,3.7136066547831405e-05,6.520605112154433e-05,72
tfidf_meta,global_default,,151,3.7136066547831405e-05,6.520605112154433e-05,72
tfidf_meta,global_default,,152,3.7136066547831405e-05,6.520605112154433e-05,72
tfidf_meta,global_default,,153,3.7136066547831405e-05,6.520605112154433e-05,72
tfidf_meta,global_default,,154,3.7136066547831405e-05,6.520605112154433e-05,72
tfidf_meta,global_default,,155,3.7136066547831405e-05,6.520605112154433e-05,72
tfidf_meta,global_default,,156,3.7136066547831405e-05,6.520605112154433e-05,72
tfidf_meta,global_default,,157,3.7136066547831405e-05,6.520605112154433e-05,72
tfidf_meta,global_default,,158,3.7136066547831405e-05,6.520605112154433e-05,72
tfidf_meta,global_default,,159,3.7136066547831405e-05,6.520605112154433e-05,72
tfidf_meta,global_default,,160,3.7136066547831405e-05,6.520605112154433e-05,72
tfidf_meta,global_default,,161,3.7136066547831405e-05,6.520605112154433e-05,72
tfidf_meta,global_default,,162,3.7136066547831405e-05,6.520605112154433e-05,72
tfidf_meta,global_default,,163,3.7136066547831405e-05,6.520605112154433e-05,72
tfidf_meta,global_default,,164,3.7136066547831405e-05,6.520605112154433e-05,72
tfidf_meta,global_default,,165,3.7136066547831405e-05,6.520605112154433e-05,72
tfidf_meta,global_default,,166,3.7136066547831405e-05,6.520605112154433e-05,72
tfidf_meta,global_default,,167,3.7136066547831405e-05,6.520605112154433e-05,72
tfidf_meta,global_default,,168,3.7136066547831405e-05,6.520605112154433e-05,72
tfidf_meta,global_default,,169,3.7136066547831405e-05,6.520605112154433e-05,72
tfidf_meta,global_default,,170,3.7136066547831405e-05,6.520605112154433e-05,72
tfidf_meta,global_default,,171,3.7136066547831405e-05,6.520605112154433e-05,72
tfidf_meta,global_default,,172,3.7136066547831405e-05,6.520605112154433e-05,72
tfidf_meta,global_default,,173,3.7136066547831405e-05,6.520605112154433e-05,72
tfidf_meta,global_default,,174,3.7136066547831405e-05,6.520605112154433e-05,72
tfidf_meta,global_default,,175,3.7136066547831405e-05,6.520605112154433e-05,72
tfidf_meta,global_default,,176,3.7136066547831405e-05,6.520605112154433e-05,72
tfidf_meta,global_default,,177,3.7136066547831405e-05,6.520605112154433e-05,72
tfidf_meta,global_default,,178,3.7136066547831405e-05,6.520605112154433e-05,72
tfidf_meta,global_default,,179,3.7136066547831405e-05,6.520605112154433e-05,72
tfidf_meta,global_default,,180,3.7136066547831405e-05,6.520605112154433e-05,72
tfidf_meta,global_default,,181,3.7136066547831405e-05,6.520605112154433e-05,72
tfidf_meta,global_default,,182,3.7136066547831405e-05,6.520605112154433e-05,72
tfidf_meta,global_default,,183,3.7136066547831405e-05,6.520605112154433e-05,72
tfidf_meta,global_default,,184,3.7136066547831405e-05,6.520605112154433e-05,72
tfidf_meta,global_default,,185,3.7136066547831405e-05,6.520605112154433e-05,72
tfidf_meta,global_default,,186,3.7136066547831405e-05,6.520605112154433e-05,72
tfidf_meta,global_default,,187,3.7136066547831405e-05,6.520605112154433e-05,72
tfidf_meta,global_default,,188,3.7136066547831405e-05,6.520605112154433e-05,72
tfidf_meta,global_default,,189,3.7136066547831405e-05,6.520605112154433e-05,72
tfidf_meta,global_default,,190,3.7136066547831405e-05,6.520605112154433e-05,72
tfidf_meta,global_default,,191,3.7136066547831405e-05,6.520605112154433e-05,72
tfidf_meta,global_default,,192,3.7136066547831405e-05,6.520605112154433e-05,72
tfidf_meta,global_default,,193,3.7136066547831405e-05,6.520605112154433e-05,72
tfidf_meta,global_default,,194,3.7136066547831405e-05,6.520605112154433e-05,72
tfidf_meta,global_default,,195,3.7136066547831405e-05,6.520605112154433e-05,72
tfidf_meta,global_default,,196,3.7136066547831405e-05,6.520605112154433e-05,72
tfidf_meta,global_default,,197,3.7136066547831405e-05,6.520605112154433e-05,72
tfidf_meta,global_default,,198,3.7136066547831405e-05,6.520605112154433e-05,72
tfidf_meta,global_default,,199,3.7136066547831405e-05,6.520605112154433e-05,72
tfidf_meta,global_default,,200,3.7136066547831405e-05,6.520605112154433e-05,72
tfidf_meta,global_default,,201,3.7136066547831405e-05,6.520605112154433e-05,72
tfidf_meta,global_default,,202,3.7136066547831405e-05,6.520605112154433e-05,72
tfidf_meta,global_default,,203,3.7136066547831405e-05,6.520605112154433e-05,72
tfidf_meta,global_default,,204,3.7136066547831405e-05,6.520605112154433e-05,72
tfidf_meta,global_default,,205,3.7136066547831405e-05,6.520605112154433e-05,72
tfidf_meta,global_default,,206,3.7136066547831405e-05,6.520605112154433e-05,72
tfidf_meta,global_default,,207,3.7136066547831405e-05,6.520605112154433e-05,72
tfidf_meta,global_default,,208,3.7136066547831405e-05,6.520605112154433e-05,72
tfidf_meta,global_default,,209,3.7136066547831405e-05,6.520605112154433e-05,72
tfidf_meta,global_default,,210,3.7136066547831405e-05,6.520605112154433e-05,72
tfidf_meta,global_default,,211,3.7136066547831405e-05,6.520605112154433e-05,72
tfidf_meta,global_default,,212,3.7136066547831405e-05,6.520605112154433e-05,72
tfidf_meta,global_default,,213,3.7136066547831405e-05,6.520605112154433e-05,72
tfidf_meta,global_default,,214,3.7136066547831405e-05,6.520605112154433e-05,72
tfidf_meta,global_default,,215,3.7136066547831405e-05,6.520605112154433e-05,72
tfidf_meta,global_default,,216,3.7136066547831405e-05,6.520605112154433e-05,72
tfidf_meta,global_default,,217,3.7136066547831405e-05,6.520605112154433e-05,72
tfidf_meta,global_default,,218,3.7136066547831405e-05,6.520605112154433e-05,72
tfidf_meta,global_default,,219,3.7136066547831405e-05,6.520605112154433e-05,72
tfidf_meta,global_default,,220,3.7136066547831405e-05,6.520605112154433e-05,72
tfidf_meta,global_default,,221,3.7136066547831405e-05,6.520605112154433e-05,72
tfidf_meta,global_default,,222,3.7136066547831405e-05,6.520605112154433e-05,72
tfidf_meta,global_default,,223,3.7136066547831405e-05,6.520605112154433e-05,72
tfidf_meta,global_default,,224,3.7136066547831405e-05,6.520605112154433e-05,72
tfidf_meta,global_default,,225,3.7136066547831405e-05,6.520605112154433e-05,72
tfidf_meta,global_default,,226,3.7136066547831405e-05,6.520605112154433e-05,72
tfidf_meta,global_default,,227,3.7136066547831405e-05,6.520605112154433e-05,72
tfidf_meta,global_default,,228,3.7136066547831405e-05,6.520605112154433e-05,72
tfidf_meta,global_default,,229,3.7136066547831405e-05,6.520605112154433e-05,72
tfidf_meta,global_default,,230,3.7136066547831405e-05,6.520605112154433e-05,72
tfidf_meta,global_default,,231,3.7136066547831405e-05,6.520605112154433e-05,72
tfidf_meta,global_default,,232,3.7136066547831405e-05,6.520605112154433e-05,72
tfidf_meta,global_default,,233,3.7136066547831405e-05,6.520605112154433e-05,72
tfidf_meta,global_default,,234,3.7136066547831405e-05,6.520605112154433e-05,72
tfidf_meta,global_default,,235,3.7136066547831405e-05,6.520605112154433e-05,72
tfidf_meta,global_default,,236,3.7136066547831405e-05,6.520605112154433e-05,72
tfidf_meta,global_default,,237,3.7136066547831405e-05,6.520605112154433e-05,72
tfidf_meta,global_default,,238,3.7136066547831405e-05,6.520605112154433e-05,72
tfidf_meta,global_default,,239,3.7136066547831405e-05,6.520605112154433e-05,72
tfidf_meta,global_default,,240,3.7136066547831405e-05,6.520605112154433e-05,72
tfidf_meta,global_default,,241,3.7136066547831405e-05,6.520605112154433e-05,72
tfidf_meta,global_default,,242,3.7136066547831405e-05,6.520605112154433e-05,72
tfidf_meta,global_default,,243,3.7136066547831405e-05,6.520605112154433e-05,72
tfidf_meta,global_default,,244,3.7136066547831405e-05,6.520605112154433e-05,72
tfidf_meta,global_default,,245,3.7136066547831405e-05,6.520605112154433e-05,72
tfidf_meta,global_default,,246,3.7136066547831405e-05,6.520605112154433e-05,72
tfidf_meta,global_default,,247,3.7136066547831405e-05,6.520605112154433e-05,72
tfidf_meta,global_default,,248,3.7136066547831405e-05,6.520605112154433e-05,72
tfidf_meta,global_default,,249,3.7136066547831405e-05,6.520605112154433e-05,72
tfidf_meta,global_default,,250,3.7136066547831405e-05,6.520605112154433e-05,72
tfidf_meta,global_default,,251,3.7136066547831405e-05,6.520605112154433e-05,72
tfidf_meta,global_default,,252,3.7136066547831405e-05,6.520605112154433e-05,72
tfidf_meta,global_default,,253,3.7136066547831405e-05,6.520605112154433e-05,72
tfidf_meta,global_default,,254,3.7136066547831405e-05,6.520605112154433e-05,72
tfidf_meta,global_default,,255,3.7136066547831405e-05,6.520605112154433e-05,72
tfidf_meta,global_default,,256,3.7136066547831405e-05,6.520605112154433e-05,72
tfidf_meta,global_default,,257,3.7136066547831405e-05,6.520605112154433e-05,72
tfidf_meta,global_default,,258,3.7136066547831405e-05,6.520605112154433e-05,72
tfidf_meta,global_default,,259,3.7136066547831405e-05,6.520605112154433e-05,72
tfidf_meta,global_default,,260,3.7136066547831405e-05,6.520605112154433e-05,72
tfidf_meta,global_default,,261,3.7136066547831405e-05,6.520605112154433e-05,72
tfidf_meta,global_default,,262,3.7136066547831405e-05,6.520605112154433e-05,72
tfidf_meta,global_default,,263,3.7136066547831405e-05,6.520605112154433e-05,72
tfidf_meta,global_default,,264,3.7136066547831405e-05,6.520605112154433e-05,72
tfidf_meta,global_default,,265,3.7136066547831405e-05,6.520605112154433e-05,72
tfidf_meta,global_default,,266,3.7136066547831405e-05,6.520605112154433e-05,72
tfidf_meta,global_default,,267,3.7136066547831405e-05,6.520605112154433e-05,72
tfidf_meta,global_default,,268,3.7136066547831405e-05,6.520605112154433e-05,72
tfidf_meta,global_default,,269,3.7136066547831405e-05,6.520605112154433e-05,72
tfidf_meta,global_default,,270,3.7136066547831405e-05,6.520605112154433e-05,72
tfidf_meta,global_default,,271,3.7136066547831405e-05,6.520605112154433e-05,72
tfidf_meta,global_default,,272,3.7136066547831405e-05,6.520605112154433e-05,72
tfidf_meta,global_default,,273,3.7136066547831405e-05,6.520605112154433e-05,72
tfidf_meta,global_default,,274,3.7136066547831405e-05,6.520605112154433e-05,72
tfidf_meta,global_default,,275,3.7136066547831405e-05,6.520605112154433e-05,72
tfidf_meta,global_default,,276,3.7136066547831405e-05,6.520605112154433e-05,72
tfidf_meta,global_default,,277,3.7136066547831405e-05,6.520605112154433e-05,72
tfidf_meta,global_default,,278,3.7136066547831405e-05,6.520605112154433e-05,72
tfidf_meta,global_default,,279,3.7136066547831405e-05,6.520605112154433e-05,72
tfidf_meta,global_default,,280,3.7136066547831405e-05,6.520605112154433e-05,72
tfidf_meta,global_default,,281,3.7136066547831405e-05,6.520605112154433e-05,72
tfidf_meta,global_default,,282,3.7136066547831405e-05,6.520605112154433e-05,72
tfidf_meta,global_default,,283,3.7136066547831405e-05,6.520605112154433e-05,72
tfidf_meta,global_default,,284,3.7136066547831405e-05,6.520605112154433e-05,72
tfidf_meta,global_default,,285,3.7136066547831405e-05,6.520605112154433e-05,72
tfidf_meta,global_default,,286,3.7136066547831405e-05,6.520605112154433e-05,72
tfidf_meta,global_default,,287,3.7136066547831405e-05,6.520605112154433e-05,72
tfidf_meta,global_default,,288,3.7136066547831405e-05,6.520605112154433e-05,72
tfidf_meta,global_default,,289,3.7136066547831405e-05,6.520605112154433e-05,72
tfidf_meta,global_default,,290,3.7136066547831405e-05,6.520605112154433e-05,72
tfidf_meta,global_default,,291,3.7136066547831405e-05,6.520605112154433e-05,72
tfidf_meta,global_default,,292,3.7136066547831405e-05,6.520605112154433e-05,72
tfidf_meta,global_default,,293,3.7136066547831405e-05,6.520605112154433e-05,72
tfidf_meta,global_default,,294,3.7136066547831405e-05,6.520605112154433e-05,72
tfidf_meta,global_default,,295,3.7136066547831405e-05,6.520605112154433e-05,72
tfidf_meta,global_default,,296,3.7136066547831405e-05,6.520605112154433e-05,72
tfidf_meta,global_default,,297,3.7136066547831405e-05,6.520605112154433e-05,72
tfidf_meta,global_default,,298,3.7136066547831405e-05,6.520605112154433e-05,72
tfidf_meta,global_default,,299,3.7136066547831405e-05,6.520605112154433e-05,72
tfidf_meta,global_default,,300,3.7136066547831405e-05,6.520605112154433e-05,72
tfidf_meta,global_default,,301,3.7136066547831405e-05,6.520605112154433e-05,72
tfidf_meta,global_default,,302,3.7136066547831405e-05,6.520605112154433e-05,72
tfidf_meta,global_default,,303,3.7136066547831405e-05,6.520605112154433e-05,72
tfidf_meta,global_default,,304,3.7136066547831405e-05,6.520605112154433e-05,72
tfidf_meta,global_default,,305,3.7136066547831405e-05,6.520605112154433e-05,72
tfidf_meta,global_default,,306,3.7136066547831405e-05,6.520605112154433e-05,72
tfidf_meta,global_default,,307,3.7136066547831405e-05,6.520605112154433e-05,72
tfidf_meta,global_default,,308,3.7136066547831405e-05,6.520605112154433e-05,72
tfidf_meta,global_default,,309,3.7136066547831405e-05,6.520605112154433e-05,72
tfidf_meta,global_default,,310,3.7136066547831405e-05,6.520605112154433e-05,72
tfidf_meta,global_default,,311,3.7136066547831405e-05,6.520605112154433e-05,72
tfidf_meta,global_default,,312,3.7136066547831405e-05,6.520605112154433e-05,72
tfidf_meta,global_default,,313,3.7136066547831405e-05,6.520605112154433e-05,72
tfidf_meta,global_default,,314,3.7136066547831405e-05,6.520605112154433e-05,72
tfidf_meta,global_default,,315,3.7136066547831405e-05,6.520605112154433e-05,72
tfidf_meta,global_default,,316,3.7136066547831405e-05,6.520605112154433e-05,72
tfidf_meta,global_default,,317,3.7136066547831405e-05,6.520605112154433e-05,72
tfidf_meta,global_default,,318,3.7136066547831405e-05,6.520605112154433e-05,72
tfidf_meta,global_default,,319,3.7136066547831405e-05,6.520605112154433e-05,72
tfidf_meta,global_default,,320,3.7136066547831405e-05,6.520605112154433e-05,72
tfidf_meta,global_default,,321,3.7136066547831405e-05,6.520605112154433e-05,72
tfidf_meta,global_default,,322,3.7136066547831405e-05,6.520605112154433e-05,72
tfidf_meta,global_default,,323,3.7136066547831405e-05,6.520605112154433e-05,72
tfidf_meta,global_default,,324,3.7136066547831405e-05,6.520605112154433e-05,72
tfidf_meta,global_default,,325,3.7136066547831405e-05,6.520605112154433e-05,72
tfidf_meta,global_default,,326,3.7136066547831405e-05,6.520605112154433e-05,72
tfidf_meta,global_default,,327,3.7136066547831405e-05,6.520605112154433e-05,72
tfidf_meta,global_default,,328,3.7136066547831405e-05,6.520605112154433e-05,72
tfidf_meta,global_default,,329,3.7136066547831405e-05,6.520605112154433e-05,72
tfidf_meta,global_default,,330,3.7136066547831405e-05,6.520605112154433e-05,72
tfidf_meta,global_default,,331,3.7136066547831405e-05,6.520605112154433e-05,72
tfidf_meta,global_default,,332,3.7136066547831405e-05,6.520605112154433e-05,72
tfidf_meta,global_default,,333,3.7136066547831405e-05,6.520605112154433e-05,72
tfidf_meta,global_default,,334,3.7136066547831405e-05,6.520605112154433e-05,72
tfidf_meta,global_default,,335,3.7136066547831405e-05,6.520605112154433e-05,72
tfidf_meta,global_default,,336,3.7136066547831405e-05,6.520605112154433e-05,72
tfidf_meta,global_default,,337,3.7136066547831405e-05,6.520605112154433e-05,72
tfidf_meta,global_default,,338,3.7136066547831405e-05,6.520605112154433e-05,72
tfidf_meta,global_default,,339,3.7136066547831405e-05,6.520605112154433e-05,72
tfidf_meta,global_default,,340,3.7136066547831405e-05,6.520605112154433e-05,72
tfidf_meta,global_default,,341,3.7136066547831405e-05,6.520605112154433e-05,72
tfidf_meta,global_default,,342,3.7136066547831405e-05,6.520605112154433e-05,72
tfidf_meta,global_default,,343,3.7136066547831405e-05,6.520605112154433e-05,72
tfidf_meta,global_default,,344,3.7136066547831405e-05,6.520605112154433e-05,72
tfidf_meta,global_default,,345,3.7136066547831405e-05,6.520605112154433e-05,72
tfidf_meta,global_default,,346,3.7136066547831405e-05,6.520605112154433e-05,72
tfidf_meta,global_default,,347,3.7136066547831405e-05,6.520605112154433e-05,72
tfidf_meta,global_default,,348,3.7136066547831405e-05,6.520605112154433e-05,72
tfidf_meta,global_default,,349,3.7136066547831405e-05,6.520605112154433e-05,72
tfidf_meta,global_default,,350,3.7136066547831405e-05,6.520605112154433e-05,72
tfidf_meta,global_default,,351,3.7136066547831405e-05,6.520605112154433e-05,72
tfidf_meta,global_default,,352,3.7136066547831405e-05,6.520605112154433e-05,72
tfidf_meta,global_default,,353,3.7136066547831405e-05,6.520605112154433e-05,72
tfidf_meta,global_default,,354,3.7136066547831405e-05,6.520605112154433e-05,72
tfidf_meta,global_default,,355,3.7136066547831405e-05,6.520605112154433e-05,72
tfidf_meta,global_default,,356,3.7136066547831405e-05,6.520605112154433e-05,72
tfidf_meta,global_default,,357,3.7136066547831405e-05,6.520605112154433e-05,72
tfidf_meta,global_default,,358,3.7136066547831405e-05,6.520605112154433e-05,72
tfidf_meta,global_default,,359,3.7136066547831405e-05,6.520605112154433e-05,72
tfidf_meta,global_default,,360,3.7136066547831405e-05,6.520605112154433e-05,72
tfidf_meta,global_default,,361,3.7136066547831405e-05,6.520605112154433e-05,72
tfidf_meta,global_default,,362,3.7136066547831405e-05,6.520605112154433e-05,72
tfidf_meta,global_default,,363,3.7136066547831405e-05,6.520605112154433e-05,72
tfidf_meta,global_default,,364,3.7136066547831405e-05,6.520605112154433e-05,72
tfidf_meta,global_default,,365,3.7136066547831405e-05,6.520605112154433e-05,72
tfidf_meta,global_default,,366,3.7136066547831405e-05,6.520605112154433e-05,72
tfidf_meta,global_default,,367,3.7136066547831405e-05,6.520605112154433e-05,72
tfidf_meta,global_default,,368,3.7136066547831405e-05,6.520605112154433e-05,72
tfidf_meta,global_default,,369,3.7136066547831405e-05,6.520605112154433e-05,72
tfidf_meta,global_default,,370,3.7136066547831405e-05,6.520605112154433e-05,72
tfidf_meta,global_default,,371,3.7136066547831405e-05,6.520605112154433e-05,72
tfidf_meta,global_default,,372,3.7136066547831405e-05,6.520605112154433e-05,72
tfidf_meta,global_default,,373,3.7136066547831405e-05,6.520605112154433e-05,72
tfidf_meta,global_default,,374,3.7136066547831405e-05,6.520605112154433e-05,72
tfidf_meta,global_default,,375,3.7136066547831405e-05,6.520605112154433e-05,72
tfidf_meta,global_default,,376,3.7136066547831405e-05,6.520605112154433e-05,72
tfidf_meta,global_default,,377,3.7136066547831405e-05,6.520605112154433e-05,72
tfidf_meta,global_default,,378,3.7136066547831405e-05,6.520605112154433e-05,72
tfidf_meta,global_default,,379,3.7136066547831405e-05,6.520605112154433e-05,72
tfidf_meta,global_default,,380,3.7136066547831405e-05,6.520605112154433e-05,72
tfidf_meta,global_default,,381,3.7136066547831405e-05,6.520605112154433e-05,72
tfidf_meta,global_default,,382,3.7136066547831405e-05,6.520605112154433e-05,72
tfidf_meta,global_default,,383,3.7136066547831405e-05,6.520605112154433e-05,72
tfidf_meta,global_default,,384,3.7136066547831405e-05,6.520605112154433e-05,72
tfidf_meta,global_default,,385,3.7136066547831405e-05,6.520605112154433e-05,72
tfidf_meta,global_default,,386,3.7136066547831405e-05,6.520605112154433e-05,72
tfidf_meta,global_default,,387,3.7136066547831405e-05,6.520605112154433e-05,72
tfidf_meta,global_default,,388,3.7136066547831405e-05,6.520605112154433e-05,72
tfidf_meta,global_default,,389,3.7136066547831405e-05,6.520605112154433e-05,72
tfidf_meta,global_default,,390,3.7136066547831405e-05,6.520605112154433e-05,72
tfidf_meta,global_default,,391,3.7136066547831405e-05,6.520605112154433e-05,72
tfidf_meta,global_default,,392,3.7136066547831405e-05,6.520605112154433e-05,72
tfidf_meta,global_default,,393,3.7136066547831405e-05,6.520605112154433e-05,72
tfidf_meta,global_default,,394,3.7136066547831405e-05,6.520605112154433e-05,72
tfidf_meta,global_default,,395,3.7136066547831405e-05,6.520605112154433e-05,72
tfidf_meta,global_default,,396,3.7136066547831405e-05,6.520605112154433e-05,72
tfidf_meta,global_default,,397,3.7136066547831405e-05,6.520605112154433e-05,72
tfidf_meta,global_default,,398,3.7136066547831405e-05,6.520605112154433e-05,72
tfidf_meta,global_default,,399,3.7136066547831405e-05,6.520605112154433e-05,72
tfidf_meta,global_default,,400,3.7136066547831405e-05,6.520605112154433e-05,72
tfidf_meta,global_default,,401,3.7136066547831405e-05,6.520605112154433e-05,72
tfidf_meta,global_default,,402,3.7136066547831405e-05,6.520605112154433e-05,72
tfidf_meta,global_default,,403,3.7136066547831405e-05,6.520605112154433e-05,72
tfidf_meta,global_default,,404,3.7136066547831405e-05,6.520605112154433e-05,72
tfidf_meta,global_default,,405,3.7136066547831405e-05,6.520605112154433e-05,72
tfidf_meta,global_default,,406,3.7136066547831405e-05,6.520605112154433e-05,72
tfidf_meta,global_default,,407,3.7136066547831405e-05,6.520605112154433e-05,72
tfidf_meta,global_default,,408,3.7136066547831405e-05,6.520605112154433e-05,72
tfidf_meta,global_default,,409,3.7136066547831405e-05,6.520605112154433e-05,72
tfidf_meta,global_default,,410,3.7136066547831405e-05,6.520605112154433e-05,72
tfidf_meta,global_default,,411,0.0,0.0,72
tfidf_meta,global_default,,412,0.0,0.0,72
tfidf_meta,global_default,,413,0.0,0.0,72
tfidf_meta,global_default,,414,0.0,0.0,72
tfidf_meta,global_default,,415,0.0,0.0,72
tfidf_meta,global_default,,416,0.0,0.0,72
tfidf_meta,global_default,,417,0.0,0.0,72
tfidf_meta,global_default,,418,0.0,0.0,72
tfidf_meta,global_default,,419,0.0,0.0,72
tfidf_meta,global_default,,420,0.0,0.0,72
tfidf_meta,global_default,,421,0.0,0.0,72
tfidf_meta,global_default,,422,0.0,0.0,72
tfidf_meta,global_default,,423,0.0,0.0,72
tfidf_meta,global_default,,424,0.0,0.0,72
tfidf_meta,global_default,,425,0.0,0.0,72
tfidf_meta,global_default,,426,0.0,0.0,72
tfidf_meta,global_default,,427,0.0,0.0,72
tfidf_meta,global_default,,428,0.0,0.0,72
tfidf_meta,global_default,,429,0.0,0.0,72
tfidf_meta,global_default,,430,0.0,0.0,72
tfidf_meta,global_default,,431,0.0,0.0,72
tfidf_meta,global_default,,432,0.0,0.0,72
tfidf_meta,global_default,,433,0.0,0.0,72
tfidf_meta,global_default,,434,0.0,0.0,72
tfidf_meta,global_default,,435,0.0,0.0,72
tfidf_meta,global_default,,436,0.0,0.0,72
tfidf_meta,global_default,,437,0.0,0.0,72
tfidf_meta,global_default,,438,0.0,0.0,72
tfidf_meta,global_default,,439,0.0,0.0,72
tfidf_meta,global_default,,440,0.0,0.0,72
tfidf_meta,global_default,,441,0.0,0.0,72
tfidf_meta,global_default,,442,0.0,0.0,72
tfidf_meta,global_default,,443,0.0,0.0,72
tfidf_meta,global_default,,444,0.0,0.0,72
tfidf_meta,global_default,,445,0.0,0.0,72
tfidf_meta,global_default,,446,0.0,0.0,72
tfidf_meta,global_default,,447,0.0,0.0,72
tfidf_meta,global_default,,448,0.0,0.0,72
tfidf_meta,global_default,,449,0.0,0.0,72
tfidf_meta,global_default,,450,0.0,0.0,72
tfidf_meta,global_default,,451,0.0,0.0,72
tfidf_meta,global_default,,452,0.0,0.0,72
tfidf_meta,random,,1,0.11193404874765088,0.2321768045029319,72
tfidf_meta,random,,2,0.052167100638781966,0.11602361897695045,72
tfidf_meta,random,,3,0.031462026872701686,0.07650247463473742,72
tfidf_meta,random,,4,0.022508509064272667,0.0570566151870765,72
tfidf_meta,random,,5,0.017352155058767173,0.04494888839953784,72
tfidf_meta,random,,6,0.01434911742460044,0.03851662708860938,72
tfidf_meta,random,,7,0.012350820495899438,0.033529687158821896,72
tfidf_meta,random,,8,0.010773185782008825,0.029434355309935083,72
tfidf_meta,random,,9,0.009634424405347836,0.026801643197443645,72
tfidf_meta,random,,10,0.008343903672192336,0.02340920010174495,72
tfidf_meta,random,,11,0.0077829762946274965,0.021776459209121687,72
tfidf_meta,random,,12,0.0070603405300485155,0.01993049133345855,72
tfidf_meta,random,,13,0.006536943117879528,0.018564238960706744,72
tfidf_meta,random,,14,0.00617068815681994,0.017668382315006118,72
tfidf_meta,random,,15,0.005774305346399943,0.016795501435672835,72
tfidf_meta,random,,16,0.005443611370778929,0.015938121682415395,72
tfidf_meta,random,,17,0.005160276093950971,0.01531024061683632,72
tfidf_meta,random,,18,0.004967431300486585,0.014599107493835757,72
tfidf_meta,random,,19,0.0047116902090843975,0.01402710048829601,72
tfidf_meta,random,,20,0.004569574253053916,0.01364532670053815,72
tfidf_meta,random,,21,0.0044162463152595975,0.013126739039832892,72
tfidf_meta,random,,22,0.004171223661973357,0.012379962899312424,72
tfidf_meta,random,,23,0.004081880440623549,0.012221362138593225,72
tfidf_meta,random,,24,0.0038779203410433233,0.01140466798490311,72
tfidf_meta,random,,25,0.003714372468202072,0.011037765762932613,72
tfidf_meta,random,,26,0.003583193962798414,0.010681876725390563,72
tfidf_meta,random,,27,0.003390935665388562,0.010109090688949331,72
tfidf_meta,random,,28,0.003287482032779027,0.009813860962770631,72
tfidf_meta,random,,29,0.0031624988395378643,0.00950667435776597,72
tfidf_meta,random,,30,0.0030053549886218107,0.009146205850989375,72
tfidf_meta,random,,31,0.002927617706818527,0.008954531048278298,72
tfidf_meta,random,,32,0.002834650195725277,0.008719769991491391,72
tfidf_meta,random,,33,0.0027248587147546198,0.008171237277007897,72
tfidf_meta,random,,34,0.002649743528175765,0.007990862368257915,72
tfidf_meta,random,,35,0.002523911371850736,0.007713569150082168,72
tfidf_meta,random,,36,0.0024679484838498896,0.007447211515665851,72
tfidf_meta,random,,37,0.0024272508548833106,0.007208632097458062,72
tfidf_meta,random,,38,0.002346581189800077,0.007018488573785879,72
tfidf_meta,random,,39,0.0022899288973405943,0.0068459242304950855,72
tfidf_meta,random,,40,0.0021754204877389516,0.006627505700771205,72
tfidf_meta,random,,41,0.002096723437475129,0.0064907811092925986,72
tfidf_meta,random,,42,0.002005836125653156,0.0060247201018336725,72
tfidf_meta,random,,43,0.0019387669851505729,0.00575456817429197,72
tfidf_meta,random,,44,0.0019070200131310522,0.005630457425457011,72
tfidf_meta,random,,45,0.0018644564100145525,0.005531518291817341,72
tfidf_meta,random,,46,0.0018161672827855548,0.005361139643950525,72
tfidf_meta,random,,47,0.0017732531949403536,0.005236223740337607,72
tfidf_meta,random,,48,0.0017243544183798898,0.005030332576734011,72
tfidf_meta,random,,49,0.0016603667880226896,0.004763456061145276,72
tfidf_meta,random,,50,0.0016245655741047417,0.004682985651806922,72
tfidf_meta,random,,51,0.0015956541080321654,0.004587761779586449,72
tfidf_meta,random,,52,0.0015454328848427267,0.0044055249669433805,72
tfidf_meta,random,,53,0.0014953825501635043,0.0042248018726223,72
tfidf_meta,random,,54,0.0014466933617086,0.004048426136667737,72
tfidf_meta,random,,55,0.0013919123069079484,0.003927447436226609,72
tfidf_meta,random,,56,0.0013408830029001404,0.00380944937782964,72
tfidf_meta,random,,57,0.001327282313848929,0.0037892496468874648,72
tfidf_meta,random,,58,0.0012888079080559754,0.003619020411108088,72
tfidf_meta,random,,59,0.001275953129068003,0.0035736027572554735,72
tfidf_meta,random,,60,0.0012670290004463936,0.003535480876842394,72
tfidf_meta,random,,61,0.001238313152781995,0.0034349012481264224,72
tfidf_meta,random,,62,0.0012101241851022904,0.003382366982375511,72
tfidf_meta,random,,63,0.0011847778790244898,0.0033264604911070017,72
tfidf_meta,random,,64,0.0011510649770662697,0.003183858726428094,72
tfidf_meta,random,,65,0.0011161553316434776,0.003119017373576921,72
tfidf_meta,random,,66,0.0010861922223455848,0.0030165777788868082,72
tfidf_meta,random,,67,0.0010341047310454046,0.0028402910958588157,72
tfidf_meta,random,,68,0.0009874154158168694,0.002698754833816919,72
tfidf_meta,random,,69,0.0009811693609967764,0.002683796681968378,72
tfidf_meta,random,,70,0.0009706034787678287,0.0026590289288477005,72
tfidf_meta,random,,71,0.0009496676152437,0.002609415395729853,72
tfidf_meta,random,,72,0.0009063350617829004,0.002524238206067929,72
tfidf_meta,random,,73,0.0008941963404877924,0.0024879318215944276,72
tfidf_meta,random,,74,0.0008747119991664061,0.0024059004247522064,72
tfidf_meta,random,,75,0.0008515714109276591,0.002332759896688646,72
tfidf_meta,random,,76,0.0008271010762724656,0.0022905981948547847,72
tfidf_meta,random,,77,0.0007840640842149045,0.002187511015195295,72
tfidf_meta,random,,78,0.0007728604704715166,0.0021463799008381527,72
tfidf_meta,random,,79,0.000764443300671942,0.002133224828566656,72
tfidf_meta,random,,80,0.0007401870617842203,0.002069534985783263,72
tfidf_meta,random,,81,0.0007167423218748873,0.0020140826062539927,72
tfidf_meta,random,,82,0.0006962118748033968,0.001961998074791836,72
tfidf_meta,random,,83,0.000694134281113336,0.001957787841801502,72
tfidf_meta,random,,84,0.0006720291785949185,0.0018920195164984475,72
tfidf_meta,random,,85,0.0006628089075614873,0.0018729403249889791,72
tfidf_meta,random,,86,0.0006535204428698791,0.0018519402672427807,72
tfidf_meta,random,,87,0.0006252757545912601,0.0016868632552598907,72
tfidf_meta,random,,88,0.0006089902008864917,0.0016430757598428411,72
tfidf_meta,random,,89,0.0005587049827971777,0.0014356405426836534,72
tfidf_meta,random,,90,0.000520103538505654,0.0013733912219478026,72
tfidf_meta,random,,91,0.0004991303246878127,0.0013134917551429976,72
tfidf_meta,random,,92,0.000467107124630195,0.0012171413022441253,72
tfidf_meta,random,,93,0.0004576114019850085,0.0011989619778302865,72
tfidf_meta,random,,94,0.0004387000938710127,0.0010619136947748295,72
tfidf_meta,random,,95,0.00042472004338250924,0.0010375371502937087,72
tfidf_meta,random,,96,0.00040886298197389414,0.0010044406503641192,72
tfidf_meta,random,,97,0.0003922509023612251,0.00087074918785363,72
tfidf_meta,random,,98,0.00038680620264700677,0.0008601728346598032,72
tfidf_meta,random,,99,0.0003769703169733579,0.0008446087458229881,72
tfidf_meta,random,,100,0.0003414665066341497,0.000762148241701029,72
tfidf_meta,random,,101,0.0003378127513810279,0.0007560468955002673,72
tfidf_meta,random,,102,0.00033213428238758347,0.0007367963639718251,72
tfidf_meta,random,,103,0.00031751546467476355,0.0006948102655443641,72
tfidf_meta,random,,104,0.00031552937506366133,0.0006918394360311201,72
tfidf_meta,random,,105,0.0003077027278368029,0.000679128269602456,72
tfidf_meta,random,,106,0.00030013416184977254,0.0006585793469096098,72
tfidf_meta,random,,107,0.00028024325543359843,0.0006183091934749012,72
tfidf_meta,random,,108,0.0002766710519506398,0.0006052242845566587,72
tfidf_meta,random,,109,0.00027289456605852897,0.000590251710583085,72
tfidf_meta,random,,110,0.0002678817419828623,0.0005786687567228724,72
tfidf_meta,random,,111,0.00026410758739349015,0.0005694402561789725,72
tfidf_meta,random,,112,0.00026344934621392197,0.000567020589125159,72
tfidf_meta,random,,113,0.0002577730984420858,0.0005589290653612572,72
tfidf_meta,random,,114,0.000254995320664308,0.0005556456400920163,72
tfidf_meta,random,,115,0.000246194230800845,0.0005371083970259926,72
tfidf_meta,random,,116,0.00024018658768366804,0.0005236240444665938,72
tfidf_meta,random,,117,0.00022694425410901118,0.00047214353883850047,72
tfidf_meta,random,,118,0.0002156232465428735,0.0004429929359826408,72
tfidf_meta,random,,119,0.00021284546876509575,0.00043943396381380316,72
tfidf_meta,random,,120,0.00020457396277864356,0.0004225126635181375,72
tfidf_meta,random,,121,0.00020345950961763015,0.0004194220892225557,72
tfidf_meta,random,,122,0.0001984372644114311,0.00041301777811224023,72
tfidf_meta,random,,123,0.00019809004218920877,0.0004126249927929842,72
tfidf_meta,random,,124,0.00019809004218920877,0.0004126249927929842,72
tfidf_meta,random,,125,0.00018261258067907245,0.00037293975710876666,72
tfidf_meta,random,,126,0.00018248622615861304,0.00037279839437198394,72
tfidf_meta,random,,127,0.0001790546838273912,0.00036294120868838404,72
tfidf_meta,random,,128,0.00017845688026114467,0.00036046164916896036,72
tfidf_meta,random,,129,0.0001715366411363807,0.00034704183212803827,72
tfidf_meta,random,,130,0.00016630731982142832,0.00033874154644222544,72
tfidf_meta,random,,131,0.0001631823198214282,0.00033478978895413173,72
tfidf_meta,random,,132,0.00016305596530096877,0.000334648426217349,72
tfidf_meta,random,,133,0.00016305596530096877,0.000334648426217349,72
tfidf_meta,random,,134,0.00016305596530096877,0.000334648426217349,72
tfidf_meta,random,,135,0.00015928181071159678,0.0003254199256734492,72
tfidf_meta,random,,136,0.00015606679013546507,0.00032165803810874473,72
tfidf_meta,random,,137,0.000155479752607481,0.00032067286683452656,72
tfidf_meta,random,,138,0.0001540507434047957,0.0003154797460716773,72
tfidf_meta,random,,139,0.00014979047770431264,0.00030573451833021056,72
tfidf_meta,random,,140,0.00014524517789246867,0.00028985935280715746,72
tfidf_meta,random,,141,0.000140881946439274,0.00027628951017748526,72
tfidf_meta,random,,142,0.00013810416866149612,0.0002708106585447873,72
tfidf_meta,random,,143,0.000136295719587422,0.00026368815142228,72
tfidf_meta,random,,144,0.00013594849736519964,0.00026329536610302396,72
tfidf_meta,random,,145,0.00013594849736519964,0.00026329536610302396,72
tfidf_meta,random,,146,0.0001344006594305235,0.00025978929320477607,72
tfidf_meta,random,,147,0.00013427430491006408,0.00025964793046799335,72
tfidf_meta,random,,148,0.00013050015032069207,0.00025041942992409355,72
tfidf_meta,random,,149,0.00013050015032069207,0.00025041942992409355,72
tfidf_meta,random,,150,0.00013015292809846974,0.00025002664460483753,72
tfidf_meta,random,,151,0.00013015292809846974,0.00025002664460483753,72
tfidf_meta,random,,152,0.00013015292809846974,0.00025002664460483753,72
tfidf_meta,random,,153,0.0001296814790526826,0.00024768844782219613,72
tfidf_meta,random,,154,0.00012931326884884137,0.0002470562730297444,72
tfidf_meta,random,,155,0.00012374295542043966,0.00023727553489724564,72
tfidf_meta,random,,156,0.00012168179730544671,0.00022987030230117294,72
tfidf_meta,random,,157,0.00012168179730544671,0.00022987030230117294,72
tfidf_meta,random,,158,0.00012168179730544671,0.00022987030230117294,72
tfidf_meta,random,,159,0.00011877766500720956,0.0002242500879316926,72
tfidf_meta,random,,160,0.00011781165123712179,0.0002211383536198168,72
tfidf_meta,random,,161,0.00011395362654576369,0.00021662408854217138,72
tfidf_meta,random,,162,0.00011395362654576369,0.00021662408854217138,72
tfidf_meta,random,,163,0.0001135854163419225,0.00021599191374971962,72
tfidf_meta,random,,164,0.00011104780060118173,0.00020809431583086187,72
tfidf_meta,random,,165,0.00010851018486044094,0.00020019671791200416,72
tfidf_meta,random,,166,0.00010484493245897523,0.00018981390823341962,72
tfidf_meta,random,,167,0.00010484493245897523,0.00018981390823341962,72
tfidf_meta,random,,168,0.00010484493245897523,0.00018981390823341962,72
tfidf_meta,random,,169,0.00010484493245897523,0.00018981390823341962,72
tfidf_meta,random,,170,0.00010484480385815219,0.000189813757757917,72
tfidf_meta,random,,171,0.00010484480385815219,0.000189813757757917,72
tfidf_meta,random,,172,0.00010420179974292581,0.00018906138024497605,72
tfidf_meta,random,,173,0.00010420179974292581,0.00018906138024497605,72
tfidf_meta,random,,174,0.0001021184664095924,0.00018495224152045256,72
tfidf_meta,random,,175,0.0001021184664095924,0.00018495224152045256,72
tfidf_meta,random,,176,0.00010031001733551827,0.00017782973439794524,72
tfidf_meta,random,,177,9.358457912993292e-05,0.00016556966974749584,72
tfidf_meta,random,,178,9.358457912993292e-05,0.00016556966974749584,72
tfidf_meta,random,,179,9.177613005585879e-05,0.00015844716262498852,72
tfidf_meta,random,,180,8.718237943692431e-05,0.00014643403213263247,72
tfidf_meta,random,,181,8.718237943692431e-05,0.00014643403213263247,72
tfidf_meta,random,,182,8.718237943692431e-05,0.00014643403213263247,72
tfidf_meta,random,,183,8.718237943692431e-05,0.00014643403213263247,72
tfidf_meta,random,,184,8.537393036285019e-05,0.00013931152501012514,72
tfidf_meta,random,,185,8.47309262476238e-05,0.00013855914749718418,72
tfidf_meta,random,,186,8.47309262476238e-05,0.00013855914749718418,72
tfidf_meta,random,,187,8.47309262476238e-05,0.00013855914749718418,72
tfidf_meta,random,,188,8.47309262476238e-05,0.00013855914749718418,72
tfidf_meta,random,,189,8.47309262476238e-05,0.00013855914749718418,72
tfidf_meta,random,,190,8.47309262476238e-05,0.00013855914749718418,72
tfidf_meta,random,,191,8.47309262476238e-05,0.00013855914749718418,72
tfidf_meta,random,,192,8.47309262476238e-05,0.00013855914749718418,72
tfidf_meta,random,,193,8.47309262476238e-05,0.00013855914749718418,72
tfidf_meta,random,,194,8.47309262476238e-05,0.00013855914749718418,72
tfidf_meta,random,,195,8.47309262476238e-05,0.00013855914749718418,72
tfidf_meta,random,,196,8.47309262476238e-05,0.00013855914749718418,72
tfidf_meta,random,,197,8.47309262476238e-05,0.00013855914749718418,72
tfidf_meta,random,,198,8.47309262476238e-05,0.00013855914749718418,72
tfidf_meta,random,,199,8.47309262476238e-05,0.00013855914749718418,72
tfidf_meta,random,,200,8.47309262476238e-05,0.00013855914749718418,72
tfidf_meta,random,,201,7.972070772530368e-05,0.00012977621631453943,72
tfidf_meta,random,,202,7.485216940088292e-05,0.00012077662375590012,72
tfidf_meta,random,,203,7.299536607349136e-05,0.0001175163211998229,72
tfidf_meta,random,,204,7.299536607349136e-05,0.0001175163211998229,72
tfidf_meta,random,,205,7.299536607349136e-05,0.0001175163211998229,72
tfidf_meta,random,,206,7.299536607349136e-05,0.0001175163211998229,72
tfidf_meta,random,,207,7.299536607349136e-05,0.0001175163211998229,72
tfidf_meta,random,,208,7.299536607349136e-05,0.0001175163211998229,72
tfidf_meta,random,,209,7.299536607349136e-05,0.0001175163211998229,72
tfidf_meta,random,,210,7.113856274609978e-05,0.00011425601864374567,72
tfidf_meta,random,,211,7.113856274609978e-05,0.00011425601864374567,72
tfidf_meta,random,,212,7.113856274609978e-05,0.00011425601864374567,72
tfidf_meta,random,,213,7.113856274609978e-05,0.00011425601864374567,72
tfidf_meta,random,,214,6.72805380547417e-05,0.00010974175356610025,72
tfidf_meta,random,,215,6.406551747861e-05,0.00010597986600139577,72
tfidf_meta,random,,216,6.406551747861e-05,0.00010597986600139577,72
tfidf_meta,random,,217,6.406551747861e-05,0.00010597986600139577,72
tfidf_meta,random,,218,6.406551747861e-05,0.00010597986600139577,72
tfidf_meta,random,,219,6.406551747861e-05,0.00010597986600139577,72
tfidf_meta,random,,220,6.0351910823826936e-05,9.945926088924147e-05,72
tfidf_meta,random,,221,6.0351910823826936e-05,9.945926088924147e-05,72
tfidf_meta,random,,222,6.0351910823826936e-05,9.945926088924147e-05,72
tfidf_meta,random,,223,6.0351910823826936e-05,9.945926088924147e-05,72
tfidf_meta,random,,224,5.5709902505348014e-05,9.130850449904843e-05,72
tfidf_meta,random,,225,5.5709902505348014e-05,9.130850449904843e-05,72
tfidf_meta,random,,226,5.5709902505348014e-05,9.130850449904843e-05,72
tfidf_meta,random,,227,5.2924697514260655e-05,8.64180506649326e-05,72
tfidf_meta,random,,228,5.2924697514260655e-05,8.64180506649326e-05,72
tfidf_meta,random,,229,5.084136418092724e-05,8.23089119404091e-05,72
tfidf_meta,random,,230,5.084136418092724e-05,8.23089119404091e-05,72
tfidf_meta,random,,231,5.047315397708605e-05,8.167673714795738e-05,72
tfidf_meta,random,,232,5.047315397708605e-05,8.167673714795738e-05,72
tfidf_meta,random,,233,5.047315397708605e-05,8.167673714795738e-05,72
tfidf_meta,random,,234,5.047315397708605e-05,8.167673714795738e-05,72
tfidf_meta,random,,235,4.802161043991145e-05,7.693542363098215e-05,72
tfidf_meta,random,,236,4.802161043991145e-05,7.693542363098215e-05,72
tfidf_meta,random,,237,4.802161043991145e-05,7.693542363098215e-05,72
tfidf_meta,random,,238,4.802161043991145e-05,7.693542363098215e-05,72
tfidf_meta,random,,239,4.802161043991145e-05,7.693542363098215e-05,72
tfidf_meta,random,,240,4.802161043991145e-05,7.693542363098215e-05,72
tfidf_meta,random,,241,4.802161043991145e-05,7.693542363098215e-05,72
tfidf_meta,random,,242,4.802161043991145e-05,7.693542363098215e-05,72
tfidf_meta,random,,243,4.802161043991145e-05,7.693542363098215e-05,72
tfidf_meta,random,,244,4.802161043991145e-05,7.693542363098215e-05,72
tfidf_meta,random,,245,4.802161043991145e-05,7.693542363098215e-05,72
tfidf_meta,random,,246,4.616480711251987e-05,7.367512107490495e-05,72
tfidf_meta,random,,247,4.430800378512831e-05,7.041481851882772e-05,72
tfidf_meta,random,,248,4.430800378512831e-05,7.041481851882772e-05,72
tfidf_meta,random,,249,4.430800378512831e-05,7.041481851882772e-05,72
tfidf_meta,random,,250,4.430800378512831e-05,7.041481851882772e-05,72
tfidf_meta,random,,251,4.222467045179489e-05,6.630567979430422e-05,72
tfidf_meta,random,,252,4.222467045179489e-05,6.630567979430422e-05,72
tfidf_meta,random,,253,4.222467045179489e-05,6.630567979430422e-05,72
tfidf_meta,random,,254,4.222467045179489e-05,6.630567979430422e-05,72
tfidf_meta,random,,255,3.6654260469620256e-05,5.652477212607271e-05,72
tfidf_meta,random,,256,3.479745714222869e-05,5.3264469569995494e-05,72
tfidf_meta,random,,257,3.479745714222869e-05,5.3264469569995494e-05,72
tfidf_meta,random,,258,3.479745714222869e-05,5.3264469569995494e-05,72
tfidf_meta,random,,259,3.479745714222869e-05,5.3264469569995494e-05,72
tfidf_meta,random,,260,3.479745714222869e-05,5.3264469569995494e-05,72
tfidf_meta,random,,261,3.479745714222869e-05,5.3264469569995494e-05,72
tfidf_meta,random,,262,3.479745714222869e-05,5.3264469569995494e-05,72
tfidf_meta,random,,263,3.271412380889528e-05,4.9155330845471997e-05,72
tfidf_meta,random,,264,3.271412380889528e-05,4.9155330845471997e-05,72
tfidf_meta,random,,265,3.271412380889528e-05,4.9155330845471997e-05,72
tfidf_meta,random,,266,3.271412380889528e-05,4.9155330845471997e-05,72
tfidf_meta,random,,267,3.271412380889528e-05,4.9155330845471997e-05,72
tfidf_meta,random,,268,3.271412380889528e-05,4.9155330845471997e-05,72
tfidf_meta,random,,269,3.271412380889528e-05,4.9155330845471997e-05,72
tfidf_meta,random,,270,3.271412380889528e-05,4.9155330845471997e-05,72
tfidf_meta,random,,271,3.271412380889528e-05,4.9155330845471997e-05,72
tfidf_meta,random,,272,3.271412380889528e-05,4.9155330845471997e-05,72
tfidf_meta,random,,273,3.271412380889528e-05,4.9155330845471997e-05,72
tfidf_meta,random,,274,3.271412380889528e-05,4.9155330845471997e-05,72
tfidf_meta,random,,275,3.271412380889528e-05,4.9155330845471997e-05,72
tfidf_meta,random,,276,3.271412380889528e-05,4.9155330845471997e-05,72
tfidf_meta,random,,277,3.271412380889528e-05,4.9155330845471997e-05,72
tfidf_meta,random,,278,3.271412380889528e-05,4.9155330845471997e-05,72
tfidf_meta,random,,279,2.9499103232763575e-05,4.539344328076752e-05,72
tfidf_meta,random,,280,2.9499103232763575e-05,4.539344328076752e-05,72
tfidf_meta,random,,281,2.9499103232763575e-05,4.539344328076752e-05,72
tfidf_meta,random,,282,2.9499103232763575e-05,4.539344328076752e-05,72
tfidf_meta,random,,283,2.9499103232763575e-05,4.539344328076752e-05,72
tfidf_meta,random,,284,2.9499103232763575e-05,4.539344328076752e-05,72
tfidf_meta,random,,285,2.9499103232763575e-05,4.539344328076752e-05,72
tfidf_meta,random,,286,2.9499103232763575e-05,4.539344328076752e-05,72
tfidf_meta,random,,287,2.9499103232763575e-05,4.539344328076752e-05,72
tfidf_meta,random,,288,2.564107854140549e-05,4.0879178203122085e-05,72
tfidf_meta,random,,289,2.2855873550318135e-05,3.598872436900626e-05,72
tfidf_meta,random,,290,2.2855873550318135e-05,3.598872436900626e-05,72
tfidf_meta,random,,291,2.2855873550318135e-05,3.598872436900626e-05,72
tfidf_meta,random,,292,2.2855873550318135e-05,3.598872436900626e-05,72
tfidf_meta,random,,293,2.2855873550318135e-05,3.598872436900626e-05,72
tfidf_meta,random,,294,2.2855873550318135e-05,3.598872436900626e-05,72
tfidf_meta,random,,295,2.007066855923078e-05,3.1098270534890435e-05,72
tfidf_meta,random,,296,1.435584054048112e-05,2.3323702901167786e-05,72
tfidf_meta,random,,297,1.435584054048112e-05,2.3323702901167786e-05,72
tfidf_meta,random,,298,1.435584054048112e-05,2.3323702901167786e-05,72
tfidf_meta,random,,299,1.435584054048112e-05,2.3323702901167786e-05,72
tfidf_meta,random,,300,1.114081996434942e-05,1.95618153364633e-05,72
tfidf_meta,random,,301,1.114081996434942e-05,1.95618153364633e-05,72
tfidf_meta,random,,302,1.114081996434942e-05,1.95618153364633e-05,72
tfidf_meta,random,,303,1.114081996434942e-05,1.95618153364633e-05,72
tfidf_meta,random,,304,9.284016636957851e-06,1.6301512780386083e-05,72
tfidf_meta,random,,305,9.284016636957851e-06,1.6301512780386083e-05,72
tfidf_meta,random,,306,9.284016636957851e-06,1.6301512780386083e-05,72
tfidf_meta,random,,307,9.284016636957851e-06,1.6301512780386083e-05,72
tfidf_meta,random,,308,9.284016636957851e-06,1.6301512780386083e-05,72
tfidf_meta,random,,309,9.284016636957851e-06,1.6301512780386083e-05,72
tfidf_meta,random,,310,9.284016636957851e-06,1.6301512780386083e-05,72
tfidf_meta,random,,311,9.284016636957851e-06,1.6301512780386083e-05,72
tfidf_meta,random,,312,9.284016636957851e-06,1.6301512780386083e-05,72
tfidf_meta,random,,313,7.427213309566281e-06,1.3041210224308867e-05,72
tfidf_meta,random,,314,7.427213309566281e-06,1.3041210224308867e-05,72
tfidf_meta,random,,315,7.427213309566281e-06,1.3041210224308867e-05,72
tfidf_meta,random,,316,7.427213309566281e-06,1.3041210224308867e-05,72
tfidf_meta,random,,317,7.427213309566281e-06,1.3041210224308867e-05,72
tfidf_meta,random,,318,7.427213309566281e-06,1.3041210224308867e-05,72
tfidf_meta,random,,319,7.427213309566281e-06,1.3041210224308867e-05,72
tfidf_meta,random,,320,7.427213309566281e-06,1.3041210224308867e-05,72
tfidf_meta,random,,321,7.427213309566281e-06,1.3041210224308867e-05,72
tfidf_meta,random,,322,7.427213309566281e-06,1.3041210224308867e-05,72
tfidf_meta,random,,323,7.427213309566281e-06,1.3041210224308867e-05,72
tfidf_meta,random,,324,7.427213309566281e-06,1.3041210224308867e-05,72
tfidf_meta,random,,325,7.427213309566281e-06,1.3041210224308867e-05,72
tfidf_meta,random,,326,7.427213309566281e-06,1.3041210224308867e-05,72
tfidf_meta,random,,327,7.427213309566281e-06,1.3041210224308867e-05,72
tfidf_meta,random,,328,7.427213309566281e-06,1.3041210224308867e-05,72
tfidf_meta,random,,329,7.427213309566281e-06,1.3041210224308867e-05,72
tfidf_meta,random,,330,7.427213309566281e-06,1.3041210224308867e-05,72
tfidf_meta,random,,331,5.57040998217471e-06,9.78090766823165e-06,72
tfidf_meta,random,,332,5.57040998217471e-06,9.78090766823165e-06,72
tfidf_meta,random,,333,5.57040998217471e-06,9.78090766823165e-06,72
tfidf_meta,random,,334,5.57040998217471e-06,9.78090766823165e-06,72
tfidf_meta,random,,335,5.57040998217471e-06,9.78090766823165e-06,72
tfidf_meta,random,,336,5.57040998217471e-06,9.78090766823165e-06,72
tfidf_meta,random,,337,5.57040998217471e-06,9.78090766823165e-06,72
tfidf_meta,random,,338,5.57040998217471e-06,9.78090766823165e-06,72
tfidf_meta,random,,339,5.57040998217471e-06,9.78090766823165e-06,72
tfidf_meta,random,,340,5.57040998217471e-06,9.78090766823165e-06,72
tfidf_meta,random,,341,5.57040998217471e-06,9.78090766823165e-06,72
tfidf_meta,random,,342,5.57040998217471e-06,9.78090766823165e-06,72
tfidf_meta,random,,343,5.57040998217471e-06,9.78090766823165e-06,72
tfidf_meta,random,,344,5.57040998217471e-06,9.78090766823165e-06,72
tfidf_meta,random,,345,5.57040998217471e-06,9.78090766823165e-06,72
tfidf_meta,random,,346,5.57040998217471e-06,9.78090766823165e-06,72
tfidf_meta,random,,347,5.57040998217471e-06,9.78090766823165e-06,72
tfidf_meta,random,,348,5.57040998217471e-06,9.78090766823165e-06,72
tfidf_meta,random,,349,5.57040998217471e-06,9.78090766823165e-06,72
tfidf_meta,random,,350,5.57040998217471e-06,9.78090766823165e-06,72
tfidf_meta,random,,351,5.57040998217471e-06,9.78090766823165e-06,72
tfidf_meta,random,,352,5.57040998217471e-06,9.78090766823165e-06,72
tfidf_meta,random,,353,5.57040998217471e-06,9.78090766823165e-06,72
tfidf_meta,random,,354,5.57040998217471e-06,9.78090766823165e-06,72
tfidf_meta,random,,355,5.57040998217471e-06,9.78090766823165e-06,72
tfidf_meta,random,,356,5.57040998217471e-06,9.78090766823165e-06,72
tfidf_meta,random,,357,5.57040998217471e-06,9.78090766823165e-06,72
tfidf_meta,random,,358,5.57040998217471e-06,9.78090766823165e-06,72
tfidf_meta,random,,359,5.57040998217471e-06,9.78090766823165e-06,72
tfidf_meta,random,,360,5.57040998217471e-06,9.78090766823165e-06,72
tfidf_meta,random,,361,3.7136066547831405e-06,6.520605112154433e-06,72
tfidf_meta,random,,362,3.7136066547831405e-06,6.520605112154433e-06,72
tfidf_meta,random,,363,3.7136066547831405e-06,6.520605112154433e-06,72
tfidf_meta,random,,364,3.7136066547831405e-06,6.520605112154433e-06,72
tfidf_meta,random,,365,3.7136066547831405e-06,6.520605112154433e-06,72
tfidf_meta,random,,366,3.7136066547831405e-06,6.520605112154433e-06,72
tfidf_meta,random,,367,3.7136066547831405e-06,6.520605112154433e-06,72
tfidf_meta,random,,368,3.7136066547831405e-06,6.520605112154433e-06,72
tfidf_meta,random,,369,3.7136066547831405e-06,6.520605112154433e-06,72
tfidf_meta,random,,370,3.7136066547831405e-06,6.520605112154433e-06,72
tfidf_meta,random,,371,3.7136066547831405e-06,6.520605112154433e-06,72
tfidf_meta,random,,372,3.7136066547831405e-06,6.520605112154433e-06,72
tfidf_meta,random,,373,3.7136066547831405e-06,6.520605112154433e-06,72
tfidf_meta,random,,374,3.7136066547831405e-06,6.520605112154433e-06,72
tfidf_meta,random,,375,3.7136066547831405e-06,6.520605112154433e-06,72
tfidf_meta,random,,376,3.7136066547831405e-06,6.520605112154433e-06,72
tfidf_meta,random,,377,3.7136066547831405e-06,6.520605112154433e-06,72
tfidf_meta,random,,378,3.7136066547831405e-06,6.520605112154433e-06,72
tfidf_meta,random,,379,3.7136066547831405e-06,6.520605112154433e-06,72
tfidf_meta,random,,380,3.7136066547831405e-06,6.520605112154433e-06,72
tfidf_meta,random,,381,3.7136066547831405e-06,6.520605112154433e-06,72
tfidf_meta,random,,382,3.7136066547831405e-06,6.520605112154433e-06,72
tfidf_meta,random,,383,3.7136066547831405e-06,6.520605112154433e-06,72
tfidf_meta,random,,384,3.7136066547831405e-06,6.520605112154433e-06,72
tfidf_meta,random,,385,3.7136066547831405e-06,6.520605112154433e-06,72
tfidf_meta,random,,386,3.7136066547831405e-06,6.520605112154433e-06,72
tfidf_meta,random,,387,3.7136066547831405e-06,6.520605112154433e-06,72
tfidf_meta,random,,388,3.7136066547831405e-06,6.520605112154433e-06,72
tfidf_meta,random,,389,3.7136066547831405e-06,6.520605112154433e-06,72
tfidf_meta,random,,390,3.7136066547831405e-06,6.520605112154433e-06,72
tfidf_meta,random,,391,3.7136066547831405e-06,6.520605112154433e-06,72
tfidf_meta,random,,392,3.7136066547831405e-06,6.520605112154433e-06,72
tfidf_meta,random,,393,3.7136066547831405e-06,6.520605112154433e-06,72
tfidf_meta,random,,394,3.7136066547831405e-06,6.520605112154433e-06,72
tfidf_meta,random,,395,3.7136066547831405e-06,6.520605112154433e-06,72
tfidf_meta,random,,396,3.7136066547831405e-06,6.520605112154433e-06,72
tfidf_meta,random,,397,3.7136066547831405e-06,6.520605112154433e-06,72
tfidf_meta,random,,398,3.7136066547831405e-06,6.520605112154433e-06,72
tfidf_meta,random,,399,3.7136066547831405e-06,6.520605112154433e-06,72
tfidf_meta,random,,400,3.7136066547831405e-06,6.520605112154433e-06,72
tfidf_meta,random,,401,3.7136066547831405e-06,6.520605112154433e-06,72
tfidf_meta,random,,402,3.7136066547831405e-06,6.520605112154433e-06,72
tfidf_meta,random,,403,3.7136066547831405e-06,6.520605112154433e-06,72
tfidf_meta,random,,404,3.7136066547831405e-06,6.520605112154433e-06,72
tfidf_meta,random,,405,3.7136066547831405e-06,6.520605112154433e-06,72
tfidf_meta,random,,406,3.7136066547831405e-06,6.520605112154433e-06,72
tfidf_meta,random,,407,3.7136066547831405e-06,6.520605112154433e-06,72
tfidf_meta,random,,408,3.7136066547831405e-06,6.520605112154433e-06,72
tfidf_meta,random,,409,3.7136066547831405e-06,6.520605112154433e-06,72
tfidf_meta,random,,410,3.7136066547831405e-06,6.520605112154433e-06,72
tfidf_meta,random,,411,1.8568033273915703e-06,3.2603025560772167e-06,72
tfidf_meta,random,,412,1.8568033273915703e-06,3.2603025560772167e-06,72
tfidf_meta,random,,413,1.8568033273915703e-06,3.2603025560772167e-06,72
tfidf_meta,random,,414,1.8568033273915703e-06,3.2603025560772167e-06,72
tfidf_meta,random,,415,1.8568033273915703e-06,3.2603025560772167e-06,72
tfidf_meta,random,,416,0.0,0.0,72
tfidf_meta,random,,417,0.0,0.0,72
tfidf_meta,random,,418,0.0,0.0,72
tfidf_meta,random,,419,0.0,0.0,72
tfidf_meta,random,,420,0.0,0.0,72
tfidf_meta,random,,421,0.0,0.0,72
tfidf_meta,random,,422,0.0,0.0,72
tfidf_meta,random,,423,0.0,0.0,72
tfidf_meta,random,,424,0.0,0.0,72
tfidf_meta,random,,425,0.0,0.0,72
tfidf_meta,random,,426,0.0,0.0,72
tfidf_meta,random,,427,0.0,0.0,72
tfidf_meta,random,,428,0.0,0.0,72
tfidf_meta,random,,429,0.0,0.0,72
tfidf_meta,random,,430,0.0,0.0,72
tfidf_meta,random,,431,0.0,0.0,72
tfidf_meta,random,,432,0.0,0.0,72
tfidf_meta,random,,433,0.0,0.0,72
tfidf_meta,random,,434,0.0,0.0,72
tfidf_meta,random,,435,0.0,0.0,72
tfidf_meta,random,,436,0.0,0.0,72
tfidf_meta,random,,437,0.0,0.0,72
tfidf_meta,random,,438,0.0,0.0,72
tfidf_meta,random,,439,0.0,0.0,72
tfidf_meta,random,,440,0.0,0.0,72
tfidf_meta,random,,441,0.0,0.0,72
tfidf_meta,random,,442,0.0,0.0,72
tfidf_meta,random,,443,0.0,0.0,72
tfidf_meta,random,,444,0.0,0.0,72
tfidf_meta,random,,445,0.0,0.0,72
tfidf_meta,random,,446,0.0,0.0,72
tfidf_meta,random,,447,0.0,0.0,72
tfidf_meta,random,,448,0.0,0.0,72
tfidf_meta,random,,449,0.0,0.0,72
tfidf_meta,random,,450,0.0,0.0,72
tfidf_meta,random,,451,0.0,0.0,72
tfidf_meta,random,,452,0.0,0.0,72
